"id","anonymity","cues","MOD","base_resp","comp","feltresp","concern","courage","MOD_group","state_disinhibition","self_disclosure"
1,0,0,3.17288283006465,0.736382034180091,0,0.736382034180091,0,1,"high MOD",0.492325963339149,"low"
2,0,0,2.56825540570299,0.730804035922337,0,0.730804035922337,0,1,"low MOD",0.401022666747433,"low"
3,0,0,3.70509698356558,0.930814942145347,0,0.930814942145347,0,1,"high MOD",0.514379553734598,"low"
4,0,0,3.47402360542067,0.91512377878548,0,0.91512377878548,0,1,"high MOD",0.48365785351534,"low"
5,0,0,4.2474801452661,0.455718514405782,0,0.455718514405782,0,1,"high MOD",0.744006633300698,"high"
6,0,0,3.54752355377603,0.691425784266175,0,0.691425784266175,0,1,"high MOD",0.56379569003749,"low"
7,0,0,2.82999468361514,0.924009478988812,0,0.924009478988812,0,1,"low MOD",0.381842419328849,"no"
8,0,0,3.01254228186373,0.181983750161332,0,0.181983750161332,0,1,"high MOD",0.63824227408324,"high"
9,0,0,3.3052730323261,0.883339195500713,0,0.883339195500713,0,1,"high MOD",0.467476098665334,"low"
10,0,0,2.96398633128818,0.451160083806852,0,0.451160083806852,0,1,"low MOD",0.547948640565303,"low"
11,0,0,3.02740861672155,0.89904011340122,0,0.89904011340122,0,1,"high MOD",0.41989667537217,"low"
12,0,0,3.13483448644859,0.847025350434857,0,0.847025350434857,0,1,"high MOD",0.452428274704442,"low"
13,0,0,3.9138166881457,0.933695553343279,0,0.933695553343279,0,1,"high MOD",0.545603935609099,"low"
14,0,0,2.96473082471832,0.73964498500669,0,0.73964498500669,0,1,"low MOD",0.459298593031529,"low"
15,0,0,2.91992365970835,0.896969399419323,0,0.896969399419323,0,1,"low MOD",0.403997670903031,"low"
16,0,0,2.77398613953227,0.824852306569249,0,0.824852306569249,0,1,"low MOD",0.403735619445196,"low"
17,0,0,4.18372623786165,0.901782863260261,0,0.901782863260261,0,1,"high MOD",0.596947770975558,"low"
18,0,0,3.13175843023193,0.429706325086753,0,0.429706325086753,0,1,"high MOD",0.580360889239758,"low"
19,0,0,4.01901143858186,0.982648686460933,0,0.982648686460933,0,1,"high MOD",0.546725240870769,"low"
20,0,0,3.47158870096126,0.818739727143699,0,0.818739727143699,0,1,"high MOD",0.512939884103671,"low"
21,0,0,2.77438500230149,0.879121975159924,0,0.879121975159924,0,1,"low MOD",0.387098623381791,"no"
22,0,0,3.98118108744799,0.889591791040029,0,0.889591791040029,0,1,"high MOD",0.569538077748912,"low"
23,0,0,3.71955867065443,0.550108380773691,0,0.550108380773691,0,1,"high MOD",0.633744909093391,"high"
24,0,0,2.26639612258944,0.793243832492714,0,0.793243832492714,0,1,"low MOD",0.335370531939079,"no"
25,0,0,3.96961995251513,0.631847043674085,0,0.631847043674085,0,1,"high MOD",0.647065517717994,"high"
26,0,0,3.12242477574273,0.610206369095457,0,0.610206369095457,0,1,"high MOD",0.523386467315664,"low"
27,0,0,3.82853105829749,0.381496260491118,0,0.381496260491118,0,1,"high MOD",0.702390544202346,"high"
28,0,0,2.40154103247916,0.935854141432657,0,0.935854141432657,0,1,"low MOD",0.312281961479054,"no"
29,0,0,1.85669444500274,0.718336675105702,0,0.718336675105702,0,1,"low MOD",0.295387860737128,"no"
30,0,0,3.68182700079556,0.537807549763078,0,0.537807549763078,0,1,"high MOD",0.631724907887601,"high"
31,0,0,2.67767021222283,0.648736216584104,0,0.648736216584104,0,1,"low MOD",0.443107350623789,"low"
32,0,0,2.81862911423457,0.982877161127887,0,0.982877161127887,0,1,"low MOD",0.361980737227508,"no"
33,0,0,3.73828378145479,0.668400664944642,0,0.668400664944642,0,1,"high MOD",0.600228069471616,"high"
34,0,0,2.62894293212013,0.588502456503548,0,0.588502456503548,0,1,"low MOD",0.454144310632774,"low"
35,0,0,2.49319031309513,0.944930666078472,0,0.944930666078472,0,1,"low MOD",0.323589073990489,"no"
36,0,0,4.04514687699112,0.630582726906611,0,0.630582726906611,0,1,"high MOD",0.659074065104292,"high"
37,0,0,3.1448077967101,0.852817578232622,0,0.852817578232622,0,1,"high MOD",0.452180406191516,"low"
38,0,0,4.00800576726923,0.742753323279064,0,0.742753323279064,0,1,"high MOD",0.618846018570939,"high"
39,0,0,2.34938845130689,0.741623634765511,0,0.741623634765511,0,1,"low MOD",0.36402172027321,"no"
40,0,0,2.31738556984388,0.885656793335585,0,0.885656793335585,0,1,"low MOD",0.314780305103494,"no"
41,0,0,3.07886003758531,0.83095499537057,0,0.83095499537057,0,1,"high MOD",0.448761545668334,"low"
42,0,0,2.7006115318226,0.638294237942363,0,0.638294237942363,0,1,"low MOD",0.44984970091352,"low"
43,0,0,3.5747115800997,0.442839711854617,0,0.442839711854617,0,1,"high MOD",0.644466485598532,"high"
44,0,0,2.47255693137837,0.909049650197276,0,0.909049650197276,0,1,"low MOD",0.331455020151357,"no"
45,0,0,2.50408257222964,0.767262242080545,0,0.767262242080545,0,1,"low MOD",0.379932013549007,"no"
46,0,0,2.93646554942057,0.828240349305936,0,0.828240349305936,0,1,"low MOD",0.427689977047492,"low"
47,0,0,3.34703417083493,0.842087727966925,0,0.842087727966925,0,1,"high MOD",0.48659364844632,"low"
48,0,0,2.52536202831828,0.673187607643337,0,0.673187607643337,0,1,"low MOD",0.412151817389478,"low"
49,0,0,2.56033265303272,0.417796249098137,0,0.417796249098137,0,1,"low MOD",0.496113869974838,"low"
50,0,0,3.55278130349277,0.874791348004713,0,0.874791348004713,0,1,"high MOD",0.508184401151284,"low"
51,0,0,2.87582101869409,0.806447052757213,0,0.806447052757213,0,1,"low MOD",0.425065678950717,"low"
52,0,0,4.04888769244012,0.670100667445649,0,0.670100667445649,0,1,"high MOD",0.647490208853666,"high"
53,0,0,2.15886914465325,0.501497324734184,0,0.501497324734184,0,1,"low MOD",0.40859607618229,"low"
54,0,0,3.83804073611637,0.87492875935735,0,0.87492875935735,0,1,"high MOD",0.552028187292564,"low"
55,0,0,1.97728248777074,0.570040267452195,0,0.570040267452195,0,1,"low MOD",0.359569531210207,"no"
56,0,0,4.50535822579275,0.70750226688363,0,0.70750226688363,0,1,"high MOD",0.706208260311614,"high"
57,0,0,3.10481476386123,0.896258596617639,0,0.896258596617639,0,1,"high MOD",0.432661164711685,"low"
58,0,0,2.81521599745245,0.895860976837802,0,0.895860976837802,0,1,"low MOD",0.388229852888745,"no"
59,0,0,2.68336294805385,0.647150289137937,0,0.647150289137937,0,1,"low MOD",0.444471133811997,"low"
60,0,0,3.70377088394452,0.594226415981488,0,0.594226415981488,0,1,"high MOD",0.617741238766391,"high"
61,0,0,3.41882454390333,0.93972634413472,0,0.93972634413472,0,1,"high MOD",0.467595670097522,"low"
62,0,0,2.86337430517593,0.853996779738237,0,0.853996779738237,0,1,"low MOD",0.408520114722994,"low"
63,0,0,3.12658158138217,0.39207668584417,0,0.39207668584417,0,1,"high MOD",0.591142801491359,"low"
64,0,0,2.61326549673549,0.67208533148655,0,0.67208533148655,0,1,"low MOD",0.426014589809599,"low"
65,0,0,2.24261296588837,0.920229650839644,0,0.920229650839644,0,1,"low MOD",0.292639025262935,"no"
66,0,0,3.14399609912427,0.964781705492868,0,0.964781705492868,0,1,"high MOD",0.417605028944389,"low"
67,0,0,3.57300960231084,0.818364531971703,0,0.818364531971703,0,1,"high MOD",0.52865854436422,"low"
68,0,0,2.70547323540998,0.793781504513652,0,0.793781504513652,0,1,"low MOD",0.402755419443488,"low"
69,0,0,3.18944545098016,0.947904584300618,0,0.947904584300618,0,1,"high MOD",0.429790197289065,"low"
70,0,0,2.47084214888768,0.352429112364502,0,0.352429112364502,0,1,"low MOD",0.502459065255182,"low"
71,0,0,2.36824659948372,0.856202128108559,0,0.856202128108559,0,1,"low MOD",0.331668052810246,"no"
72,0,0,2.95875263706258,0.66611872396967,0,0.66611872396967,0,1,"low MOD",0.481002336788191,"low"
73,0,0,2.82919355934741,0.855335774808308,0,0.855335774808308,0,1,"low MOD",0.402849539958584,"low"
74,0,0,2.54275055286823,0.827917941701057,0,0.827917941701057,0,1,"low MOD",0.367217641456326,"no"
75,0,0,1.86468042833453,0.985644084892888,0,0.985644084892888,0,1,"low MOD",0.214368039776731,"no"
76,0,0,2.18608099951403,0.8076430290406,0,0.8076430290406,0,1,"low MOD",0.318583837143512,"no"
77,0,0,1.98178673737533,0.950184852163802,0,0.950184852163802,0,1,"low MOD",0.243294928161189,"no"
78,0,0,2.33595353763123,0.857049507657954,0,0.857049507657954,0,1,"low MOD",0.32643915727928,"no"
79,0,0,2.11194867524956,0.826298153181916,0,0.826298153181916,0,1,"low MOD",0.30143882598242,"no"
80,0,0,3.29389678114434,0.668522179882706,0,0.668522179882706,0,1,"high MOD",0.531823449442912,"low"
81,0,0,2.83903477736277,0.903393435035404,0,0.903393435035404,0,1,"low MOD",0.38957660112184,"no"
82,0,0,2.00284689560337,0.803328652089737,0,0.803328652089737,0,1,"low MOD",0.291721475603677,"no"
83,0,0,2.36730623727929,0.939281756497163,0,0.939281756497163,0,1,"low MOD",0.305960419120764,"no"
84,0,0,3.12690496550772,0.347944406333428,0,0.347944406333428,0,1,"high MOD",0.604771715821671,"high"
85,0,0,3.48887484607085,0.857476863331009,0,0.857476863331009,0,1,"high MOD",0.503680172216744,"low"
86,0,0,3.54648021007775,0.7552457240073,0,0.7552457240073,0,1,"high MOD",0.543998271086638,"low"
87,0,0,2.96245934174586,0.772442440056029,0,0.772442440056029,0,1,"low MOD",0.448857609482124,"low"
88,0,0,4.63647185019448,0.894301596889834,0,0.894301596889834,0,1,"high MOD",0.668902870217662,"high"
89,0,0,2.5405216753079,0.805768645640669,0,0.805768645640669,0,1,"low MOD",0.373689905234855,"no"
90,0,0,3.76474442735316,0.79448611718904,0,0.79448611718904,0,1,"high MOD",0.565503414303859,"low"
91,0,0,2.77869187187547,0.638504874958007,0,0.638504874958007,0,1,"low MOD",0.461797249532224,"low"
92,0,0,3.54400728254108,0.805027931651464,0,0.805027931651464,0,1,"high MOD",0.528300218344332,"low"
93,0,0,2.90816191324094,0.366160016985986,0,0.366160016985986,0,1,"low MOD",0.565514135272149,"low"
94,0,0,2.71586335348658,0.700957536426599,0,0.700957536426599,0,1,"low MOD",0.432915120097444,"low"
95,0,0,2.91561359411668,0.324730695385078,0,0.324730695385078,0,1,"low MOD",0.579408031284081,"low"
96,0,0,3.0358107454978,0.860757933129394,0,0.860757933129394,0,1,"high MOD",0.432968442959849,"low"
97,0,0,4.19393078969007,0.605419983500036,0,0.605419983500036,0,1,"high MOD",0.689706280413846,"high"
98,0,0,3.61582478436665,0.904905028417672,0,0.904905028417672,0,1,"high MOD",0.508617650389432,"low"
99,0,0,2.13617138159998,0.594280918422498,0,0.594280918422498,0,1,"low MOD",0.37655531457769,"no"
100,0,0,1.69247446952696,0.490503241915283,0,0.490503241915283,0,1,"low MOD",0.340225843953292,"no"
101,0,0,3.34069286701135,0.400151328123853,0,0.400151328123853,0,1,"high MOD",0.621598493963637,"high"
102,0,0,3.59090536978925,0.729961465239528,0,0.729961465239528,0,1,"high MOD",0.558612682970798,"low"
103,0,0,3.6850009796425,0.643388456715182,0,0.643388456715182,0,1,"high MOD",0.599726779417252,"low"
104,0,0,3.24343828337247,0.526878842727345,0,0.526878842727345,0,1,"high MOD",0.567643168910427,"low"
105,0,0,2.90903191245189,0.863670555752649,0,0.863670555752649,0,1,"low MOD",0.412567815530245,"low"
106,0,0,3.33752751956707,0.88567731870577,0,0.88567731870577,0,1,"high MOD",0.471718904947004,"low"
107,0,0,2.36754254200629,0.584710624190546,0,0.584710624190546,0,1,"low MOD",0.415095583634645,"low"
108,0,0,2.51948990502732,0.646558866336253,0,0.646558866336253,0,1,"low MOD",0.419441872669971,"low"
109,0,0,4.29920422704029,0.774587358523128,0,0.774587358523128,0,1,"high MOD",0.653850693845236,"high"
110,0,0,2.43152985306288,0.844298495436831,0,0.844298495436831,0,1,"low MOD",0.345066594182957,"no"
111,0,0,2.89370767506916,0.938130735096696,0,0.938130735096696,0,1,"low MOD",0.387299416134734,"no"
112,0,0,2.21126653468064,0.670834893833447,0,0.670834893833447,0,1,"low MOD",0.364553345694422,"no"
113,0,0,4.39756558942015,0.49856202700728,0,0.49856202700728,0,1,"high MOD",0.753914082370091,"high"
114,0,0,2.73104675173645,0.710801821993534,0,0.710801821993534,0,1,"low MOD",0.432222016576828,"low"
115,0,0,3.76842372679776,0.85813644698238,0,0.85813644698238,0,1,"high MOD",0.546484743512769,"low"
116,0,0,3.7795907630805,0.629128511407472,0,0.629128511407472,0,1,"high MOD",0.618666729271624,"high"
117,0,0,2.25619761850493,0.517761808297406,0,0.517761808297406,0,1,"low MOD",0.418565231063095,"low"
118,0,0,3.27833847661337,0.703178652914613,0,0.703178652914613,0,1,"high MOD",0.518766333966791,"low"
119,0,0,3.84832961756568,0.688411185222269,0,0.688411185222269,0,1,"high MOD",0.611001114941714,"high"
120,0,0,3.53098575674717,0.881169126022971,0,0.881169126022971,0,1,"high MOD",0.502868846877112,"low"
121,0,0,2.23821623625316,0.869404280583257,0,0.869404280583257,0,1,"low MOD",0.307601180782561,"no"
122,0,0,2.53482695566956,0.488073258736662,0,0.488073258736662,0,1,"low MOD",0.47056622126096,"low"
123,0,0,3.7653573093629,0.878073894721369,0,0.878073894721369,0,1,"high MOD",0.539878387680024,"low"
124,0,0,3.43949736628173,0.837211218542013,0,0.837211218542013,0,1,"high MOD",0.50231921987657,"low"
125,0,0,2.93445272487018,0.796068045692723,0,0.796068045692723,0,1,"low MOD",0.437279482074574,"low"
126,0,0,3.94923478501755,0.69476735873755,0,0.69476735873755,0,1,"high MOD",0.624569241160376,"high"
127,0,0,3.78929583778928,0.968246148873121,0,0.968246148873121,0,1,"high MOD",0.515815929237391,"low"
128,0,0,3.57112271909529,0.892714198970989,0,0.892714198970989,0,1,"high MOD",0.505491434023586,"low"
129,0,0,2.33120050424096,0.505044651072009,0,0.505044651072009,0,1,"low MOD",0.434017108014915,"low"
130,0,0,3.49454437824911,0.833115781048342,0,0.833115781048342,0,1,"high MOD",0.512048125561911,"low"
131,0,0,2.42630051070789,0.947807732130714,0,0.947807732130714,0,1,"low MOD",0.312413084068686,"no"
132,0,0,2.64196905331668,0.41215407971224,0,0.41215407971224,0,1,"low MOD",0.510409368291108,"low"
133,0,0,2.06346083448711,0.944195008654327,0,0.944195008654327,0,1,"low MOD",0.25770320264284,"no"
134,0,0,3.31116685105489,0.778807216360517,0,0.778807216360517,0,1,"high MOD",0.500546525897517,"low"
135,0,0,2.58892971189014,0.611769968678835,0,0.611769968678835,0,1,"low MOD",0.440829196081918,"low"
136,0,0,3.7195817250706,0.533432902114465,0,0.533432902114465,0,1,"high MOD",0.638879372437181,"high"
137,0,0,3.69412612106441,0.699987651548932,0,0.699987651548932,0,1,"high MOD",0.583715510456392,"low"
138,0,0,2.35312653532952,0.992868567040284,0,0.992868567040284,0,1,"low MOD",0.287290677115223,"no"
139,0,0,2.61518122498656,0.350026415202122,0,0.350026415202122,0,1,"low MOD",0.52540436839728,"low"
140,0,0,3.43796094984148,0.620906873159136,0,0.620906873159136,0,1,"high MOD",0.568638031311263,"low"
141,0,0,2.32109745950821,0.844283116872717,0,0.844283116872717,0,1,"low MOD",0.328081727040427,"no"
142,0,0,2.43858374945962,0.527061579221767,0,0.527061579221767,0,1,"low MOD",0.443763167848629,"low"
143,0,0,1.47689660338677,0.676108514155648,0,0.676108514155648,0,1,"low MOD",0.249950703857765,"no"
144,0,0,3.86453048818866,0.824746474205868,0,0.824746474205868,0,1,"high MOD",0.571544236888757,"low"
145,0,0,3.27264935319667,0.68538724742204,0,0.68538724742204,0,1,"high MOD",0.523365362823475,"low"
146,0,0,3.39082845581107,0.569504155213657,0,0.569504155213657,0,1,"high MOD",0.577203099289809,"low"
147,0,0,2.26333326674856,0.640240843063941,0,0.640240843063941,0,1,"low MOD",0.381977166249334,"no"
148,0,0,1.8947547754227,0.593012722111814,0,0.593012722111814,0,1,"low MOD",0.339804512492164,"no"
149,0,0,3.77033878182755,0.754290287175924,0,0.754290287175924,0,1,"high MOD",0.578732031919338,"low"
150,0,0,1.81250148943743,0.646233090705046,0,0.646233090705046,0,1,"low MOD",0.310774662773437,"no"
151,0,0,3.01412530150664,0.528083548084106,0,0.528083548084106,0,1,"high MOD",0.531993570052066,"low"
152,0,0,2.38550031004801,0.570611730206557,0,0.570611730206557,0,1,"low MOD",0.422196438405369,"low"
153,0,0,2.81708560028486,0.763562233614972,0,0.763562233614972,0,1,"low MOD",0.429224789700757,"low"
154,0,0,2.78120340975793,0.570128137823735,0,0.570128137823735,0,1,"low MOD",0.483222636016994,"low"
155,0,0,4.35030743708693,0.59993592304037,0,0.59993592304037,0,1,"high MOD",0.715451629385568,"high"
156,0,0,2.61925346503102,0.576003189101613,0,0.576003189101613,0,1,"low MOD",0.45649955181966,"low"
157,0,0,2.52693788871283,0.915992105660978,0,0.915992105660978,0,1,"low MOD",0.337685181137058,"no"
158,0,0,4.27828596949938,0.617161207767478,0,0.617161207767478,0,1,"high MOD",0.699071315994527,"high"
159,0,0,3.05767735603536,0.924787794967085,0,0.924787794967085,0,1,"high MOD",0.416631040938644,"low"
160,0,0,2.64947332937259,0.745582412559001,0,0.745582412559001,0,1,"low MOD",0.408970539116091,"low"
161,0,0,3.49816229941146,0.674452275145402,0,0.674452275145402,0,1,"high MOD",0.561424269095486,"low"
162,0,0,2.36591449648857,0.403728656889316,0,0.403728656889316,0,1,"low MOD",0.470531874263067,"low"
163,0,0,2.11395424166601,0.928015977072727,0,0.928015977072727,0,1,"low MOD",0.270449582695471,"no"
164,0,0,2.19197015471015,0.430346260641686,0,0.430346260641686,0,1,"low MOD",0.43558117437335,"low"
165,0,0,3.05670487682671,0.949388444018506,0,0.949388444018506,0,1,"high MOD",0.408911998275338,"low"
166,0,0,3.30420293433166,0.631736604259852,0,0.631736604259852,0,1,"high MOD",0.544727650124917,"low"
167,0,0,1.76115791498455,0.653797829045033,0,0.653797829045033,0,1,"low MOD",0.300548039522229,"no"
168,0,0,4.41344487985041,0.945820612379111,0,0.945820612379111,0,1,"high MOD",0.618739023860337,"high"
169,0,0,2.43134867955886,0.535419281719505,0,0.535419281719505,0,1,"low MOD",0.440078479403054,"low"
170,0,0,3.30320807228624,0.91624791428581,0,0.91624791428581,0,1,"high MOD",0.457032652879172,"low"
171,0,0,3.35117661380873,0.936911479465226,0,0.936911479465226,0,1,"high MOD",0.458054408442812,"low"
172,0,0,3.20521068101137,0.823238294503136,0,0.823238294503136,0,1,"high MOD",0.470574475693093,"low"
173,0,0,2.85685600301037,0.603361443050038,0,0.603361443050038,0,1,"low MOD",0.484635864140045,"low"
174,0,0,2.45180666363217,0.917885281331182,0,0.917885281331182,0,1,"low MOD",0.325544015533816,"no"
175,0,0,2.9996626386323,0.782011046580633,0,0.782011046580633,0,1,"low MOD",0.451637006995543,"low"
176,0,0,3.45000558343454,0.741222457202447,0,0.741222457202447,0,1,"high MOD",0.533470872158407,"low"
177,0,0,2.05362764273105,0.723421992135581,0,0.723421992135581,0,1,"low MOD",0.324120562839983,"no"
178,0,0,2.72405946590997,0.922365562278152,0,0.922365562278152,0,1,"low MOD",0.366050514054411,"no"
179,0,0,2.48322167412156,0.711288013178977,0,0.711288013178977,0,1,"low MOD",0.393945484271324,"no"
180,0,0,2.2961055190778,0.769132511015655,0,0.769132511015655,0,1,"low MOD",0.347360076468691,"no"
181,0,0,4.1397142484928,0.316553624403294,0,0.316553624403294,0,1,"high MOD",0.770247230720955,"high"
182,0,0,2.06348381475399,0.922573730736962,0,0.922573730736962,0,1,"low MOD",0.264359438966163,"no"
183,0,0,3.95080787258609,0.881512196007911,0,0.881512196007911,0,1,"high MOD",0.567351304703118,"low"
184,0,0,2.75901589866637,0.789828769630858,0,0.789828769630858,0,1,"low MOD",0.412208978369947,"low"
185,0,0,3.81884801164237,0.777891931092716,0,0.777891931092716,0,1,"high MOD",0.578932946070298,"low"
186,0,0,2.3908762034229,0.901517124839783,0,0.901517124839783,0,1,"low MOD",0.321206454422051,"no"
187,0,0,4.17266923569349,0.49975703270671,0,0.49975703270671,0,1,"high MOD",0.718946949273857,"high"
188,0,0,1.32413960229743,0.453476330355018,0,0.453476330355018,0,1,"low MOD",0.294951837167292,"no"
189,0,0,3.44268948548794,0.590540078418704,0,0.590540078418704,0,1,"high MOD",0.578709127484698,"low"
190,0,0,3.86913322260482,0.799096834884251,0,0.799096834884251,0,1,"high MOD",0.580144546590202,"low"
191,0,0,3.13276932990628,0.897024601184228,0,0.897024601184228,0,1,"high MOD",0.436726173467357,"low"
192,0,0,2.82017762490487,0.535231263984491,0,0.535231263984491,0,1,"low MOD",0.499956168759367,"low"
193,0,0,2.81782669232996,0.901747572837734,0,0.901747572837734,0,1,"low MOD",0.386820237946845,"no"
194,0,0,2.79808474105596,0.474603155134035,0,0.474603155134035,0,1,"low MOD",0.51521206627506,"low"
195,0,0,4.5078139817891,0.482748566923275,0,0.482748566923275,0,1,"high MOD",0.775741053529624,"high"
196,0,0,2.17857605984242,0.605227053016507,0,0.605227053016507,0,1,"low MOD",0.379711069816832,"no"
197,0,0,2.99330782382558,0.700374646854385,0,0.700374646854385,0,1,"low MOD",0.475778235402586,"low"
198,0,0,3.11689976711181,0.782702586968426,0,0.782702586968426,0,1,"high MOD",0.469460706642301,"low"
199,0,0,2.37526036623409,0.753235815540762,0,0.753235815540762,0,1,"low MOD",0.364429036177317,"no"
200,0,0,2.76956421549324,0.680997569405379,0,0.680997569405379,0,1,"low MOD",0.447318319489613,"low"
201,0,0,3.52987958915783,0.679964076385673,0,0.679964076385673,0,1,"high MOD",0.564607913290228,"low"
202,0,0,2.89099948282462,0.835949227665109,0,0.835949227665109,0,1,"low MOD",0.41832323499914,"low"
203,0,0,3.17872819455518,0.39915098229827,0,0.39915098229827,0,1,"high MOD",0.596988650762868,"low"
204,0,0,3.87793324290179,0.281631827605007,0,0.281631827605007,0,1,"high MOD",0.740718398106428,"high"
205,0,0,3.50430522932029,0.432157603924784,0,0.432157603924784,0,1,"high MOD",0.636921541764726,"high"
206,0,0,2.6025415850562,0.97557725807433,0,0.97557725807433,0,1,"low MOD",0.330982625985775,"no"
207,0,0,3.88475704112955,0.405050029494685,0,0.405050029494685,0,1,"high MOD",0.70379338186772,"high"
208,0,0,2.92007024526551,0.585261589756938,0,0.585261589756938,0,1,"low MOD",0.499930317807943,"low"
209,0,0,2.12761712167097,0.692990598447404,0,0.692990598447404,0,1,"low MOD",0.344867065350179,"no"
210,0,0,3.52286281434,0.796302740852012,0,0.796302740852012,0,1,"high MOD",0.527731897328612,"low"
211,0,0,2.96545526145884,0.993077435368531,0,0.993077435368531,0,1,"low MOD",0.381430829341812,"no"
212,0,0,3.49959397720996,0.971863058432501,0,0.971863058432501,0,1,"high MOD",0.470133516976147,"low"
213,0,0,2.25960934312638,0.891761445514041,0,0.891761445514041,0,1,"low MOD",0.304013300322815,"no"
214,0,0,2.71514099916329,0.604267227421435,0,0.604267227421435,0,1,"low MOD",0.462554852972372,"low"
215,0,0,2.96403755626314,0.973918324099076,0,0.973918324099076,0,1,"low MOD",0.387107832009998,"no"
216,0,0,2.72256178104745,0.686306290991071,0,0.686306290991071,0,1,"low MOD",0.438453722933125,"low"
217,0,0,2.71387605026178,0.903447568551559,0,0.903447568551559,0,1,"low MOD",0.370304755870563,"no"
218,0,0,3.31525410826722,0.559746724412281,0,0.559746724412281,0,1,"high MOD",0.568578562991179,"low"
219,0,0,2.22338663228836,0.711965879338707,0,0.711965879338707,0,1,"low MOD",0.353762288247837,"no"
220,0,0,2.98188762842854,0.760206436554578,0,0.760206436554578,0,1,"low MOD",0.455611500818367,"low"
221,0,0,2.30001046291996,0.905082491315648,0,0.905082491315648,0,1,"low MOD",0.306130073890563,"no"
222,0,0,3.38623929457725,0.50349317868183,0,0.50349317868183,0,1,"high MOD",0.596808144186707,"low"
223,0,0,2.34118380760422,0.678947829265585,0,0.678947829265585,0,1,"low MOD",0.382044330626623,"no"
224,0,0,3.91988487771991,0.561712746389037,0,0.561712746389037,0,1,"high MOD",0.660993751529513,"high"
225,0,0,3.04868193185918,0.884561086773084,0,0.884561086773084,0,1,"high MOD",0.427624578202002,"low"
226,0,0,3.12504791911213,0.353594439864844,0,0.353594439864844,0,1,"high MOD",0.602747544520375,"high"
227,0,0,3.37344456314782,0.562322241216247,0,0.562322241216247,0,1,"high MOD",0.576738473956204,"low"
228,0,0,3.43385576884769,0.911761119950994,0,0.911761119950994,0,1,"high MOD",0.478512850607032,"low"
229,0,0,3.31524370764339,0.853496459169786,0,0.853496459169786,0,1,"high MOD",0.478192429123665,"low"
230,0,0,2.27153956982137,0.916345661523342,0,0.916345661523342,0,1,"low MOD",0.298284345657644,"no"
231,0,0,2.46246340853853,0.501497687469039,0,0.501497687469039,0,1,"low MOD",0.45530277440007,"low"
232,0,0,1.56131336923676,0.557279675156552,0,0.557279675156552,0,1,"low MOD",0.299500618295947,"no"
233,0,0,3.0957222825346,0.713412889398202,0,0.713412889398202,0,1,"high MOD",0.487522539036646,"low"
234,0,0,2.13656469470511,0.865481258438832,0,0.865481258438832,0,1,"low MOD",0.293169565819608,"no"
235,0,0,3.34884559719914,0.829054392796823,0,0.829054392796823,0,1,"high MOD",0.490882586400845,"low"
236,0,0,3.49013341996619,0.597233683214196,0,0.597233683214196,0,1,"high MOD",0.5839486236212,"low"
237,0,0,3.01425787574129,0.860952415292778,0,0.860952415292778,0,1,"high MOD",0.429592776177805,"low"
238,0,0,2.03111145370231,0.581468378229173,0,0.581468378229173,0,1,"low MOD",0.364334568806764,"no"
239,0,0,2.59855897041373,0.794173284737288,0,0.794173284737288,0,1,"low MOD",0.386186523221409,"no"
240,0,0,4.02566514843978,0.605573040777677,0,0.605573040777677,0,1,"high MOD",0.663772164136065,"high"
241,0,0,3.62989790670495,0.72472915257809,0,0.72472915257809,0,1,"high MOD",0.56622147716135,"low"
242,0,0,3.38623432789888,0.624783312615045,0,0.624783312615045,0,1,"high MOD",0.559487338872121,"low"
243,0,0,4.65431255450421,0.779604477717632,0,0.779604477717632,0,1,"high MOD",0.706939015241377,"high"
244,0,0,2.77537141253748,0.687573344499447,0,0.687573344499447,0,1,"low MOD",0.446188419005937,"low"
245,0,0,3.15872721816611,0.862575705488535,0,0.862575705488535,0,1,"high MOD",0.451319354952159,"low"
246,0,0,3.64222748308686,0.603418375342811,0,0.603418375342811,0,1,"high MOD",0.605444728061729,"high"
247,0,0,2.90246280257217,0.818504098291631,0,0.818504098291631,0,1,"low MOD",0.425454554767525,"low"
248,0,0,3.79481853513499,0.730552016172453,0,0.730552016172453,0,1,"high MOD",0.589802231198474,"low"
249,0,0,3.41202501701378,0.54638769554445,0,0.54638769554445,0,1,"high MOD",0.587576865526905,"low"
250,0,0,2.81658427591938,0.855553182884245,0,0.855553182884245,0,1,"low MOD",0.400842755407829,"low"
251,0,0,2.86627623944492,0.565230202138528,0,0.565230202138528,0,1,"low MOD",0.497817820795055,"low"
252,0,0,2.52189188130055,0.742579074833214,0,0.742579074833214,0,1,"low MOD",0.39026672794371,"no"
253,0,0,3.02514005081327,0.330080883470607,0,0.330080883470607,0,1,"high MOD",0.594612043672624,"low"
254,0,0,3.95924138653305,0.615515489502984,0,0.615515489502984,0,1,"high MOD",0.65049390885032,"high"
255,0,0,2.44466711394065,0.976338826008368,0,0.976338826008368,0,1,"low MOD",0.306459917219063,"no"
256,0,0,1.8414693502968,0.741924765586508,0,0.741924765586508,0,1,"low MOD",0.285787664480582,"no"
257,0,0,2.8204017843461,0.818968157175942,0,0.818968157175942,0,1,"low MOD",0.412686995383726,"low"
258,0,0,2.99286955751861,0.904715097776807,0,0.904715097776807,0,1,"low MOD",0.412836824917691,"low"
259,0,0,1.85935821325495,0.746526053579647,0,0.746526053579647,0,1,"low MOD",0.287124016322408,"no"
260,0,0,2.32990475352889,0.311732767118804,0,0.311732767118804,0,1,"low MOD",0.493298341429427,"low"
261,0,0,3.25815252793994,0.646624819529105,0,0.646624819529105,0,1,"high MOD",0.533061982904881,"low"
262,0,0,3.09477460110896,0.840873789369598,0,0.840873789369598,0,1,"high MOD",0.448158003441503,"low"
263,0,0,3.51632086074749,0.678376924063748,0,0.678376924063748,0,1,"high MOD",0.563010309633845,"low"
264,0,0,3.54150389061235,0.701436338468822,0,0.701436338468822,0,1,"high MOD",0.559789417488416,"low"
265,0,0,4.71367567560043,0.654159097786534,0,0.654159097786534,0,1,"high MOD",0.754670381542672,"high"
266,0,0,3.24120619711168,0.475759457952733,0,0.475759457952733,0,1,"high MOD",0.583028812493264,"low"
267,0,0,2.47250381399106,0.462741191396814,0,0.462741191396814,0,1,"low MOD",0.468772527876529,"low"
268,0,0,3.05023000219476,0.542544703499799,0,0.542544703499799,0,1,"high MOD",0.533098553106947,"low"
269,0,0,2.0692965007697,0.765610914718315,0,0.765610914718315,0,1,"low MOD",0.313549949435856,"no"
270,0,0,2.66497325526197,0.92173239509942,0,0.92173239509942,0,1,"low MOD",0.357155148471251,"no"
271,0,0,2.40670131398667,0.456248959914119,0,0.456248959914119,0,1,"low MOD",0.460646676024373,"low"
272,0,0,2.89921761163015,0.644015202356851,0,0.644015202356851,0,1,"low MOD",0.478644185679454,"low"
273,0,0,2.19681625953953,0.862614058128632,0,0.862614058128632,0,1,"low MOD",0.303321252812656,"no"
274,0,0,4.16358367505632,0.719433006408159,0,0.719433006408159,0,1,"high MOD",0.649956563421538,"high"
275,0,0,4.115439227081,0.827927317436565,0,0.827927317436565,0,1,"high MOD",0.609166860339672,"high"
276,0,0,3.40235089954591,0.774665752102533,0,0.774665752102533,0,1,"high MOD",0.515849137744745,"low"
277,0,0,2.3991287239143,0.692937727742742,0,0.692937727742742,0,1,"low MOD",0.38665434898905,"no"
278,0,0,3.19876742286872,0.959042512323593,0,0.959042512323593,0,1,"high MOD",0.427797292034082,"low"
279,0,0,2.74738878729062,0.786335602120754,0,0.786335602120754,0,1,"low MOD",0.411495012776787,"low"
280,0,0,3.08211278747587,0.432337450762581,0,0.432337450762581,0,1,"high MOD",0.571913520915493,"low"
281,0,0,2.83121887243013,0.507070106805224,0,0.507070106805224,0,1,"low MOD",0.510319793664567,"low"
282,0,0,3.21573893572253,0.640280848072668,0,0.640280848072668,0,1,"high MOD",0.528488806088798,"low"
283,0,0,2.75523114595735,0.317819400466451,0,0.317819400466451,0,1,"low MOD",0.556860360772992,"low"
284,0,0,3.70410900012836,0.52116638228655,0,0.52116638228655,0,1,"high MOD",0.640273267008502,"high"
285,0,0,3.30923638903848,0.431219458524352,0,0.431219458524352,0,1,"high MOD",0.60719961107535,"high"
286,0,0,2.56235410200096,0.73040878550384,0,0.73040878550384,0,1,"low MOD",0.400236389383582,"low"
287,0,0,3.26337673479461,0.834794846918858,0,0.834794846918858,0,1,"high MOD",0.475967237070292,"low"
288,0,0,2.52426778956326,0.777201610233218,0,0.777201610233218,0,1,"low MOD",0.379979164476435,"no"
289,0,0,2.01429336619323,0.940859539652469,0,0.940859539652469,0,1,"low MOD",0.251165274905892,"no"
290,0,0,3.60557010974104,0.529796661759505,0,0.529796661759505,0,1,"high MOD",0.622457967111081,"high"
291,0,0,3.66615603331642,0.84008358938572,0,0.84008358938572,0,1,"high MOD",0.536305977622304,"low"
292,0,0,3.1262212691449,0.487610184585625,0,0.487610184585625,0,1,"high MOD",0.561692446149792,"low"
293,0,0,3.82439769495126,0.828522184154504,0,0.828522184154504,0,1,"high MOD",0.564208204098808,"low"
294,0,0,2.481130333846,0.811192019248593,0,0.811192019248593,0,1,"low MOD",0.362884045438279,"no"
295,0,0,2.24121829718783,0.770292830814401,0,0.770292830814401,0,1,"low MOD",0.338558867009081,"no"
296,0,0,2.83955659688038,0.186058477813749,0,0.186058477813749,0,1,"low MOD",0.61037532942352,"high"
297,0,0,3.55090999545133,0.869631912713384,0,0.869631912713384,0,1,"high MOD",0.509484026157624,"low"
298,0,0,2.21259703658398,0.836219467202508,0,0.836219467202508,0,1,"low MOD",0.313870477258302,"no"
299,0,0,2.21136469495992,0.614957691017327,0,0.614957691017327,0,1,"low MOD",0.381761432757734,"no"
300,0,0,2.71042378532208,0.461882991995603,0,0.461882991995603,0,1,"low MOD",0.505639661743211,"low"
301,0,0,3.83288895998815,0.523240882236175,0,0.523240882236175,0,1,"high MOD",0.659447260848584,"high"
302,0,0,3.84904107173593,0.678880554891268,0,0.678880554891268,0,1,"high MOD",0.614043071069753,"high"
303,0,0,3.96800926569888,0.623530493156777,0,0.623530493156777,0,1,"high MOD",0.649376658366972,"high"
304,0,0,3.67637558890183,0.87830548711506,0,0.87830548711506,0,1,"high MOD",0.526117633026416,"low"
305,0,0,2.35519721224228,0.757104907145836,0,0.757104907145836,0,1,"low MOD",0.360151907377017,"no"
306,0,0,2.70682929422407,0.707062969453285,0,0.707062969453285,0,1,"low MOD",0.429646670048846,"low"
307,0,0,3.87829252857943,0.806215325735589,0,0.806215325735589,0,1,"high MOD",0.579363365708962,"low"
308,0,0,3.0907318071775,0.547297080902454,0,0.547297080902454,0,1,"high MOD",0.537867330057323,"low"
309,0,0,2.6458876981965,0.888640733988319,0,0.888640733988319,0,1,"low MOD",0.364400958495364,"no"
310,0,0,1.88219448915638,0.455039127601977,0,0.455039127601977,0,1,"low MOD",0.380325574454219,"no"
311,0,0,2.69362452433246,0.690569526622521,0,0.690569526622521,0,1,"low MOD",0.432690072474987,"low"
312,0,0,3.47177133124924,0.571955630973936,0,0.571955630973936,0,1,"high MOD",0.588901549123288,"low"
313,0,0,3.19543183102759,0.778905355205978,0,0.778905355205978,0,1,"high MOD",0.482710941633174,"low"
314,0,0,1.68117376411221,0.774338091091695,0,0.774338091091695,0,1,"low MOD",0.251153474142895,"no"
315,0,0,3.04980556242502,0.620900901899187,0,0.620900901899187,0,1,"high MOD",0.50892365517333,"low"
316,0,0,2.1456027670131,0.91106465385671,0,0.91106465385671,0,1,"low MOD",0.280534378353797,"no"
317,0,0,2.91421604692306,0.596817306394196,0,0.596817306394196,0,1,"low MOD",0.49547406678995,"low"
318,0,0,3.35939273402832,0.808067597990282,0,0.808067597990282,0,1,"high MOD",0.498962698161193,"low"
319,0,0,3.8607021060206,0.897331225738064,0,0.897331225738064,0,1,"high MOD",0.548621485314534,"low"
320,0,0,3.71655933127398,0.741235976894483,0,0.741235976894483,0,1,"high MOD",0.574474981151541,"low"
321,0,0,2.21299191094286,0.606006075116277,0,0.606006075116277,0,1,"low MOD",0.384766117032355,"no"
322,0,0,2.43161542577819,0.863701978856282,0,0.863701978856282,0,1,"low MOD",0.339109456625481,"no"
323,0,0,3.3366925574117,0.697442819025048,0,0.697442819025048,0,1,"high MOD",0.529508756824862,"low"
324,0,0,3.34489734643551,0.412989478745635,0,0.412989478745635,0,1,"high MOD",0.618295136760652,"high"
325,0,0,3.06744285435635,0.944692506796594,0,0.944692506796594,0,1,"high MOD",0.412008898578948,"low"
326,0,0,3.43934215635206,0.528257884506017,0,0.528257884506017,0,1,"high MOD",0.597357905744619,"low"
327,0,0,2.57199612339761,0.69198714849168,0,0.69198714849168,0,1,"low MOD",0.413541819448345,"low"
328,0,0,3.1003192260503,0.279174775646947,0,0.279174775646947,0,1,"high MOD",0.621841488424062,"high"
329,0,0,3.79188769301425,0.853185196742868,0,0.853185196742868,0,1,"high MOD",0.55161804608131,"low"
330,0,0,3.84364437654179,0.964500853021793,0,0.964500853021793,0,1,"high MOD",0.525329641615109,"low"
331,0,0,2.64127548011512,0.593833122418971,0,0.593833122418971,0,1,"low MOD",0.454401420811873,"low"
332,0,0,3.75702986102136,0.934550001025004,0,0.934550001025004,0,1,"high MOD",0.521219978303284,"low"
333,0,0,3.71529551833584,0.697972137181856,0,0.697972137181856,0,1,"high MOD",0.587592499072636,"low"
334,0,0,2.03691135942072,0.914473637403905,0,0.914473637403905,0,1,"low MOD",0.262763705325064,"no"
335,0,0,2.76840263515375,0.807929557337576,0,0.807929557337576,0,1,"low MOD",0.408083618535168,"low"
336,0,0,3.02984835283103,0.734879748080943,0,0.734879748080943,0,1,"high MOD",0.470782901026022,"low"
337,0,0,1.50600133503157,0.567592028927697,0,0.567592028927697,0,1,"low MOD",0.287818042642489,"no"
338,0,0,3.08877189187623,0.967329269659146,0,0.967329269659146,0,1,"high MOD",0.408325131162759,"low"
339,0,0,3.24811488922687,0.790557809921296,0,0.790557809921296,0,1,"high MOD",0.487230656828351,"low"
340,0,0,2.49211784348099,0.557797679340648,0,0.557797679340648,0,1,"low MOD",0.442541920738414,"low"
341,0,0,3.73725840141563,0.668421899621505,0,0.668421899621505,0,1,"high MOD",0.600063784949635,"high"
342,0,0,2.7825605248905,0.596187010215285,0,0.596187010215285,0,1,"low MOD",0.47541330837845,"low"
343,0,0,3.9708430782447,0.877271673410275,0,0.877271673410275,0,1,"high MOD",0.571738420219101,"low"
344,0,0,2.1648175489845,0.658970288775722,0,0.658970288775722,0,1,"low MOD",0.361057995605086,"no"
345,0,0,2.08389290938826,0.631814956881245,0,0.631814956881245,0,1,"low MOD",0.35696353778858,"no"
346,0,0,3.33383622708006,0.533701196617679,0,0.533701196617679,0,1,"high MOD",0.57945135905303,"low"
347,0,0,1.74140127598608,0.85049946826174,0,0.85049946826174,0,1,"low MOD",0.236984975301939,"no"
348,0,0,3.1411164429368,0.951932697493535,0,0.951932697493535,0,1,"high MOD",0.421115545838421,"low"
349,0,0,2.88518374992615,0.74567192174022,0,0.74567192174022,0,1,"low MOD",0.445206139453186,"low"
350,0,0,3.95246685978737,0.903339379728409,0,0.903339379728409,0,1,"high MOD",0.560890476973932,"low"
351,0,0,3.32134964108593,0.668601284504971,0,0.668601284504971,0,1,"high MOD",0.536022626473228,"low"
352,0,0,3.50687569046459,0.670772399781049,0,0.670772399781049,0,1,"high MOD",0.563897060138846,"low"
353,0,0,2.29649412447917,0.770756340467801,0,0.770756340467801,0,1,"low MOD",0.346920222083627,"no"
354,0,0,1.9754768616487,0.177504348411432,0,0.177504348411432,0,1,"low MOD",0.48007202535782,"low"
355,0,0,3.14209558924261,0.749286748456464,0,0.749286748456464,0,1,"high MOD",0.483618783435335,"low"
356,0,0,1.89764113467081,0.962214787170402,0,0.962214787170402,0,1,"low MOD",0.226647932358462,"no"
357,0,0,1.84178651944196,0.771643060963881,0,0.771643060963881,0,1,"low MOD",0.276692368848339,"no"
358,0,0,2.15365595774571,0.954261676820136,0,0.954261676820136,0,1,"low MOD",0.268481939093144,"no"
359,0,0,3.11311561848776,0.518701128347141,0,0.518701128347141,0,1,"high MOD",0.550109747968228,"low"
360,0,0,3.20908934043455,0.961300525409189,0,0.961300525409189,0,1,"high MOD",0.428690506094795,"low"
361,0,0,3.93535727259415,0.284915833357601,0,0.284915833357601,0,1,"high MOD",0.748542400904453,"high"
362,0,0,1.71893178706357,0.737284212342869,0,0.737284212342869,0,1,"low MOD",0.268363594211974,"no"
363,0,0,3.19144469925005,0.844980111295898,0,0.844980111295898,0,1,"high MOD",0.461766842562809,"low"
364,0,0,2.1165560343757,0.863023713732681,0,0.863023713732681,0,1,"low MOD",0.290847477986205,"no"
365,0,0,2.32666324368702,0.973991165853536,0,0.973991165853536,0,1,"low MOD",0.289027832612299,"no"
366,0,0,2.72997492225905,0.892816793708531,0,0.892816793708531,0,1,"low MOD",0.376052513052613,"no"
367,0,0,2.95235873179981,0.730662503754844,0,0.730662503754844,0,1,"low MOD",0.460159034506173,"low"
368,0,0,2.87724275214512,0.704190545104957,0,0.704190545104957,0,1,"low MOD",0.456747947990032,"low"
369,0,0,2.0734284205186,0.643635229980105,0,0.643635229980105,0,1,"low MOD",0.351716609316675,"no"
370,0,0,3.36341178154408,0.670129675454628,0,0.670129675454628,0,1,"high MOD",0.542023450866896,"low"
371,0,0,2.80995775981643,0.876799131127175,0,0.876799131127175,0,1,"low MOD",0.393286076548013,"no"
372,0,0,3.64373088530578,0.579054797178933,0,0.579054797178933,0,1,"high MOD",0.613172506299679,"high"
373,0,0,2.41999512321894,0.620963873090633,0,0.620963873090633,0,1,"low MOD",0.412010365698104,"low"
374,0,0,3.79009165795593,0.608140805578577,0,0.608140805578577,0,1,"high MOD",0.626740007199811,"high"
375,0,0,3.91557486202409,0.384863333515386,0,0.384863333515386,0,1,"high MOD",0.714745876152818,"high"
376,0,0,3.61053179389053,0.727042646671869,0,0.727042646671869,0,1,"high MOD",0.562530230853353,"low"
377,0,0,4.21570810693383,0.708098265181403,0,0.708098265181403,0,1,"high MOD",0.661463319472464,"high"
378,0,0,3.28005989954946,0.442702090610766,0,0.442702090610766,0,1,"high MOD",0.59917780281968,"low"
379,0,0,2.57470875082244,0.928740527212772,0,0.928740527212772,0,1,"low MOD",0.34111195329183,"no"
380,0,0,2.77284414416132,0.806079488540944,0,0.806079488540944,0,1,"low MOD",0.409336179550682,"low"
381,0,0,2.95793309089795,0.307034648530671,0,0.307034648530671,0,1,"low MOD",0.591363660590248,"low"
382,0,0,3.05141679785347,0.481586335179256,0,0.481586335179256,0,1,"high MOD",0.552037558076147,"low"
383,0,0,2.53965188954856,0.806671840395482,0,0.806671840395482,0,1,"low MOD",0.373278185962707,"no"
384,0,0,2.98995590722645,0.944878672581263,0,0.944878672581263,0,1,"low MOD",0.400030548009835,"low"
385,0,0,3.7163339702615,0.746540227506689,0,0.746540227506689,0,1,"high MOD",0.572808233115096,"low"
386,0,0,2.59339428371294,0.914361400924323,0,0.914361400924323,0,1,"low MOD",0.348410997209891,"no"
387,0,0,3.17202775169495,0.995121316275671,0,0.995121316275671,0,1,"high MOD",0.412582326022094,"low"
388,0,0,2.5356048002249,0.526889691883276,0,0.526889691883276,0,1,"low MOD",0.458742371762823,"low"
389,0,0,2.04750391884317,0.917555970246457,0,0.917555970246457,0,1,"low MOD",0.263444919746194,"no"
390,0,0,3.13578678626707,0.582093278520691,0,0.582093278520691,0,1,"high MOD",0.534092342957798,"low"
391,0,0,3.10457807164394,0.92318485530033,0,0.92318485530033,0,1,"high MOD",0.424339747852812,"low"
392,0,0,2.80895889714738,0.881733474364103,0,0.881733474364103,0,1,"low MOD",0.391614145910643,"no"
393,0,0,2.54928447467955,0.691647454325549,0,0.691647454325549,0,1,"low MOD",0.410152240927454,"low"
394,0,0,3.03114971650674,0.370734136716646,0,0.370734136716646,0,1,"high MOD",0.583027914318992,"low"
395,0,0,2.98000309311517,0.45579827683826,0,0.45579827683826,0,1,"low MOD",0.5489856214521,"low"
396,0,0,3.52849074336135,0.917659402945112,0,0.917659402945112,0,1,"high MOD",0.491257221149404,"low"
397,0,0,4.03010065154437,0.780954811310992,0,0.780954811310992,0,1,"high MOD",0.610490927526521,"high"
398,0,0,1.95166547354306,0.905700847436381,0,0.905700847436381,0,1,"low MOD",0.252348273641584,"no"
399,0,0,3.20374833417213,0.745559379662822,0,0.745559379662822,0,1,"high MOD",0.494250703822536,"low"
400,0,0,3.68740483511484,0.433550182334912,0,0.433550182334912,0,1,"high MOD",0.66466222622231,"high"
401,0,0,3.28363121577473,0.867084031313332,0,0.867084031313332,0,1,"high MOD",0.469148177407394,"low"
402,0,0,2.10081533164037,0.871216886104167,0,0.871216886104167,0,1,"low MOD",0.285904855297237,"no"
403,0,0,3.23591696860157,0.952921786820076,0,0.952921786820076,0,1,"high MOD",0.435395906917141,"low"
404,0,0,2.44721836354266,0.610342355996604,0,0.610342355996604,0,1,"low MOD",0.419466715622993,"low"
405,0,0,4.17303063923907,0.318277416730505,0,0.318277416730505,0,1,"high MOD",0.774842431658164,"high"
406,0,0,3.33530152230385,0.709872849980236,0,0.709872849980236,0,1,"high MOD",0.525470126514366,"low"
407,0,0,4.24274455181465,0.965070030515946,0,0.965070030515946,0,1,"high MOD",0.586554537043502,"low"
408,0,0,3.13809136199645,0.895057364572554,0,0.895057364572554,0,1,"high MOD",0.438150251207899,"low"
409,0,0,2.72963884839664,0.865920535506889,0,0.865920535506889,0,1,"low MOD",0.384276581135826,"no"
410,0,0,2.00318873318774,0.834712930095804,0,0.834712930095804,0,1,"low MOD",0.282117365076327,"no"
411,0,0,3.04820693140495,0.644742186679162,0,0.644742186679162,0,1,"high MOD",0.501341932007172,"low"
412,0,0,2.10916961589999,0.967390676831946,0,0.967390676831946,0,1,"low MOD",0.257598194190169,"no"
413,0,0,2.94944696588997,0.658326975098215,0,0.658326975098215,0,1,"low MOD",0.481968156260545,"low"
414,0,0,2.41848864520584,0.873719294017073,0,0.873719294017073,0,1,"low MOD",0.334007701103338,"no"
415,0,0,3.84531313747359,0.487871105318992,0,0.487871105318992,0,1,"high MOD",0.672241681051632,"high"
416,0,0,4.14099187593025,0.738695643525985,0,0.738695643525985,0,1,"high MOD",0.640553936750505,"high"
417,0,0,2.3503648246396,0.942904654328293,0,0.942904654328293,0,1,"low MOD",0.302239310151233,"no"
418,0,0,3.25421301794107,0.74276177248334,0,0.74276177248334,0,1,"high MOD",0.502875303534521,"low"
419,0,0,2.23401014912534,0.883386664025922,0,0.883386664025922,0,1,"low MOD",0.302651818626691,"no"
420,0,0,2.69230550691793,0.477813034941306,0,0.477813034941306,0,1,"low MOD",0.497950682620819,"low"
421,0,0,2.97104467889857,0.781297770438277,0,0.781297770438277,0,1,"low MOD",0.447453713541848,"low"
422,0,0,3.6243770258338,0.691405155771632,0,0.691405155771632,0,1,"high MOD",0.57562564835239,"low"
423,0,0,3.34192794638889,0.676309972683577,0,0.676309972683577,0,1,"high MOD",0.536816615541805,"low"
424,0,0,3.5217346144934,0.997369928009761,0,0.997369928009761,0,1,"high MOD",0.465691501303673,"low"
425,0,0,2.40601450940555,0.885179475035398,0,0.885179475035398,0,1,"low MOD",0.328562393743808,"no"
426,0,0,3.00947320480158,0.744831583485492,0,0.744831583485492,0,1,"high MOD",0.464586159666245,"low"
427,0,0,2.51744729276003,0.524658496111096,0,0.524658496111096,0,1,"low MOD",0.456635430851975,"low"
428,0,0,4.08972975964456,0.630314376591344,0,0.630314376591344,0,1,"high MOD",0.666015539455673,"high"
429,0,0,2.49905838335552,0.696412673796351,0,0.696412673796351,0,1,"low MOD",0.400958928578895,"low"
430,0,0,2.30766075532642,0.618981444265848,0,0.618981444265848,0,1,"low MOD",0.395338133353035,"no"
431,0,0,2.06526458904193,0.651087734557626,0,0.651087734557626,0,1,"low MOD",0.348167556911796,"no"
432,0,0,3.29304053791439,0.859771231143449,0,0.859771231143449,0,1,"high MOD",0.472845857788845,"low"
433,0,0,2.44401920711802,0.93919063596107,0,0.93919063596107,0,1,"low MOD",0.317790451568597,"no"
434,0,0,2.66105035354536,0.720709355195923,0,0.720709355195923,0,1,"low MOD",0.418404868177464,"low"
435,0,0,3.79940788632916,0.823867920627467,0,0.823867920627467,0,1,"high MOD",0.561795699242188,"low"
436,0,0,3.33504637277403,0.817413348526548,0,0.817413348526548,0,1,"high MOD",0.492341488572452,"low"
437,0,0,4.03185715275295,0.74376905071648,0,0.74376905071648,0,1,"high MOD",0.622202930972306,"high"
438,0,0,2.48108358191531,0.570423289600677,0,0.570423289600677,0,1,"low MOD",0.43695953887907,"low"
439,0,0,1.73661338391117,0.968899911776299,0,0.968899911776299,0,1,"low MOD",0.199817470824396,"no"
440,0,0,1.83744886638438,0.653210643346311,0,0.653210643346311,0,1,"low MOD",0.31246578149104,"no"
441,0,0,3.24945119677012,0.265491921381548,0,0.265491921381548,0,1,"high MOD",0.648994977539542,"high"
442,0,0,2.51869194021405,0.448609177164279,0,0.448609177164279,0,1,"low MOD",0.480226705520845,"low"
443,0,0,2.72019357026487,0.206453638689783,0,0.206453638689783,0,1,"low MOD",0.585736352751586,"low"
444,0,0,2.20316912711846,0.358118679593449,0,0.358118679593449,0,1,"low MOD",0.459527964297163,"low"
445,0,0,2.64280563710407,0.722487014310505,0,0.722487014310505,0,1,"low MOD",0.415051016689702,"low"
446,0,0,3.6871844709923,0.778087882663972,0,0.778087882663972,0,1,"high MOD",0.558616723948363,"low"
447,0,0,3.06312095387574,0.950609264316392,0,0.950609264316392,0,1,"high MOD",0.409523450037377,"low"
448,0,0,2.47033321518784,0.913215913372994,0,0.913215913372994,0,1,"low MOD",0.329830982837208,"no"
449,0,0,2.91431272803527,0.764691253927977,0,0.764691253927977,0,1,"low MOD",0.443835418489125,"low"
450,0,0,3.37843226548455,0.451320730256511,0,0.451320730256511,0,1,"high MOD",0.611660123841773,"high"
451,0,0,2.33703935002886,0.453137404289557,0,0.453137404289557,0,1,"low MOD",0.450886852530731,"low"
452,0,0,3.34107304007957,0.673645005283839,0,0.673645005283839,0,1,"high MOD",0.537505081463369,"low"
453,0,0,2.48659008625523,0.86683317184836,0,0.86683317184836,0,1,"low MOD",0.34660365270131,"no"
454,0,0,3.45875251959503,0.686773353363079,0,0.686773353363079,0,1,"high MOD",0.551570125056749,"low"
455,0,0,2.92756504411076,0.746766806932269,0,0.746766806932269,0,1,"low MOD",0.451389450807112,"low"
456,0,0,2.86213176706485,0.939694621106651,0,0.939694621106651,0,1,"low MOD",0.3819603884387,"no"
457,0,0,2.63417074264674,0.712661141676044,0,0.712661141676044,0,1,"low MOD",0.416745916814562,"low"
458,0,0,2.53729907804235,0.343854356312512,0,0.343854356312512,0,1,"low MOD",0.515321594679589,"low"
459,0,0,1.74653619532154,0.582389202114583,0,0.582389202114583,0,1,"low MOD",0.320270429398827,"no"
460,0,0,2.35018123341859,0.599351028219637,0,0.599351028219637,0,1,"low MOD",0.407919873381433,"low"
461,0,0,3.33793470896915,0.583771661854191,0,0.583771661854191,0,1,"high MOD",0.564675597732426,"low"
462,0,0,2.72197892744556,0.889903429730353,0,0.889903429730353,0,1,"low MOD",0.375718779689977,"no"
463,0,0,2.95824612747951,0.800426361463402,0,0.800426361463402,0,1,"low MOD",0.439598985315801,"low"
464,0,0,2.78097864134343,0.798163692331171,0,0.798163692331171,0,1,"low MOD",0.413023270258629,"low"
465,0,0,3.41022126164295,0.934879464071114,0,0.934879464071114,0,1,"high MOD",0.467763435923188,"low"
466,0,0,1.98251769682136,0.993210219057325,0,0.993210219057325,0,1,"low MOD",0.230168809031801,"no"
467,0,0,4.28896703374861,0.901247115778523,0,0.901247115778523,0,1,"high MOD",0.613303508029471,"high"
468,0,0,2.59990878391499,0.937103801285882,0,0.937103801285882,0,1,"low MOD",0.342415566360496,"no"
469,0,0,2.7569004734989,0.985486916978003,0,0.985486916978003,0,1,"low MOD",0.351681021468138,"no"
470,0,0,2.47961495848929,0.41562847053585,0,0.41562847053585,0,1,"low MOD",0.484362771910399,"low"
471,0,0,3.21810487108957,0.818913224511029,0,0.818913224511029,0,1,"high MOD",0.473888988010387,"low"
472,0,0,2.61014888808971,0.374527325469999,0,0.374527325469999,0,1,"low MOD",0.517091421099956,"low"
473,0,0,2.89142599074445,0.559738451991345,0,0.559738451991345,0,1,"low MOD",0.503376782578732,"low"
474,0,0,2.67577677682845,0.799015216785972,0,0.799015216785972,0,1,"low MOD",0.396576360501001,"no"
475,0,0,4.19161131040597,0.940523815558746,0,0.940523815558746,0,1,"high MOD",0.586240566044381,"low"
476,0,0,3.68513335004996,0.628283189028803,0,0.628283189028803,0,1,"high MOD",0.604394918768054,"high"
477,0,0,3.27787789515516,0.972661067884457,0,0.972661067884457,0,1,"high MOD",0.435777809136345,"low"
478,0,0,2.01693394325576,0.948238666864625,0,0.948238666864625,0,1,"low MOD",0.249301016850233,"no"
479,0,0,3.37893738697998,0.922640896929984,0,0.922640896929984,0,1,"high MOD",0.466716245095387,"low"
480,0,0,3.69097865375203,0.570652378820049,0,0.570652378820049,0,1,"high MOD",0.62302675324799,"high"
481,0,0,2.56739829732197,0.857744891401172,0,0.857744891401172,0,1,"low MOD",0.361832079156866,"no"
482,0,0,3.15509520163629,0.595832033968453,0,0.595832033968453,0,1,"high MOD",0.532835559030675,"low"
483,0,0,3.31785427510281,0.862702108489152,0,0.862702108489152,0,1,"high MOD",0.47576154740377,"low"
484,0,0,3.10412232440783,0.674809308911213,0,0.674809308911213,0,1,"high MOD",0.500692877936215,"low"
485,0,0,2.52706896277374,0.998521835402253,0,0.998521835402253,0,1,"low MOD",0.312311583379881,"no"
486,0,0,3.55731612398261,0.487020968426979,0,0.487020968426979,0,1,"high MOD",0.628196028789023,"high"
487,0,0,2.877199065167,0.824361730224456,0,0.824361730224456,0,1,"low MOD",0.419765477648937,"low"
488,0,0,3.46613476655107,0.787798811527497,0,0.787798811527497,0,1,"high MOD",0.521621098999397,"low"
489,0,0,3.9158801152812,0.686656581873509,0,0.686656581873509,0,1,"high MOD",0.621933377159105,"high"
490,0,0,3.64998354207676,0.93402297874204,0,0.93402297874204,0,1,"high MOD",0.50491347455272,"low"
491,0,0,3.57331545528447,0.697768620265629,0,0.697768620265629,0,1,"high MOD",0.565812033038955,"low"
492,0,0,3.07790708689613,0.976758240338057,0,0.976758240338057,0,1,"high MOD",0.403752400956925,"low"
493,0,0,4.24884242269574,0.899762984712188,0,0.899762984712188,0,1,"high MOD",0.607587146657134,"high"
494,0,0,2.57069269068957,0.924385106624081,0,0.924385106624081,0,1,"low MOD",0.341834227298678,"no"
495,0,0,2.63941979493072,0.662619707359328,0,0.662619707359328,0,1,"low MOD",0.432950827724932,"low"
496,0,0,2.02886696420587,0.832826930708978,0,0.832826930708978,0,1,"low MOD",0.286648169659679,"no"
497,0,0,3.03530474355936,0.708467303370668,0,0.708467303370668,0,1,"high MOD",0.479749251818157,"low"
498,0,0,3.00554961187774,0.299889201527737,0,0.299889201527737,0,1,"high MOD",0.600887878280349,"high"
499,0,0,2.21599614484519,0.738586584179,0,0.738586584179,0,1,"low MOD",0.344434304074952,"no"
500,0,0,3.567902472341,0.547305400198964,0,0.547305400198964,0,1,"high MOD",0.611275641837395,"high"
501,0,0,3.47741714182579,0.805286298417189,0,0.805286298417189,0,1,"high MOD",0.517976083844833,"low"
502,0,0,2.95619446995543,0.553343942528193,0,0.553343942528193,0,1,"low MOD",0.515308705369083,"low"
503,0,0,3.55418252427365,0.733868463984105,0,0.733868463984105,0,1,"high MOD",0.551760860970068,"low"
504,0,0,3.64554992253739,0.738811571626359,0,0.738811571626359,0,1,"high MOD",0.564296427582257,"low"
505,0,0,2.29827945440953,0.859553128262775,0,0.859553128262775,0,1,"low MOD",0.319872799674459,"no"
506,0,0,3.50645092720242,0.121583301073711,0,0.121583301073711,0,1,"high MOD",0.732812973085385,"high"
507,0,0,4.15503214547382,0.535223734256138,0,0.535223734256138,0,1,"high MOD",0.705320719532545,"high"
508,0,0,1.84352277724637,0.394513848406546,0,0.394513848406546,0,1,"low MOD",0.392999243143582,"no"
509,0,0,2.98119498422764,0.486003005606764,0,0.486003005606764,0,1,"low MOD",0.539875226617555,"low"
510,0,0,2.80826924648124,0.59213088557343,0,0.59213088557343,0,1,"low MOD",0.480616534666828,"low"
511,0,0,2.29272345152723,0.703013675756741,0,0.703013675756741,0,1,"low MOD",0.367184015386731,"no"
512,0,0,3.36430752520554,0.808917948423432,0,0.808917948423432,0,1,"high MOD",0.499457173593642,"low"
513,0,0,2.68172911322469,0.580484926730117,0,0.580484926730117,0,1,"low MOD",0.464732193809916,"low"
514,0,0,3.91574978795539,0.41363892163397,0,0.41363892163397,0,1,"high MOD",0.705918760721146,"high"
515,0,0,2.30865981661666,0.882390671650162,0,0.882390671650162,0,1,"low MOD",0.314442842048668,"no"
516,0,0,3.44876667002436,0.926010174886138,0,0.926010174886138,0,1,"high MOD",0.476422510808013,"low"
517,0,0,3.74299939362935,0.791978111945711,0,0.791978111945711,0,1,"high MOD",0.562929718421219,"low"
518,0,0,2.23591158220437,0.8232532088749,0,0.8232532088749,0,1,"low MOD",0.321446948377626,"no"
519,0,0,3.40491018788396,0.903767914201144,0,0.903767914201144,0,1,"high MOD",0.47651913222795,"low"
520,0,0,2.02283425976143,0.911308012352334,0,0.911308012352334,0,1,"low MOD",0.261572036162579,"no"
521,0,0,3.11962791691669,0.347982212228242,0,0.347982212228242,0,1,"high MOD",0.60364053730157,"high"
522,0,0,3.24337983273366,0.762313426137072,0,0.762313426137072,0,1,"high MOD",0.495192766224541,"low"
523,0,0,2.76298981429393,0.957297506708888,0,0.957297506708888,0,1,"low MOD",0.3612915078271,"no"
524,0,0,2.31492590141407,0.947824129051942,0,0.947824129051942,0,1,"low MOD",0.295273483586182,"no"
525,0,0,2.26677143859634,0.926765437920471,0,0.926765437920471,0,1,"low MOD",0.294344701962369,"no"
526,0,0,4.5820959889943,0.435540509535016,0,0.435540509535016,0,1,"high MOD",0.80169461075758,"high"
527,0,0,3.27434796588693,0.713082727681648,0,0.713082727681648,0,1,"high MOD",0.515105001619021,"low"
528,0,0,3.21536329622984,0.960199997320779,0,0.960199997320779,0,1,"high MOD",0.429994354090505,"low"
529,0,0,2.13812604219432,0.762509503884744,0,0.762509503884744,0,1,"low MOD",0.325093389911512,"no"
530,0,0,2.31915405693511,0.627612704849478,0,0.627612704849478,0,1,"low MOD",0.394450561113254,"no"
531,0,0,2.309855185654,0.806730993942264,0,0.806730993942264,0,1,"low MOD",0.337906645810688,"no"
532,0,0,2.28817014881716,0.942252799168995,0,0.942252799168995,0,1,"low MOD",0.292871469304487,"no"
533,0,0,3.419222214676,0.997319844547003,0,0.997319844547003,0,1,"high MOD",0.44993577316646,"low"
534,0,0,3.38466846973651,0.754933378140641,0,0.754933378140641,0,1,"high MOD",0.519200263608496,"low"
535,0,0,3.12868188479229,0.66288876749601,0,0.66288876749601,0,1,"high MOD",0.508139130738503,"low"
536,0,0,2.80167283951341,0.392430907759443,0,0.392430907759443,0,1,"low MOD",0.541047849845311,"low"
537,0,0,2.37028272469174,0.447474065978344,0,0.447474065978344,0,1,"low MOD",0.4577437834977,"low"
538,0,0,4.36978938474578,0.874986005830672,0,0.874986005830672,0,1,"high MOD",0.633818057397606,"high"
539,0,0,3.64849590692501,0.843685571305678,0,0.843685571305678,0,1,"high MOD",0.532480732971332,"low"
540,0,0,3.5759001600958,0.919075219725416,0,0.919075219725416,0,1,"high MOD",0.498115341637688,"low"
541,0,0,2.85006269095505,0.658782264467403,0,0.658782264467403,0,1,"low MOD",0.466538178772346,"low"
542,0,0,3.54023622616345,0.495078790779585,0,0.495078790779585,0,1,"high MOD",0.623089022246812,"high"
543,0,0,3.41007519577003,0.88405466639397,0,0.88405466639397,0,1,"high MOD",0.483379363535706,"low"
544,0,0,2.94098953215744,0.661045455533178,0,0.661045455533178,0,1,"low MOD",0.479830557090936,"low"
545,0,0,3.87909365625163,0.752731488346386,0,0.752731488346386,0,1,"high MOD",0.595943181470594,"low"
546,0,0,3.5351347820175,0.680524496873825,0,0.680524496873825,0,1,"high MOD",0.565243967426131,"low"
547,0,0,2.02877684650613,0.717544512714378,0,0.717544512714378,0,1,"low MOD",0.322105818627288,"no"
548,0,0,2.5615515470935,0.481154362325874,0,0.481154362325874,0,1,"low MOD",0.476806588067962,"low"
549,0,0,3.59732661443356,0.447129330287357,0,0.447129330287357,0,1,"high MOD",0.646625839055207,"high"
550,0,0,2.77298871999467,0.632497625019159,0,0.632497625019159,0,1,"low MOD",0.462768226147131,"low"
551,0,0,2.71271154689329,0.728724933249163,0,0.728724933249163,0,1,"low MOD",0.423886412368456,"low"
552,0,0,1.44790464409971,0.926199535315421,0,0.926199535315421,0,1,"low MOD",0.16853931899521,"no"
553,0,0,2.54433366846465,0.346515387345011,0,0.346515387345011,0,1,"low MOD",0.515585060580712,"low"
554,0,0,3.58813181744509,0.653474995880044,0,0.653474995880044,0,1,"high MOD",0.581720280874616,"low"
555,0,0,2.8143298339846,0.715511304074928,0,0.715511304074928,0,1,"low MOD",0.4435857270515,"low"
556,0,0,1.95255575481416,0.67436826821744,0,0.67436826821744,0,1,"low MOD",0.323664495135274,"no"
557,0,0,2.36430743402472,0.928319779197245,0,0.928319779197245,0,1,"low MOD",0.308871980866189,"no"
558,0,0,4.22703144836828,0.645480913321607,0,0.645480913321607,0,1,"high MOD",0.682472249496164,"high"
559,0,0,3.86406335633225,0.944511722987262,0,0.944511722987262,0,1,"high MOD",0.53462152467042,"low"
560,0,0,2.19890454669621,0.839540260645999,0,0.839540260645999,0,1,"low MOD",0.310742157754495,"no"
561,0,0,3.03831691635931,0.790892257244539,0,0.790892257244539,0,1,"high MOD",0.454851138749266,"low"
562,0,0,3.61195511189563,0.38288365640818,0,0.38288365640818,0,1,"high MOD",0.668644276781426,"high"
563,0,0,3.56988416214782,0.608032076377578,0,0.608032076377578,0,1,"high MOD",0.592895386060409,"low"
564,0,0,3.44879764078513,0.870942621980683,0,0.870942621980683,0,1,"high MOD",0.493371137972887,"low"
565,0,0,2.80774777929748,0.70889299310727,0,0.70889299310727,0,1,"low MOD",0.444609506628144,"low"
566,0,0,4.03167596865716,0.729505175203585,0,0.729505175203585,0,1,"high MOD",0.626563941269229,"high"
567,0,0,3.5904211109209,0.89195573994009,0,0.89195573994009,0,1,"high MOD",0.508693789390881,"low"
568,0,0,2.77450970989639,0.815859994684073,0,0.815859994684073,0,1,"low MOD",0.406583033927422,"low"
569,0,0,2.68845697825986,0.729777353142041,0,0.729777353142041,0,1,"low MOD",0.419831118765504,"low"
570,0,0,2.67428383685896,0.804726471883775,0,0.804726471883775,0,1,"low MOD",0.394589368167909,"no"
571,0,0,2.60295954565032,0.699316668449002,0,0.699316668449002,0,1,"low MOD",0.416050185961895,"low"
572,0,0,3.69793218966282,0.607457496560424,0,0.607457496560424,0,1,"high MOD",0.612771876391072,"high"
573,0,0,3.46000345280596,0.834513241715087,0,0.834513241715087,0,1,"high MOD",0.506304149134736,"low"
574,0,0,3.02301090375387,0.846140656097191,0,0.846140656097191,0,1,"high MOD",0.435496860239921,"low"
575,0,0,3.83712789485934,0.524070094378494,0,0.524070094378494,0,1,"high MOD",0.659844262477284,"high"
576,0,0,2.79438364526394,0.944314606712199,0,0.944314606712199,0,1,"low MOD",0.370116066436853,"no"
577,0,0,2.45430640763063,0.97257318427625,0,0.97257318427625,0,1,"low MOD",0.309101544473559,"no"
578,0,0,1.40452325289777,0.946687345297457,0,0.946687345297457,0,1,"low MOD",0.155561317277363,"no"
579,0,0,3.02415591580168,0.795883564295337,0,0.795883564295337,0,1,"high MOD",0.451136736494002,"low"
580,0,0,3.34879196650518,0.724390402431767,0,0.724390402431767,0,1,"high MOD",0.52307864025256,"low"
581,0,0,3.36173850569815,0.369804031142856,0,0.369804031142856,0,1,"high MOD",0.634173914371144,"high"
582,0,0,3.30272252580597,0.759463953997678,0,0.759463953997678,0,1,"high MOD",0.505199171970864,"low"
583,0,0,2.09273865688349,0.659366072645063,0,0.659366072645063,0,1,"low MOD",0.349847155629748,"no"
584,0,0,3.81857482075605,0.745215546149922,0,0.745215546149922,0,1,"high MOD",0.588945188993262,"low"
585,0,0,3.91191468778746,0.675172673235627,0,0.675172673235627,0,1,"high MOD",0.624856821740956,"high"
586,0,0,2.70585056309403,0.587090620472447,0,0.587090620472447,0,1,"low MOD",0.466410664946021,"low"
587,0,0,3.27390076341923,0.746332606361054,0,0.746332606361054,0,1,"high MOD",0.504805469338019,"low"
588,0,0,3.13621301539738,0.876499382958143,0,0.876499382958143,0,1,"high MOD",0.443571422997092,"low"
589,0,0,3.61644797496805,0.782514779748449,0,0.782514779748449,0,1,"high MOD",0.546372063918638,"low"
590,0,0,2.08884786116939,0.700851682101379,0,0.700851682101379,0,1,"low MOD",0.336483768764098,"no"
591,0,0,3.15534733997527,0.463980056106818,0,0.463980056106818,0,1,"high MOD",0.573444188886406,"low"
592,0,0,3.20709616543816,0.793303114926898,0,0.793303114926898,0,1,"high MOD",0.480075374705287,"low"
593,0,0,2.6002388766573,0.52778935712208,0,0.52778935712208,0,1,"low MOD",0.468409255755868,"low"
594,0,0,3.03465366272755,0.898715761851546,0,0.898715761851546,0,1,"high MOD",0.421111098311455,"low"
595,0,0,1.36234967344264,0.464466356806385,0,0.464466356806385,0,1,"low MOD",0.29744876305075,"no"
596,0,0,2.36118771591565,0.724966221244456,0,0.724966221244456,0,1,"low MOD",0.37096234975796,"no"
597,0,0,3.65342356649693,0.960113850220776,0,0.960113850220776,0,1,"high MOD",0.497414748623904,"low"
598,0,0,1.77953658106274,0.657659609979677,0,0.657659609979677,0,1,"low MOD",0.302187286323598,"no"
599,0,0,3.2382879282319,0.610459033220231,0,0.610459033220231,0,1,"high MOD",0.54113382489099,"low"
600,0,0,3.04470795209381,0.786700735173453,0,0.786700735173453,0,1,"high MOD",0.457124074114909,"low"
601,0,0,2.93722848455266,0.650097691379999,0,0.650097691379999,0,1,"low MOD",0.482620477198871,"low"
602,0,0,2.49148005367119,0.924440559633126,0,0.924440559633126,0,1,"low MOD",0.329630605293068,"no"
603,0,0,2.7323133955814,0.867786859075188,0,0.867786859075188,0,1,"low MOD",0.38411379652785,"no"
604,0,0,3.04773245196919,0.847601196091783,0,0.847601196091783,0,1,"high MOD",0.438850778428557,"low"
605,0,0,4.0586202545577,0.455275209483606,0,0.455275209483606,0,1,"high MOD",0.71508766701392,"high"
606,0,0,2.60746442076443,0.821004148415864,0,0.821004148415864,0,1,"low MOD",0.379300942143493,"no"
607,0,0,3.40001414489345,0.54778450283092,0,0.54778450283092,0,1,"high MOD",0.585299252189479,"low"
608,0,0,3.21376792284491,0.88746817394872,0,0.88746817394872,0,1,"high MOD",0.452127934607303,"low"
609,0,0,3.31799532996739,0.770770240283228,0,0.770770240283228,0,1,"high MOD",0.504069976830913,"low"
610,0,0,4.21739050442732,0.447411984944143,0,0.447411984944143,0,1,"high MOD",0.741933313006005,"high"
611,0,0,2.91441656946072,0.613639492963498,0,0.613639492963498,0,1,"low MOD",0.490328859005188,"low"
612,0,0,3.58769839371114,0.96480559733834,0,0.96480559733834,0,1,"high MOD",0.485859569082225,"low"
613,0,0,2.93725583106477,0.432613546850907,0,0.432613546850907,0,1,"low MOD",0.549542882671224,"low"
614,0,0,3.27199775815,0.733230944170795,0,0.733230944170795,0,1,"high MOD",0.508543979970524,"low"
615,0,0,2.90216205845289,0.229320146858849,0,0.229320146858849,0,1,"low MOD",0.606695656113106,"high"
616,0,0,3.72190720966383,0.664262736120389,0,0.664262736120389,0,1,"high MOD",0.598981805757393,"low"
617,0,0,3.3009473881818,0.345715107516173,0,0.345715107516173,0,1,"high MOD",0.632233411253762,"high"
618,0,0,2.64900750430371,0.870533419914771,0,0.870533419914771,0,1,"low MOD",0.370452409919104,"no"
619,0,0,4.18731748989515,0.648300046077672,0,0.648300046077672,0,1,"high MOD",0.675494984267663,"high"
620,0,0,4.16052924746407,0.869062079721,0,0.869062079721,0,1,"high MOD",0.603446936618779,"high"
621,0,0,3.30701580161261,0.71439176100262,0,0.71439176100262,0,1,"high MOD",0.519728043016518,"low"
622,0,0,3.3471990517381,0.944921995104605,0,0.944921995104605,0,1,"high MOD",0.454977701773675,"low"
623,0,0,1.86645375942403,0.918800988395012,0,0.918800988395012,0,1,"low MOD",0.235207966559078,"no"
624,0,0,2.46509694147879,0.714638064793895,0,0.714638064793895,0,1,"low MOD",0.390126278752462,"no"
625,0,0,2.09790482349157,0.587640099804951,0,0.587640099804951,0,1,"low MOD",0.37271148059718,"no"
626,0,0,2.76209147283798,0.834188219303383,0,0.834188219303383,0,1,"low MOD",0.399033082189418,"no"
627,0,0,3.21600880053261,0.945806122866208,0,0.945806122866208,0,1,"high MOD",0.434522546892337,"low"
628,0,0,3.33414797218096,0.686550639336681,0,0.686550639336681,0,1,"high MOD",0.532468722078092,"low"
629,0,0,2.28728197085227,0.793700021122542,0,0.793700021122542,0,1,"low MOD",0.338443373631874,"no"
630,0,0,3.59282161210789,0.599333020346527,0,0.599333020346527,0,1,"high MOD",0.599100857140744,"low"
631,0,0,4.06504779812125,0.623214397676516,0,0.623214397676516,0,1,"high MOD",0.664402923502802,"high"
632,0,0,3.62074548665574,0.605922867784332,0,0.605922867784332,0,1,"high MOD",0.601369192474935,"high"
633,0,0,1.88232558835058,0.789177536595641,0,0.789177536595641,0,1,"low MOD",0.277533925409122,"no"
634,0,0,3.08356145902423,0.924616902218103,0,0.924616902218103,0,1,"high MOD",0.420665793013541,"low"
635,0,0,3.1626980141137,0.684442766253048,0,0.684442766253048,0,1,"high MOD",0.506740381785786,"low"
636,0,0,2.50006247228891,0.812764064371189,0,0.812764064371189,0,1,"low MOD",0.365312975930235,"no"
637,0,0,2.15755614824913,0.806712630737951,0,0.806712630737951,0,1,"low MOD",0.314481674888189,"no"
638,0,0,2.27349913609191,0.760688772111142,0,0.760688772111142,0,1,"low MOD",0.346480244903019,"no"
639,0,0,2.88304417216576,0.632089530522578,0,0.632089530522578,0,1,"low MOD",0.479825401710862,"low"
640,0,0,3.54272348812877,0.59954955743621,0,0.59954955743621,0,1,"high MOD",0.591326826654824,"low"
641,0,0,2.24619639875178,0.911515866136669,0,0.911515866136669,0,1,"low MOD",0.295871487150529,"no"
642,0,0,2.81328034724226,0.748363395773763,0,0.748363395773763,0,1,"low MOD",0.433315931645343,"low"
643,0,0,2.49827284838821,0.354565833445397,0,0.354565833445397,0,1,"low MOD",0.506021720230372,"low"
644,0,0,3.32972779596857,0.436583034408643,0,0.436583034408643,0,1,"high MOD",0.60870180417712,"high"
645,0,0,3.44650636418917,0.762938824288504,0,0.762938824288504,0,1,"high MOD",0.526250571632641,"low"
646,0,0,2.60778360813193,0.993435722558066,0,0.993435722558066,0,1,"low MOD",0.326294178925507,"no"
647,0,0,3.73416787859041,0.937326376027583,0,0.937326376027583,0,1,"high MOD",0.516848481005422,"low"
648,0,0,2.33525097876341,0.653018071863303,0,0.653018071863303,0,1,"low MOD",0.389109974621046,"no"
649,0,0,3.50777296141918,0.873018291323466,0,0.873018291323466,0,1,"high MOD",0.501805596734191,"low"
650,0,0,2.83369172014621,0.85127008324617,0,0.85127008324617,0,1,"low MOD",0.404792546715979,"low"
651,0,0,2.85182783951615,0.67814545150431,0,0.67814545150431,0,1,"low MOD",0.460851836385774,"low"
652,0,0,3.00946968090553,0.870960174058513,0,0.870960174058513,0,1,"high MOD",0.425776820429001,"low"
653,0,0,2.7529200243387,0.517216037764207,0,0.517216037764207,0,1,"low MOD",0.495151992124659,"low"
654,0,0,2.48548963351218,0.910300996990971,0,0.910300996990971,0,1,"low MOD",0.333059636850805,"no"
655,0,0,2.51362014691916,0.824586547103808,0,0.824586547103808,0,1,"low MOD",0.363761085032546,"no"
656,0,0,3.22913361084913,0.729839875739792,0,0.729839875739792,0,1,"high MOD",0.502992901441468,"low"
657,0,0,3.25456598769425,0.725724988972494,0,0.725724988972494,0,1,"high MOD",0.508171693807578,"low"
658,0,0,4.10246755414672,0.552213014555114,0,0.552213014555114,0,1,"high MOD",0.692006388467152,"high"
659,0,0,2.89849769219687,0.909126584262166,0,0.909126584262166,0,1,"low MOD",0.396960695949621,"no"
660,0,0,3.59651283435949,0.534946711173078,0,0.534946711173078,0,1,"high MOD",0.619479909540512,"high"
661,0,0,2.48732086936562,0.885494006460258,0,0.885494006460258,0,1,"low MOD",0.340974285606939,"no"
662,0,0,1.84230574502268,0.877451386712928,0,0.877451386712928,0,1,"low MOD",0.244215841784128,"no"
663,0,0,2.64820763277617,0.71644672590644,0,0.71644672590644,0,1,"low MOD",0.417740643225122,"low"
664,0,0,4.04875654242838,0.96593567532396,0,0.96593567532396,0,1,"high MOD",0.556443875658533,"low"
665,0,0,3.88368584058367,0.961725350923359,0,0.961725350923359,0,1,"high MOD",0.532343867497993,"low"
666,0,0,3.54151600528008,0.78910582727365,0,0.78910582727365,0,1,"high MOD",0.532816053958889,"low"
667,0,0,3.10999378168166,0.653696207198205,0,0.653696207198205,0,1,"high MOD",0.508092518043885,"low"
668,0,0,2.83538899164907,0.823450286364604,0,0.823450286364604,0,1,"low MOD",0.413613602910749,"low"
669,0,0,3.24815273918882,0.588613113435734,0,0.588613113435734,0,1,"high MOD",0.549373309587285,"low"
670,0,0,4.31398974959191,0.936158568380883,0,0.936158568380883,0,1,"high MOD",0.606411171204637,"high"
671,0,0,3.09178194827981,0.722672274947888,0,0.722672274947888,0,1,"high MOD",0.484067292059083,"low"
672,0,0,2.52297193202238,0.990895854270188,0,0.990895854270188,0,1,"low MOD",0.314027726689539,"no"
673,0,0,2.94440887786123,0.579003210230349,0,0.579003210230349,0,1,"low MOD",0.505600378061621,"low"
674,0,0,3.58966340158432,0.871177145728478,0,0.871177145728478,0,1,"high MOD",0.514970632327287,"low"
675,0,0,2.57000392819878,0.808184065411284,0,0.808184065411284,0,1,"low MOD",0.377482430365572,"no"
676,0,0,3.12329014062705,0.763191344439417,0,0.763191344439417,0,1,"high MOD",0.476447300268957,"low"
677,0,0,2.44849766781522,0.907614195925163,0,0.907614195925163,0,1,"low MOD",0.328195273225368,"no"
678,0,0,2.32769533553832,0.668691197455259,0,0.668691197455259,0,1,"low MOD",0.383125067788893,"no"
679,0,0,4.16456044611021,0.549713759403053,0,0.549713759403053,0,1,"high MOD",0.70232814266217,"high"
680,0,0,3.79900177497387,0.558116421923916,0,0.558116421923916,0,1,"high MOD",0.643502912480928,"high"
681,0,0,3.7557170732006,0.8213698078258,0,0.8213698078258,0,1,"high MOD",0.55584268577677,"low"
682,0,0,3.35707872784217,0.948597412874262,0,0.948597412874262,0,1,"high MOD",0.455366754168254,"low"
683,0,0,2.2106733314175,0.587465265668008,0,0.587465265668008,0,1,"low MOD",0.390114276935613,"no"
684,0,0,3.45146861114632,0.669847539521743,0,0.669847539521743,0,1,"high MOD",0.555657466477359,"low"
685,0,0,4.55972553624208,0.849093947422723,0,0.849093947422723,0,1,"high MOD",0.671005790984098,"high"
686,0,0,2.3944633086415,0.828482321383483,0,0.828482321383483,0,1,"low MOD",0.344230563980697,"no"
687,0,0,2.55272517705659,0.876333867441292,0,0.876333867441292,0,1,"low MOD",0.353854991103694,"no"
688,0,0,3.60536215694037,0.851348054454675,0,0.851348054454675,0,1,"high MOD",0.523487084312464,"low"
689,0,0,3.38820471396385,0.787491787538478,0,0.787491787538478,0,1,"high MOD",0.509726329059522,"low"
690,0,0,2.55512683462364,0.801752013313217,0,0.801752013313217,0,1,"low MOD",0.377172739691878,"no"
691,0,0,3.34130981390967,0.846137712716724,0,0.846137712716724,0,1,"high MOD",0.484466828996342,"low"
692,0,0,3.82032160744422,0.760676507284838,0,0.760676507284838,0,1,"high MOD",0.584456706596084,"low"
693,0,0,3.76953453499256,0.801464648794789,0,0.801464648794789,0,1,"high MOD",0.564093113446613,"low"
694,0,0,2.31625556299028,0.962541219518838,0,0.962541219518838,0,1,"low MOD",0.290949711377324,"no"
695,0,0,2.59809362934444,0.665858271842477,0,0.665858271842477,0,1,"low MOD",0.425596474716844,"low"
696,0,0,3.57143042220977,0.853547154041007,0,0.853547154041007,0,1,"high MOD",0.517590171404271,"low"
697,0,0,3.22766857259781,0.473507520454275,0,0.473507520454275,0,1,"high MOD",0.581639004875271,"low"
698,0,0,2.53511560902821,0.645927212951382,0,0.645927212951382,0,1,"low MOD",0.4220401820193,"low"
699,0,0,3.40520449121315,0.595972799829799,0,0.595972799829799,0,1,"high MOD",0.571270598700547,"low"
700,0,0,2.20772979452599,0.678009297954868,0,0.678009297954868,0,1,"low MOD",0.361801722864039,"no"
701,0,0,2.63766773673738,0.947665967043632,0,0.947665967043632,0,1,"low MOD",0.344974738869248,"no"
702,0,0,2.73382611850584,0.436038582810468,0,0.436038582810468,0,1,"low MOD",0.517192146597677,"low"
703,0,0,3.19510403289749,0.937832264371645,0,0.937832264371645,0,1,"high MOD",0.43375992371603,"low"
704,0,0,1.87261613344703,0.93283781911267,0,0.93283781911267,0,1,"low MOD",0.231836999264876,"no"
705,0,0,3.29818861271049,0.979101255319639,0,0.979101255319639,0,1,"high MOD",0.436920938780186,"low"
706,0,0,3.13257317693498,0.429402777298938,0,0.429402777298938,0,1,"high MOD",0.580579634205708,"low"
707,0,0,4.08333930187371,0.944531939758393,0,0.944531939758393,0,1,"high MOD",0.568350064977988,"low"
708,0,0,2.19546340764565,0.770659513208982,0,0.770659513208982,0,1,"low MOD",0.331406827881183,"no"
709,0,0,3.23042247085516,0.452706793371359,0,0.452706793371359,0,1,"high MOD",0.588462905248068,"low"
710,0,0,3.01292680280521,0.87448342467727,0,0.87448342467727,0,1,"high MOD",0.42522460822318,"low"
711,0,0,1.85170867737326,0.776722781053173,0,0.776722781053173,0,1,"low MOD",0.276655863887218,"no"
712,0,0,2.57462195752865,0.912258968238699,0,0.912258968238699,0,1,"low MOD",0.3461698493925,"no"
713,0,0,2.93294903778069,0.54402477675093,0,0.54402477675093,0,1,"low MOD",0.514599920658282,"low"
714,0,0,3.13462013677958,0.970824150640837,0,0.970824150640837,0,1,"high MOD",0.414303359307371,"low"
715,0,0,2.84132237183827,0.869806559561355,0,0.869806559561355,0,1,"low MOD",0.40026296195624,"low"
716,0,0,3.97522939411087,0.668584565679905,0,0.668584565679905,0,1,"high MOD",0.636624655807856,"high"
717,0,0,3.34476243064949,0.999293024346677,0,0.999293024346677,0,1,"high MOD",0.437873289531714,"low"
718,0,0,2.93897510680421,0.238992206343992,0,0.238992206343992,0,1,"low MOD",0.609383183710189,"high"
719,0,0,2.88871493328263,0.639514105199201,0,0.639514105199201,0,1,"low MOD",0.47841334198219,"low"
720,0,0,2.80761847328698,0.701184626754431,0,0.701184626754431,0,1,"low MOD",0.446961418427402,"low"
721,0,0,2.36989274916742,0.858851927219885,0,0.858851927219885,0,1,"low MOD",0.331105983804254,"no"
722,0,0,3.75309575477904,0.976541246181431,0,0.976541246181431,0,1,"high MOD",0.507694348064028,"low"
723,0,0,2.17159121129214,0.946350869400669,0,0.946350869400669,0,1,"low MOD",0.273675303460123,"no"
724,0,0,2.3714661304779,0.97686538873255,0,0.97686538873255,0,1,"low MOD",0.295036208155816,"no"
725,0,0,4.66527342208356,0.624373186988888,0,0.624373186988888,0,1,"high MOD",0.75638877663166,"high"
726,0,0,2.13789898511294,0.481853455851184,0,0.481853455851184,0,1,"low MOD",0.411414165140088,"low"
727,0,0,3.26463519564203,0.618167197983373,0,0.618167197983373,0,1,"high MOD",0.542815507642352,"low"
728,0,0,1.9229447537025,0.97735645914549,0,0.97735645914549,0,1,"low MOD",0.225881820832542,"no"
729,0,0,3.95048632355884,0.645865463984251,0,0.645865463984251,0,1,"high MOD",0.639808522398513,"high"
730,0,0,2.20631335064453,0.763202719686443,0,0.763202719686443,0,1,"low MOD",0.335370447887945,"no"
731,0,0,2.54989752796278,0.710673467463014,0,0.710673467463014,0,1,"low MOD",0.404392398928731,"low"
732,0,0,3.05208915745209,0.810230389256037,0,0.810230389256037,0,1,"high MOD",0.451019750606156,"low"
733,0,0,2.223829138335,0.737694313014552,0,0.737694313014552,0,1,"low MOD",0.345913924970139,"no"
734,0,0,2.66242669031975,0.593474791044196,0,0.593474791044196,0,1,"low MOD",0.457765708958671,"low"
735,0,0,2.19509118263124,0.940768495304764,0,0.940768495304764,0,1,"low MOD",0.279008337234109,"no"
736,0,0,2.50339222235728,0.654252485808484,0,0.654252485808484,0,1,"low MOD",0.414598038575432,"low"
737,0,0,3.78430775525467,0.516000283799392,0,0.516000283799392,0,1,"high MOD",0.654201105793213,"high"
738,0,0,1.83264518736415,0.55846552137663,0,0.55846552137663,0,1,"low MOD",0.340879099170906,"no"
739,0,0,2.98737524531647,0.769368599597077,0,0.769368599597077,0,1,"low MOD",0.453636622480357,"low"
740,0,0,2.06037228666174,0.982549076037544,0,0.982549076037544,0,1,"low MOD",0.245426789936409,"no"
741,0,0,3.17822324743645,0.566010289647415,0,0.566010289647415,0,1,"high MOD",0.545569641252556,"low"
742,0,0,3.42333050321642,0.746966029354479,0,0.746966029354479,0,1,"high MOD",0.527599760693456,"low"
743,0,0,2.81227261331145,0.730895240892228,0,0.730895240892228,0,1,"low MOD",0.438535712542615,"low"
744,0,0,2.93755689679284,0.852085420586063,0,0.852085420586063,0,1,"low MOD",0.420520931633956,"low"
745,0,0,2.86894326262974,0.703506417140404,0,0.703506417140404,0,1,"low MOD",0.455681604361374,"low"
746,0,0,3.78457783338848,0.565757265894412,0,0.565757265894412,0,1,"high MOD",0.638932815630716,"high"
747,0,0,3.18832322828019,0.81865786635668,0,0.81865786635668,0,1,"high MOD",0.469385768548743,"low"
748,0,0,2.57762196487715,0.650466346743273,0,0.650466346743273,0,1,"low MOD",0.427182964829324,"low"
749,0,0,3.24501225515094,0.404031487419731,0,0.404031487419731,0,1,"high MOD",0.605684504663305,"high"
750,0,0,3.09481240914563,0.746413965090172,0,0.746413965090172,0,1,"high MOD",0.477228381379275,"low"
751,0,0,4.25896921241561,0.904721211390742,0,0.904721211390742,0,1,"high MOD",0.607619506097557,"high"
752,0,0,2.01532942964259,0.840927161054876,0,0.840927161054876,0,1,"low MOD",0.28207309346659,"no"
753,0,0,2.62855394667355,0.918156791882612,0,0.918156791882612,0,1,"low MOD",0.352652363524357,"no"
754,0,0,1.3473012934468,0.585088266717823,0,0.585088266717823,0,1,"low MOD",0.25801919384787,"no"
755,0,0,2.82759076536818,0.128892604269026,0,0.128892604269026,0,1,"low MOD",0.62612393182002,"high"
756,0,0,2.54774436788385,0.70221986961016,0,0.70221986961016,0,1,"low MOD",0.406662250563621,"low"
757,0,0,3.79133863236865,0.895515998976004,0,0.895515998976004,0,1,"high MOD",0.538508712987176,"low"
758,0,0,4.51942381865317,0.766991961235577,0,0.766991961235577,0,1,"high MOD",0.690067676335694,"high"
759,0,0,2.64644334003201,0.450441002464643,0,0.450441002464643,0,1,"low MOD",0.499317128477343,"low"
760,0,0,2.50383430063314,0.603319346144887,0,0.603319346144887,0,1,"low MOD",0.43033778589898,"low"
761,0,0,3.64123615818148,0.793729115166776,0,0.793729115166776,0,1,"high MOD",0.546735065822759,"low"
762,0,0,3.49966683200936,0.521493682082569,0,0.521493682082569,0,1,"high MOD",0.60871991812988,"high"
763,0,0,2.83145316945359,0.476034148619799,0,0.476034148619799,0,1,"low MOD",0.519905364955998,"low"
764,0,0,3.63526672148725,0.729412436150066,0,0.729412436150066,0,1,"high MOD",0.56560643833648,"low"
765,0,0,2.82652150931466,0.385825787607429,0,0.385825787607429,0,1,"low MOD",0.546903066784586,"low"
766,0,0,3.32814917712734,0.583355281472299,0,0.583355281472299,0,1,"high MOD",0.563298248335807,"low"
767,0,0,4.24825563807709,0.457331370208075,0,0.457331370208075,0,1,"high MOD",0.743629676563222,"high"
768,0,0,2.96301555887514,0.907433796723196,0,0.907433796723196,0,1,"low MOD",0.40740737929673,"low"
769,0,0,3.09445803034476,0.538877183565295,0,0.538877183565295,0,1,"high MOD",0.54103133280218,"low"
770,0,0,4.27147377474711,0.952808392847372,0,0.952808392847372,0,1,"high MOD",0.59474722908498,"low"
771,0,0,2.84759890586235,0.843551559639806,0,0.843551559639806,0,1,"low MOD",0.409307044089652,"low"
772,0,0,2.89025961005277,0.71690096770596,0,0.71690096770596,0,1,"low MOD",0.454839642252438,"low"
773,0,0,2.83184456168992,0.849722942116699,0,0.849722942116699,0,1,"low MOD",0.404984411916389,"low"
774,0,0,3.19271676132374,0.943557314523021,0,0.943557314523021,0,1,"high MOD",0.431631097273493,"low"
775,0,0,2.65931173225585,0.79960748250008,0,0.79960748250008,0,1,"low MOD",0.39386104111626,"no"
776,0,0,3.0700934353699,0.709836391654452,0,0.709836391654452,0,1,"high MOD",0.484680100317076,"low"
777,0,0,4.17142261578935,0.718202041861515,0,0.718202041861515,0,1,"high MOD",0.651541312625588,"high"
778,0,0,2.39672186841475,0.974630997158343,0,0.974630997158343,0,1,"low MOD",0.299609211399703,"no"
779,0,0,3.05787101602905,0.639222149005541,0,0.639222149005541,0,1,"high MOD",0.50452718738738,"low"
780,0,0,2.01063236867282,0.661693186946084,0,0.661693186946084,0,1,"low MOD",0.336499383812407,"no"
781,0,0,3.2124466025618,0.523276047753897,0,0.523276047753897,0,1,"high MOD",0.563983770316001,"low"
782,0,0,3.25467626021068,0.572677401935369,0,0.572677401935369,0,1,"high MOD",0.555280224052298,"low"
783,0,0,2.58415779677083,0.960570869820652,0,0.960570869820652,0,1,"low MOD",0.332771701096851,"no"
784,0,0,3.69657590784035,0.740489906292433,0,0.740489906292433,0,1,"high MOD",0.571630168500844,"low"
785,0,0,2.56150747236524,0.472050024114622,0,0.472050024114622,0,1,"low MOD",0.479601142174768,"low"
786,0,0,2.71556923908581,0.927644393039842,0,0.927644393039842,0,1,"low MOD",0.36312006969325,"no"
787,0,0,3.96107231515011,0.962254611240801,0,0.962254611240801,0,1,"high MOD",0.544086629641309,"low"
788,0,0,2.55423329092357,0.528610268523585,0,0.528610268523585,0,1,"low MOD",0.461078885211754,"low"
789,0,0,1.82713478753994,0.93792947599231,0,0.93792947599231,0,1,"low MOD",0.223273205470049,"no"
790,0,0,3.20052108610284,0.656852530021214,0,0.656852530021214,0,1,"high MOD",0.521048619393909,"low"
791,0,0,3.96625174171213,0.732921041516444,0,0.732921041516444,0,1,"high MOD",0.615447639796807,"high"
792,0,0,2.15358157886375,0.890821479438452,0,0.890821479438452,0,1,"low MOD",0.287990556921053,"no"
793,0,0,3.44160312249524,0.966319875966373,0,0.966319875966373,0,1,"high MOD",0.462917441624999,"low"
794,0,0,2.12473969769058,0.452863746158007,0,0.452863746158007,0,1,"low MOD",0.418309570057626,"low"
795,0,0,2.65100505284704,0.537671095110179,0,0.537671095110179,0,1,"low MOD",0.473178901942567,"low"
796,0,0,3.62467382510773,0.554182657065229,0,0.554182657065229,0,1,"high MOD",0.617893617073427,"high"
797,0,0,2.50366397029005,0.789051607257952,0,0.789051607257952,0,1,"low MOD",0.373163193196023,"no"
798,0,0,2.48886387332878,0.522350276803992,0,0.522350276803992,0,1,"low MOD",0.452948203033969,"low"
799,0,0,3.51270804952477,0.486739900717664,0,0.486739900717664,0,1,"high MOD",0.621419730475298,"high"
800,0,0,3.14020678246592,0.71987219718949,0,0.71987219718949,0,1,"high MOD",0.492378828936453,"low"
801,0,0,3.25116066020502,0.915168615863741,0,0.915168615863741,0,1,"high MOD",0.449357450535006,"low"
802,0,0,2.70394357798946,0.787751484781614,0,0.787751484781614,0,1,"low MOD",0.40437547821942,"low"
803,0,0,1.77927613458736,0.299040095678616,0,0.299040095678616,0,1,"low MOD",0.412491683573866,"low"
804,0,0,2.03033083199832,0.826675891043458,0,0.826675891043458,0,1,"low MOD",0.288766007678678,"no"
805,0,0,3.1911241394961,0.830558923834312,0,0.830558923834312,0,1,"high MOD",0.466154814127303,"low"
806,0,0,3.17746164265971,0.66812478550158,0,0.66812478550158,0,1,"high MOD",0.5140326264087,"low"
807,0,0,4.26564363492754,0.911300170957011,0,0.911300170957011,0,1,"high MOD",0.606622045079002,"high"
808,0,0,1.59724837339633,0.671144234766934,0,0.671144234766934,0,1,"low MOD",0.269993831363455,"no"
809,0,0,2.91865020657124,0.944199021733153,0,0.944199021733153,0,1,"low MOD",0.389269563554606,"no"
810,0,0,2.99728757435746,0.528863184331073,0,0.528863184331073,0,1,"low MOD",0.529163262414663,"low"
811,0,0,2.65769094069711,0.937466965382271,0,0.937466965382271,0,1,"low MOD",0.351193386143473,"no"
812,0,0,3.08671928570305,0.830949125862996,0,0.830949125862996,0,1,"high MOD",0.449972466765701,"low"
813,0,0,1.95545514079592,0.784546715615169,0,0.784546715615169,0,1,"low MOD",0.29020949377932,"no"
814,0,0,3.09075981493355,0.823739132291848,0,0.823739132291848,0,1,"high MOD",0.45281254620767,"low"
815,0,0,2.71254447116794,0.415043856732299,0,0.415043856732299,0,1,"low MOD",0.520377962723592,"low"
816,0,0,2.16867808051083,0.596595061951048,0,0.596595061951048,0,1,"low MOD",0.380844301016729,"no"
817,0,0,4.05278586314362,0.59964910867841,0,0.59964910867841,0,1,"high MOD",0.669767330121046,"high"
818,0,0,3.87185064346453,0.841903468628317,0,0.841903468628317,0,1,"high MOD",0.5673913394166,"low"
819,0,0,2.11658817924483,0.706516368352877,0,0.706516368352877,0,1,"low MOD",0.339008529621396,"no"
820,0,0,3.44231533447377,0.646349691569498,0,0.646349691569498,0,1,"high MOD",0.561479377128427,"low"
821,0,0,2.89382834562846,0.759926774410926,0,0.759926774410926,0,1,"low MOD",0.442149968739478,"low"
822,0,0,2.06761953735998,0.757106200281099,0,0.757106200281099,0,1,"low MOD",0.315908790276582,"no"
823,0,0,2.02459956189883,0.980612093486597,0,0.980612093486597,0,1,"low MOD",0.240519288450097,"no"
824,0,0,3.73101868433807,0.697915323009231,0,0.697915323009231,0,1,"high MOD",0.590028928972247,"low"
825,0,0,1.50105762093505,0.699282216228959,0,0.699282216228959,0,1,"low MOD",0.246537413611866,"no"
826,0,0,3.19092743136564,0.777285756567375,0,0.777285756567375,0,1,"high MOD",0.482516295112445,"low"
827,0,0,2.32173052696283,0.788146749050584,0,0.788146749050584,0,1,"low MOD",0.345451850594102,"no"
828,0,0,3.66009012729244,0.980437149126326,0,0.980437149126326,0,1,"high MOD",0.492187050621506,"low"
829,0,0,3.24024097292828,0.873355982051385,0,0.873355982051385,0,1,"high MOD",0.460542924434694,"low"
830,0,0,3.03154541871894,0.700139321018753,0,0.700139321018753,0,1,"high MOD",0.481733350258682,"low"
831,0,0,1.89380222397358,0.544353986972178,0,0.544353986972178,0,1,"low MOD",0.35462988461988,"no"
832,0,0,3.4946647648733,0.360091650666878,0,0.360091650666878,0,1,"high MOD",0.657612532852237,"high"
833,0,0,2.61745876766484,0.869801292943534,0,0.869801292943534,0,1,"low MOD",0.365824027965811,"no"
834,0,0,2.74253357262637,0.84848423377946,0,0.84848423377946,0,1,"low MOD",0.391625400779608,"no"
835,0,0,3.39481583492551,0.89394128237517,0,0.89394128237517,0,1,"high MOD",0.477989733873104,"low"
836,0,0,2.68317410606039,0.985277457747237,0,0.985277457747237,0,1,"low MOD",0.340402952394756,"no"
837,0,0,3.84154134556816,0.712066795235171,0,0.712066795235171,0,1,"high MOD",0.602678116168895,"high"
838,0,0,3.60971700239256,0.833805537047459,0,0.833805537047459,0,1,"high MOD",0.529554758199638,"low"
839,0,0,3.11033472760794,0.968649624139722,0,0.968649624139722,0,1,"high MOD",0.411236227588999,"low"
840,0,0,2.92816790893489,0.734028204919273,0,0.734028204919273,0,1,"low MOD",0.455401769091745,"low"
841,0,0,3.39199979409003,0.760875929577517,0,0.760875929577517,0,1,"high MOD",0.518499682297692,"low"
842,0,0,3.75378232422893,0.611898001881038,0,0.611898001881038,0,1,"high MOD",0.61999789545644,"high"
843,0,0,3.02474104910444,0.750744928962178,0,0.750744928962178,0,1,"high MOD",0.465115567873859,"low"
844,0,0,3.29314133756613,0.567560696076341,0,0.567560696076341,0,1,"high MOD",0.562772299294377,"low"
845,0,0,2.10656959054377,0.60462363507174,0,0.60462363507174,0,1,"low MOD",0.368818818523122,"no"
846,0,0,2.94501401660389,0.891335370613552,0,0.891335370613552,0,1,"low MOD",0.40959127313489,"low"
847,0,0,1.94668058157239,0.759714939967696,0,0.759714939967696,0,1,"low MOD",0.296500107944153,"no"
848,0,0,2.92769198548209,0.914264217147019,0,0.914264217147019,0,1,"low MOD",0.399871315567392,"no"
849,0,0,2.95016199608785,0.706288438285243,0,0.706288438285243,0,1,"low MOD",0.467320787618056,"low"
850,0,0,2.79145564840334,0.844685639127653,0,0.844685639127653,0,1,"low MOD",0.400320672330466,"low"
851,0,0,2.11693137483253,0.700313560755101,0,0.700313560755101,0,1,"low MOD",0.340969885126512,"no"
852,0,0,2.70464913357227,0.952609501696087,0,0.952609501696087,0,1,"low MOD",0.353758481566169,"no"
853,0,0,1.81534654932645,0.372175378180953,0,0.372175378180953,0,1,"low MOD",0.395537814302237,"no"
854,0,0,3.54683555924544,0.72926913215499,0,0.72926913215499,0,1,"high MOD",0.552045737682378,"low"
855,0,0,3.76464099811339,0.60265777249952,0,0.60265777249952,0,1,"high MOD",0.624511608171438,"high"
856,0,0,3.23462686012383,0.598405807830183,0,0.598405807830183,0,1,"high MOD",0.544279268378995,"low"
857,0,0,2.79849162771197,0.753503022903471,0,0.753503022903471,0,1,"low MOD",0.429459320293081,"low"
858,0,0,3.8752963391655,0.818600519980238,0,0.818600519980238,0,1,"high MOD",0.575091584493081,"low"
859,0,0,1.61367324310017,0.656219946928388,0,0.656219946928388,0,1,"low MOD",0.277112822960522,"no"
860,0,0,3.01392531099321,0.285033017417178,0,0.285033017417178,0,1,"high MOD",0.606747580947516,"high"
861,0,0,1.85876107864784,0.632448358611806,0,0.632448358611806,0,1,"low MOD",0.322132978680651,"no"
862,0,0,3.93518079237752,0.880888384408423,0,0.880888384408423,0,1,"high MOD",0.565139080547796,"low"
863,0,0,2.49783667325841,0.90115711112448,0,0.90115711112448,0,1,"low MOD",0.337772684770684,"no"
864,0,0,3.83741960951523,0.846317412207622,0,0.846317412207622,0,1,"high MOD",0.560736120784613,"low"
865,0,0,1.82233861506702,0.368310724334547,0,0.368310724334547,0,1,"low MOD",0.397802640984297,"no"
866,0,0,3.20695364992856,0.922329830307871,0,0.922329830307871,0,1,"high MOD",0.440352921432742,"low"
867,0,0,2.15556866879816,0.775483542535638,0,0.775483542535638,0,1,"low MOD",0.323784859034906,"no"
868,0,0,1.97713949446767,0.900663267797188,0,0.900663267797188,0,1,"low MOD",0.2578173782882,"no"
869,0,0,2.53143242821339,0.893461852684684,0,0.893461852684684,0,1,"low MOD",0.345309034283696,"no"
870,0,0,2.2549024358375,0.663059738317406,0,0.663059738317406,0,1,"low MOD",0.373658916800413,"no"
871,0,0,1.67406714528036,0.521242220830768,0,0.521242220830768,0,1,"low MOD",0.327935800556741,"no"
872,0,0,3.09100522518796,0.516326261842225,0,0.516326261842225,0,1,"high MOD",0.547438877154387,"low"
873,0,0,2.83938852841419,0.74755264724095,0,0.74755264724095,0,1,"low MOD",0.437582035989583,"low"
874,0,0,3.64356235742817,0.691607897819359,0,0.691607897819359,0,1,"high MOD",0.578514855659916,"low"
875,0,0,3.69289636099434,0.708670278627746,0,0.708670278627746,0,1,"high MOD",0.580854739036746,"low"
876,0,0,3.80574590573977,0.75294938013285,0,0.75294938013285,0,1,"high MOD",0.584591868534472,"low"
877,0,0,3.51048907338006,0.826453123897968,0,0.826453123897968,0,1,"high MOD",0.51655120393602,"low"
878,0,0,2.53591584094882,0.767516726735384,0,0.767516726735384,0,1,"low MOD",0.384751136535086,"no"
879,0,0,3.65141262262488,0.449703811556748,0,0.449703811556748,0,1,"high MOD",0.654154615309444,"high"
880,0,0,1.66161871017079,0.889813023304746,0,0.889813023304746,0,1,"low MOD",0.212614255932507,"no"
881,0,0,3.0821945100368,0.874596666862368,0,0.874596666862368,0,1,"high MOD",0.435846334817241,"low"
882,0,0,3.25931184486633,0.471814389856597,0,0.471814389856597,0,1,"high MOD",0.587028163869713,"low"
883,0,0,2.65147104208465,0.552104026709347,0,0.552104026709347,0,1,"low MOD",0.468809690563994,"low"
884,0,0,3.4540526541043,0.440004125824608,0,0.440004125824608,0,1,"high MOD",0.626776061916167,"high"
885,0,0,3.99618084177438,0.513602086431378,0,0.513602086431378,0,1,"high MOD",0.68753487214025,"high"
886,0,0,4.07901445959388,0.885316341641117,0,0.885316341641117,0,1,"high MOD",0.58590488866333,"low"
887,0,0,2.7608939058483,0.682249649641387,0,0.682249649641387,0,1,"low MOD",0.445599170240851,"low"
888,0,0,2.65769687479313,0.83502212361795,0,0.83502212361795,0,1,"low MOD",0.382715788854959,"no"
889,0,0,3.8501989576379,0.855976814953933,0,0.855976814953933,0,1,"high MOD",0.559730050420005,"low"
890,0,0,2.32367823469366,0.774213232836252,0,0.774213232836252,0,1,"low MOD",0.350038733695563,"no"
891,0,0,3.13834994693004,0.778139360999073,0,0.778139360999073,0,1,"high MOD",0.474164803835676,"low"
892,0,0,2.66752463387491,0.869315444017563,0,0.869315444017563,0,1,"low MOD",0.373675960898429,"no"
893,0,0,2.92552937136631,0.934025026204007,0,0.934025026204007,0,1,"low MOD",0.393458356762815,"no"
894,0,0,2.80510839629684,0.867950884368836,0,0.867950884368836,0,1,"low MOD",0.395262558086026,"no"
895,0,0,2.86759123056436,0.639962170569987,0,0.639962170569987,0,1,"low MOD",0.475025675296059,"low"
896,0,0,2.28876117097102,0.707523217625403,0,0.707523217625403,0,1,"low MOD",0.365186882418495,"no"
897,0,0,3.26662815812273,0.873437954841903,0,0.873437954841903,0,1,"high MOD",0.464577268990603,"low"
898,0,0,2.2651185273873,0.83814075785331,0,0.83814075785331,0,1,"low MOD",0.321359540258567,"no"
899,0,0,3.56412251545091,0.78080821780966,0,0.78080821780966,0,1,"high MOD",0.53884708920486,"low"
900,0,0,3.64865212246115,0.68649691596208,0,0.68649691596208,0,1,"high MOD",0.58087050623646,"low"
901,0,0,3.47157564329022,0.960387545467209,0,0.960387545467209,0,1,"high MOD",0.469353931131661,"low"
902,0,0,2.60077494325293,0.691062239069633,0,0.691062239069633,0,1,"low MOD",0.418253917709794,"low"
903,0,0,3.23719855759331,0.941792464145728,0,0.941792464145728,0,1,"high MOD",0.439017481431055,"low"
904,0,0,2.80227625347032,0.980208600431359,0,0.980208600431359,0,1,"low MOD",0.360286008093477,"no"
905,0,0,3.35394668541864,0.412924675964702,0,0.412924675964702,0,1,"high MOD",0.619707282075268,"high"
906,0,0,2.8077598810986,0.940774051099165,0,0.940774051099165,0,1,"low MOD",0.373263350600042,"no"
907,0,0,3.23006772716175,0.959392064518731,0,0.959392064518731,0,1,"high MOD",0.432505168942198,"low"
908,0,0,3.27376192855841,0.935996069025551,0,0.935996069025551,0,1,"high MOD",0.44642612161651,"low"
909,0,0,3.31917380800044,0.766538227659367,0,0.766538227659367,0,1,"high MOD",0.505553438874108,"low"
910,0,0,3.06785768822762,0.962840336313207,0,0.962840336313207,0,1,"high MOD",0.406488771630955,"low"
911,0,0,2.44340746033792,0.949108082753567,0,0.949108082753567,0,1,"low MOD",0.314644814589352,"no"
912,0,0,3.30963871391946,0.633610125387877,0,0.633610125387877,0,1,"high MOD",0.544987455868262,"low"
913,0,0,2.93780343728651,0.806259812456036,0,0.806259812456036,0,1,"low MOD",0.434659048057606,"low"
914,0,0,3.46981453872152,0.325840179790605,0,0.325840179790605,0,1,"high MOD",0.664328335252355,"high"
915,0,0,3.75644874151515,0.884847514651397,0,0.884847514651397,0,1,"high MOD",0.536423648032671,"low"
916,0,0,3.14088406411362,0.856056064192905,0,0.856056064192905,0,1,"high MOD",0.450580297804279,"low"
917,0,0,1.95223358507349,0.978011503159731,0,0.978011503159731,0,1,"low MOD",0.230186242885236,"no"
918,0,0,3.84651369900536,0.802529036863147,0,0.802529036863147,0,1,"high MOD",0.57560855773524,"low"
919,0,0,2.6366281762115,0.562949858802509,0,0.562949858802509,0,1,"low MOD",0.463188993631766,"low"
920,0,0,2.45863223448687,0.81880672601485,0,0.81880672601485,0,1,"low MOD",0.357079812685719,"no"
921,0,0,2.94999369078867,0.88322513275471,0,0.88322513275471,0,1,"low MOD",0.412852834658346,"low"
922,0,0,4.26110317017275,0.477657524313687,0,0.477657524313687,0,1,"high MOD",0.739352018699289,"high"
923,0,0,2.84748755770855,0.785175616462047,0,0.785175616462047,0,1,"low MOD",0.427251742274531,"low"
924,0,0,2.81740211703311,0.484161998213166,0,0.484161998213166,0,1,"low MOD",0.515242787785658,"low"
925,0,0,3.10578940713002,0.824705934404141,0,0.824705934404141,0,1,"high MOD",0.45482731358796,"low"
926,0,0,3.31028550129846,0.438317007505163,0,0.438317007505163,0,1,"high MOD",0.605177151736636,"high"
927,0,0,2.87938044592647,0.816765462591656,0,0.816765462591656,0,1,"low MOD",0.422438387806639,"low"
928,0,0,3.38208802140142,0.747685687787546,0,0.747685687787546,0,1,"high MOD",0.521033330127128,"low"
929,0,0,2.56052122029263,0.761142119808264,0,0.761142119808264,0,1,"low MOD",0.390497997027093,"no"
930,0,0,2.56513384232505,0.858452134311902,0,0.858452134311902,0,1,"low MOD",0.361266088261731,"no"
931,0,0,3.64000508508327,0.86260675187707,0,0.86260675187707,0,1,"high MOD",0.525352550973712,"low"
932,0,0,3.0098121357923,0.731468118637792,0,0.731468118637792,0,1,"high MOD",0.468750138233342,"low"
933,0,0,3.68128069968386,0.860222768326765,0,0.860222768326765,0,1,"high MOD",0.532436178927742,"low"
934,0,0,2.42954863344775,0.713445160786237,0,0.713445160786237,0,1,"low MOD",0.38502435567312,"no"
935,0,0,2.62856560836652,0.814158399718312,0,0.814158399718312,0,1,"low MOD",0.384653662912292,"no"
936,0,0,3.90742352458131,0.508666589497869,0,0.508666589497869,0,1,"high MOD",0.675398514705473,"high"
937,0,0,3.14469486070247,0.777591412586333,0,0.777591412586333,0,1,"high MOD",0.475309543927663,"low"
938,0,0,2.76381284371824,0.887293701917107,0,0.887293701917107,0,1,"low MOD",0.382957759982158,"no"
939,0,0,2.20129765021025,0.675409649740224,0,0.675409649740224,0,1,"low MOD",0.361612053958431,"no"
940,0,0,2.35091436199153,0.749033556068242,0,0.749033556068242,0,1,"low MOD",0.3619764999777,"no"
941,0,0,2.48829863458267,0.81851005693969,0,0.81851005693969,0,1,"low MOD",0.361735157031276,"no"
942,0,0,3.37282643431745,0.792813785376162,0,0.792813785376162,0,1,"high MOD",0.505722902086942,"low"
943,0,0,2.53594653313528,0.664973696200484,0,0.664973696200484,0,1,"low MOD",0.416307560112972,"low"
944,0,0,2.3382258704732,0.687191038553483,0,0.687191038553483,0,1,"low MOD",0.379052891287113,"no"
945,0,0,4.00571482827007,0.593993390443991,0,0.593993390443991,0,1,"high MOD",0.664265853443397,"high"
946,0,0,2.9838531129073,0.845262928752103,0,0.845262928752103,0,1,"low MOD",0.429742654677399,"low"
947,0,0,3.78584660698678,0.737478604974595,0,0.737478604974595,0,1,"high MOD",0.586290676467322,"low"
948,0,0,3.06716799749792,0.970479078135904,0,0.970479078135904,0,1,"high MOD",0.404032283265556,"low"
949,0,0,2.12052485798142,0.742017974366324,0,0.742017974366324,0,1,"low MOD",0.328690601422888,"no"
950,0,0,4.13002085442422,0.76722813791084,0,0.76722813791084,0,1,"high MOD",0.630086858246545,"high"
951,0,0,2.53779964013043,0.766544467079734,0,0.766544467079734,0,1,"low MOD",0.385340108610917,"no"
952,0,0,3.81500165249215,0.795562790063746,0,0.795562790063746,0,1,"high MOD",0.572904011133024,"low"
953,0,0,3.27368840549988,0.908804636858513,0,0.908804636858513,0,1,"high MOD",0.454781404889669,"low"
954,0,0,3.72713040167659,0.634131948097427,0,0.634131948097427,0,1,"high MOD",0.609056385458729,"high"
955,0,0,2.98188683008869,0.80783056789779,0,0.80783056789779,0,1,"low MOD",0.440957799122016,"low"
956,0,0,2.80799496192856,0.913396652529674,0,0.913396652529674,0,1,"low MOD",0.381723331826032,"no"
957,0,0,3.08640193856331,0.857600710697363,0,0.857600710697363,0,1,"high MOD",0.441723156487474,"low"
958,0,0,3.38614712577971,0.567382942324558,0,0.567382942324558,0,1,"high MOD",0.577135575558552,"low"
959,0,0,3.30287328996234,0.553208640501425,0,0.553208640501425,0,1,"high MOD",0.568685539839922,"low"
960,0,0,3.59940971672751,0.688628558808161,0,0.688628558808161,0,1,"high MOD",0.572638861401721,"low"
961,0,0,3.71324783733239,0.534000902787351,0,0.534000902787351,0,1,"high MOD",0.637730158731952,"high"
962,0,0,2.04668247582127,0.541119729858202,0,0.541119729858202,0,1,"low MOD",0.379145079400748,"no"
963,0,0,3.66054226962727,0.383232482223835,0,0.383232482223835,0,1,"high MOD",0.676011893104554,"high"
964,0,0,3.33321471397357,0.861142719664548,0,0.861142719664548,0,1,"high MOD",0.478604503791458,"low"
965,0,0,3.65959164067214,0.349577150703372,0,0.349577150703372,0,1,"high MOD",0.686221129117753,"high"
966,0,0,2.3764209149873,0.954849125872873,0,0.954849125872873,0,1,"low MOD",0.302572717421778,"no"
967,0,0,3.3967545755297,0.853154638025778,0,0.853154638025778,0,1,"high MOD",0.490837738381253,"low"
968,0,0,3.26704902270599,0.590424710447714,0,0.590424710447714,0,1,"high MOD",0.551723015663164,"low"
969,0,0,2.00042072360492,0.586339505347935,0,0.586339505347935,0,1,"low MOD",0.358114109678315,"no"
970,0,0,3.63087861309905,0.57141008477882,0,0.57141008477882,0,1,"high MOD",0.613547452852525,"high"
971,0,0,3.36551388727104,0.817231546834262,0,0.817231546834262,0,1,"high MOD",0.49708473747731,"low"
972,0,0,2.71727774750057,0.723658573930566,0,0.723658573930566,0,1,"low MOD",0.426147784559914,"low"
973,0,0,3.83385377054209,0.580120461420042,0,0.580120461420042,0,1,"high MOD",0.642094284261847,"high"
974,0,0,3.83780332411054,0.969134115896801,0,0.969134115896801,0,1,"high MOD",0.52300539881799,"low"
975,0,0,2.47754156737198,0.728934105742682,0,0.728934105742682,0,1,"low MOD",0.387642054751788,"no"
976,0,0,2.98922147729599,0.80183505943583,0,0.80183505943583,0,1,"low MOD",0.443930978219128,"low"
977,0,0,2.37377865247396,0.884711234095388,0,0.884711234095388,0,1,"low MOD",0.323747105274336,"no"
978,0,0,2.19063655969249,0.68951863294486,0,0.68951863294486,0,1,"low MOD",0.355630660585041,"no"
979,0,0,2.76094588265297,0.751625117421701,0,0.751625117421701,0,1,"low MOD",0.42426086889378,"low"
980,0,0,4.26080989187973,0.89323586885326,0,0.89323586885326,0,1,"high MOD",0.61143663910357,"high"
981,0,0,1.87356077016544,0.885997509815775,0,0.885997509815775,0,1,"low MOD",0.246394730851368,"no"
982,0,0,2.4522306668594,0.670342308514878,0,0.670342308514878,0,1,"low MOD",0.401776315358406,"low"
983,0,0,3.55567654864939,0.822747116459443,0,0.822747116459443,0,1,"high MOD",0.524643433189308,"low"
984,0,0,2.61148316580868,0.279017014459727,0,0.279017014459727,0,1,"low MOD",0.546684482598343,"low"
985,0,0,3.16370178418321,0.831377090454087,0,0.831377090454087,0,1,"high MOD",0.461684246657697,"low"
986,0,0,3.41914476095257,0.72624933607383,0,0.72624933607383,0,1,"high MOD",0.533330167508448,"low"
987,0,0,3.2723108037833,0.646204763556111,0,0.646204763556111,0,1,"high MOD",0.535369427180165,"low"
988,0,0,2.66623229173437,0.967727374544381,0,0.967727374544381,0,1,"low MOD",0.343196545022401,"no"
989,0,0,3.20724485305562,0.931575393514585,0,0.931575393514585,0,1,"high MOD",0.437552933234838,"low"
990,0,0,3.60371288919677,0.955289994575896,0,0.955289994575896,0,1,"high MOD",0.491251215391535,"low"
991,0,0,3.0019066667749,0.482573671853776,0,0.482573671853776,0,1,"high MOD",0.544116818933439,"low"
992,0,0,3.22814147366952,0.831799826921244,0,0.831799826921244,0,1,"high MOD",0.471467972281082,"low"
993,0,0,2.76705402927972,0.775235704851514,0,0.775235704851514,0,1,"low MOD",0.417935787627183,"low"
994,0,0,4.0228064303553,0.529673114322439,0,0.529673114322439,0,1,"high MOD",0.686686184878527,"high"
995,0,0,3.75621195875141,0.87152735583655,0,0.87152735583655,0,1,"high MOD",0.54048573031974,"low"
996,0,0,3.87736743279389,0.653302533460775,0,0.653302533460775,0,1,"high MOD",0.62627113321113,"high"
997,0,0,2.66550248819948,0.618326210003811,0,0.618326210003811,0,1,"low MOD",0.450592318183363,"low"
998,0,0,2.98033408172558,0.757543903495873,0,0.757543903495873,0,1,"low MOD",0.456191734574435,"low"
999,0,0,2.03525747765807,0.942844404765136,0,0.942844404765136,0,1,"low MOD",0.253779795096585,"no"
1000,0,0,3.77224390277774,0.749570047349794,0,0.749570047349794,0,1,"high MOD",0.580477508935101,"low"
1,1,0,2.75068168576484,0.646078086588636,1,0.00516862469270909,0,1,"low MOD",0.652360682519912,"high"
2,1,0,2.80085449935004,0.580725378246668,1,0.00464580302597334,0,1,"low MOD",0.660240445122784,"high"
3,1,0,2.1109412227921,0.97773171893011,1,0.00782185375144087,0,1,"low MOD",0.55312269465988,"low"
4,1,0,2.52035042305323,0.667266681430596,1,0.00533813345144477,0,1,"low MOD",0.616872947100053,"high"
5,1,0,2.91614794790155,0.637162934893235,1,0.00509730347914588,0,1,"low MOD",0.677838975529732,"high"
6,1,0,1.60040785957308,0.928344871055617,1,0.00742675896844493,0,1,"low MOD",0.47470066794403,"low"
7,1,0,3.45072742368885,0.677867592422206,1,0.00542294073937764,0,1,"high MOD",0.75998177572463,"high"
8,1,0,2.40919068333047,0.724819295305121,1,0.00579855436244097,0,1,"low MOD",0.599629780708552,"low"
9,1,0,2.54705345767815,0.662577146119599,1,0.00530061716895678,0,1,"low MOD",0.620992649744653,"high"
10,1,0,3.13260720347647,0.778170804040308,1,0.00622536643232246,0,1,"high MOD",0.71079330317105,"high"
11,1,0,3.25342478085672,0.542890626267544,1,0.00434312501014035,0,1,"high MOD",0.729959773974836,"high"
12,1,0,3.1900633240861,0.981410722658561,1,0.00785128578126848,0,1,"high MOD",0.719132423465164,"high"
13,1,0,2.25014131843132,0.631886766647574,1,0.00505509413318059,0,1,"low MOD",0.575389404640762,"low"
14,1,0,3.02359113369025,0.509622716133301,1,0.0040769817290664,0,1,"high MOD",0.694682641574172,"high"
15,1,0,3.48444730170714,0.835214557080646,1,0.00668171645664516,0,1,"high MOD",0.764782133660593,"high"
16,1,0,2.22723928078026,0.888755522121242,1,0.00711004417696993,0,1,"low MOD",0.571233721911742,"low"
17,1,0,2.9118355902013,0.617768593226932,1,0.00494214874581545,0,1,"low MOD",0.677223275801487,"high"
18,1,0,2.88128341675859,0.717288231232454,1,0.00573830584985962,0,1,"low MOD",0.672277970009057,"high"
19,1,0,2.62775555856936,0.767565289777493,1,0.00614052231821994,0,1,"low MOD",0.633149925220449,"high"
20,1,0,3.89187377323394,0.86126470017,1,0.00689011760136,0,1,"high MOD",0.827399005850958,"high"
21,1,0,3.21049505560956,0.766020136313098,1,0.00612816109050478,0,1,"high MOD",0.722805958989008,"high"
22,1,0,2.03528148701262,0.773197155362644,1,0.00618557724290115,0,1,"low MOD",0.541986205004126,"low"
23,1,0,3.5851346924375,0.895689669765715,1,0.00716551735812572,0,1,"high MOD",0.780123639649423,"high"
24,1,0,3.35776516970196,0.761082490175926,1,0.0060886599214074,0,1,"high MOD",0.745475053824484,"high"
25,1,0,3.79493073081784,0.740447137221544,1,0.00592357709777235,0,1,"high MOD",0.812782088711122,"high"
26,1,0,2.65399876777401,0.823143764910461,1,0.00658515011928369,0,1,"low MOD",0.637050533466992,"high"
27,1,0,3.7469563651096,0.963807401352173,1,0.00771045921081738,0,1,"high MOD",0.804851607182764,"high"
28,1,0,2.25842589708604,0.66386876289838,1,0.00531095010318704,0,1,"low MOD",0.576585230289179,"low"
29,1,0,2.64469235694734,0.337209818119975,1,0.0026976785449598,0,1,"low MOD",0.636814923054988,"high"
30,1,0,4.38197660428262,0.796789135069659,1,0.00637431308055727,0,1,"high MOD",0.902958150480231,"high"
31,1,0,3.48157154012336,0.800063132441725,1,0.0064005050595338,0,1,"high MOD",0.764426235385275,"high"
32,1,0,3.66394228450564,0.922981986156548,1,0.00738385588925238,0,1,"high MOD",0.792180703496482,"high"
33,1,0,1.86721404482933,0.754330062625011,1,0.00603464050100009,0,1,"low MOD",0.516176117511896,"low"
34,1,0,2.80712474505203,0.697101236861391,1,0.00557680989489112,0,1,"low MOD",0.66091863465573,"high"
35,1,0,4.12862586508728,0.94106307549769,1,0.00752850460398152,0,1,"high MOD",0.863625977827587,"high"
36,1,0,3.31617028774192,0.864069698162603,1,0.00691255758530082,0,1,"high MOD",0.738822334241742,"high"
37,1,0,3.25717921426593,0.605850468968895,1,0.00484680375175116,0,1,"high MOD",0.730382401040373,"high"
38,1,0,3.6296724197107,0.89562447917039,1,0.00716499583336312,0,1,"high MOD",0.786975758160612,"high"
39,1,0,2.72303165202545,0.802007285227443,1,0.00641605828181954,0,1,"low MOD",0.647723005455663,"high"
40,1,0,3.12850840602205,0.761288059533499,1,0.00609030447626798,0,1,"high MOD",0.710204276472232,"high"
41,1,0,3.80092013223368,0.870609492691015,1,0.00696487594152812,0,1,"high MOD",0.813383135438558,"high"
42,1,0,1.71965487890186,0.479687521392812,1,0.00383750017114249,0,1,"low MOD",0.494150750547626,"low"
43,1,0,3.39427121323588,0.507650011515567,1,0.00406120009212454,0,1,"high MOD",0.751715202007944,"high"
44,1,0,3.20274887450018,0.727158710976292,1,0.00581726968781033,0,1,"high MOD",0.721709897711471,"high"
45,1,0,3.21349632473704,0.603612430054061,1,0.00482889944043249,0,1,"high MOD",0.723667465516335,"high"
46,1,0,3.75992226362489,0.524194205017418,1,0.00419355364013934,0,1,"high MOD",0.807928485591478,"high"
47,1,0,2.82245282269381,0.697454780867088,1,0.0055796382469367,0,1,"low MOD",0.663275930184605,"high"
48,1,0,2.29118404131486,0.630854462795956,1,0.00504683570236765,0,1,"low MOD",0.581706210755404,"low"
49,1,0,3.67227494799722,0.858145272809035,1,0.00686516218247228,0,1,"high MOD",0.793622249789581,"high"
50,1,0,2.56124122992904,0.765951307292931,1,0.00612761045834345,0,1,"low MOD",0.622920924463439,"high"
51,1,0,2.66700310201996,0.802439954764323,1,0.00641951963811458,0,1,"low MOD",0.639102163499035,"high"
52,1,0,3.70352783863614,0.304214885528108,1,0.00243371908422486,0,1,"high MOD",0.799793907764261,"high"
53,1,0,3.25619778552394,0.679852981481877,1,0.00543882385185501,0,1,"high MOD",0.730049251972344,"high"
54,1,0,3.89352106959275,0.790805810592488,1,0.0063264464847399,0,1,"high MOD",0.827825873326658,"high"
55,1,0,2.11301039536281,0.420807218711307,1,0.00336645774969045,0,1,"low MOD",0.554811919978989,"low"
56,1,0,2.75508027746961,0.610726490154344,1,0.00488581192123475,0,1,"low MOD",0.65312440825033,"high"
57,1,0,2.67620927865563,0.478073153448774,1,0.00382458522759019,0,1,"low MOD",0.641316939723146,"high"
58,1,0,2.75074402838128,0.921565246337239,1,0.00737252197069791,0,1,"low MOD",0.651692151452289,"high"
59,1,0,3.80170652706747,0.760272208601162,1,0.00608217766880929,0,1,"high MOD",0.81377571872767,"high"
60,1,0,3.34632447882504,0.939798374222108,1,0.00751838699377686,0,1,"high MOD",0.74327503151346,"high"
61,1,0,1.94348718187445,0.749131369122116,1,0.00599305095297692,0,1,"low MOD",0.527923243072076,"low"
62,1,0,2.55003351697024,0.832416667057752,1,0.00665933333646201,0,1,"low MOD",0.621033053891894,"high"
63,1,0,2.94552546515016,0.961855820532087,1,0.00769484656425669,0,1,"low MOD",0.681559349541792,"high"
64,1,0,2.81228249259075,0.753067424153225,1,0.0060245393932258,0,1,"low MOD",0.661574371354508,"high"
65,1,0,2.2686142760425,0.946343191746691,1,0.00757074553397352,0,1,"low MOD",0.577457351534547,"low"
66,1,0,4.54177826980153,0.523478997068272,1,0.00418783197654618,0,1,"high MOD",0.928215785515144,"high"
67,1,0,2.0599702338743,0.955984470278704,1,0.00764787576222963,0,1,"low MOD",0.545334535746129,"low"
68,1,0,3.07093055595565,0.444192035539975,1,0.0035535362843198,0,1,"high MOD",0.702126689751848,"high"
69,1,0,3.7232087644374,0.957007485615092,1,0.00765605988492073,0,1,"high MOD",0.801214868410394,"high"
70,1,0,2.69983773325438,0.842916287346458,1,0.00674333029877166,0,1,"low MOD",0.644054011177975,"high"
71,1,0,2.69911134603545,0.725939424888813,1,0.0058075153991105,0,1,"low MOD",0.644230202344189,"high"
72,1,0,2.90150116538543,0.57508470025594,1,0.00460067760204752,0,1,"low MOD",0.675738432335589,"high"
73,1,0,3.35280862459079,0.777594965129078,1,0.00622075972103262,0,1,"high MOD",0.744671862330573,"high"
74,1,0,2.68804802687012,0.905352605688751,1,0.00724282084551,0,1,"low MOD",0.642086520796785,"high"
75,1,0,2.36122998910027,0.79582236289372,1,0.00636657890314975,0,1,"low MOD",0.592076435583687,"low"
76,1,0,3.31143250987468,0.627147605016355,1,0.00501718084013084,0,1,"high MOD",0.738676638183757,"high"
77,1,0,3.54850158633254,0.761393423321153,1,0.00609114738656922,0,1,"high MOD",0.7748183525476,"high"
78,1,0,2.66123637299034,0.872287526583576,1,0.0069783002126686,0,1,"low MOD",0.638043041933077,"high"
79,1,0,1.687400814501,0.660300340197002,1,0.00528240272157601,0,1,"low MOD",0.488744001393516,"low"
80,1,0,3.25440619024187,0.955478700818871,1,0.00764382960655097,0,1,"high MOD",0.72909515861981,"high"
81,1,0,2.55564717557343,0.718378926042098,1,0.00574703140833678,0,1,"low MOD",0.622177401962578,"high"
82,1,0,2.67575102574392,0.930573459246586,1,0.00744458767397268,0,1,"low MOD",0.640132592368612,"high"
83,1,0,3.0792716849339,0.703899649982603,1,0.00563119719986082,0,1,"high MOD",0.702770660082181,"high"
84,1,0,2.24028295155433,0.608407981431921,1,0.00486726385145537,0,1,"low MOD",0.573930526746372,"low"
85,1,0,3.08969068807664,0.588247528219658,1,0.00470598022575726,0,1,"high MOD",0.704658265788481,"high"
86,1,0,3.28716732519412,0.840002773389953,1,0.00672002218711962,0,1,"high MOD",0.734419581664598,"high"
87,1,0,2.44098816097996,0.915738762973888,1,0.0073259101037911,0,1,"low MOD",0.604051744734212,"high"
88,1,0,2.6195200682216,0.759181099898103,1,0.00607344879918482,0,1,"low MOD",0.631903564711266,"high"
89,1,0,2.47050376697241,0.796781180202786,1,0.00637424944162228,0,1,"low MOD",0.608885425859872,"high"
90,1,0,3.23598010353009,0.77846372551034,1,0.00622770980408272,0,1,"high MOD",0.726696105218757,"high"
91,1,0,4.2053748039356,0.814087090698118,1,0.00651269672558494,0,1,"high MOD",0.87574606315145,"high"
92,1,0,3.03791620685535,0.66034809300646,1,0.00528278474405167,0,1,"high MOD",0.696515482671884,"high"
93,1,0,3.38867372840066,0.474078808860843,1,0.00379263047088674,0,1,"high MOD",0.750936687301368,"high"
94,1,0,2.80881767577223,0.591972882317173,1,0.00473578305853738,0,1,"low MOD",0.66143786302387,"high"
95,1,0,3.02672192466184,0.857641207015995,1,0.00686112965612796,0,1,"high MOD",0.694307640823014,"high"
96,1,0,1.87323069641275,0.815132103153758,1,0.00652105682523006,0,1,"low MOD",0.516952089655737,"low"
97,1,0,2.91909009470116,0.520666582947124,1,0.00416533266357699,0,1,"low MOD",0.678578373749848,"high"
98,1,0,3.83472888786923,0.865122632462587,1,0.00692098105970069,0,1,"high MOD",0.818597988576897,"high"
99,1,0,2.5993368626264,0.700190762147574,1,0.00560152609718059,0,1,"low MOD",0.62894366314339,"high"
100,1,0,2.72735036325066,0.694766346913158,1,0.00555813077530526,0,1,"low MOD",0.648651400261545,"high"
101,1,0,2.53660788410737,0.767220258729318,1,0.00613776206983454,0,1,"low MOD",0.619128055379646,"high"
102,1,0,2.90887153782447,0.85428693157215,1,0.00683429545257719,0,1,"low MOD",0.676185068756818,"high"
103,1,0,3.40207916244068,0.709620390049105,1,0.00567696312039284,0,1,"high MOD",0.752419267107675,"high"
104,1,0,2.65841226005629,0.772543325008435,1,0.00618034660006747,0,1,"low MOD",0.637854087208639,"high"
105,1,0,3.79941801678895,0.771000338692667,1,0.00616800270954133,0,1,"high MOD",0.813397232518441,"high"
106,1,0,3.85143425810531,0.723887974653767,1,0.00579110379723013,0,1,"high MOD",0.821515700078592,"high"
107,1,0,3.26840760735923,0.854104360917717,1,0.00683283488734173,0,1,"high MOD",0.731498759628393,"high"
108,1,0,2.84108623242528,0.837812272805742,1,0.00670249818244594,0,1,"low MOD",0.665797113240059,"high"
109,1,0,2.88387696893101,0.703274843487211,1,0.00562619874789769,0,1,"low MOD",0.672711472528494,"high"
110,1,0,1.91189221393595,0.551027440857444,1,0.00440821952685955,0,1,"low MOD",0.52355011921265,"low"
111,1,0,2.79851480571601,0.790150332025566,1,0.00632120265620452,0,1,"low MOD",0.659364984677477,"high"
112,1,0,2.41783554627544,0.969159830791897,1,0.00775327864633517,0,1,"low MOD",0.600358305997349,"high"
113,1,0,4.35970435127015,0.741268823046178,1,0.00593015058436942,0,1,"high MOD",0.899668315400217,"high"
114,1,0,2.91069642611024,0.731547397168065,1,0.00585237917734451,0,1,"low MOD",0.676767948885469,"high"
115,1,0,3.98582194482119,0.69235894857061,1,0.00553887158856488,0,1,"high MOD",0.84226833871447,"high"
116,1,0,3.68805517449309,0.744675370829952,1,0.00595740296663961,0,1,"high MOD",0.79632928747074,"high"
117,1,0,2.41343261888919,0.911155596570009,1,0.00728924477256007,0,1,"low MOD",0.59982371220678,"low"
118,1,0,4.05382236725181,0.937137778335799,1,0.00749710222668639,0,1,"high MOD",0.852127409661299,"high"
119,1,0,3.37290999378306,0.648281117784313,1,0.0051862489422745,0,1,"high MOD",0.748082691676694,"high"
120,1,0,2.89176328739712,0.756342298748753,1,0.00605073838999002,0,1,"low MOD",0.67379412471033,"high"
121,1,0,3.17885359061929,0.320514362803775,1,0.0025641149024302,0,1,"high MOD",0.719034670894527,"high"
122,1,0,3.39749787496477,0.311015741442189,1,0.00248812593153751,0,1,"high MOD",0.752695634323337,"high"
123,1,0,2.68633980674397,0.786903466442264,1,0.0062952277315381,0,1,"low MOD",0.642115284812445,"high"
124,1,0,3.11904599072028,0.97426603271755,1,0.00779412826174039,0,1,"high MOD",0.708224266799508,"high"
125,1,0,2.35196474256741,0.954144118171845,1,0.00763315294537476,0,1,"low MOD",0.590261297950256,"low"
126,1,0,2.02901842974008,0.698533219276417,1,0.00558826575421133,0,1,"low MOD",0.541206445881794,"low"
127,1,0,2.04629175722391,0.645994115960764,1,0.00516795292768611,0,1,"low MOD",0.543993207902852,"low"
128,1,0,2.02330876562847,0.895882584819646,1,0.00716706067855716,0,1,"low MOD",0.539842252964824,"low"
129,1,0,2.06528285499575,0.811076669085151,1,0.0064886133526812,0,1,"low MOD",0.546508558198522,"low"
130,1,0,3.34497909125513,0.763686578191767,1,0.00610949262553413,0,1,"high MOD",0.743501554769855,"high"
131,1,0,2.96220173773872,0.133634074121923,1,0.00106907259297538,0,1,"low MOD",0.686163629623503,"high"
132,1,0,4.11455464635485,0.958801144122489,1,0.00767040915297991,0,1,"high MOD",0.861417512007521,"high"
133,1,0,2.65729217014533,0.886800284787222,1,0.00709440227829777,0,1,"low MOD",0.637400517782882,"high"
134,1,0,2.812808840778,0.789964795564191,1,0.00631971836451352,0,1,"low MOD",0.661564523699841,"high"
135,1,0,3.15915067341533,0.805652806472444,1,0.00644522245177955,0,1,"high MOD",0.714809265924888,"high"
136,1,0,2.73944784114513,0.620092443926325,1,0.00496073955141059,0,1,"low MOD",0.650696363391124,"high"
137,1,0,3.26571729162944,0.381167699543811,1,0.00304934159635049,0,1,"high MOD",0.732249016682576,"high"
138,1,0,2.34513326255395,0.361491248735672,1,0.00289192998988537,0,1,"low MOD",0.590669138857567,"low"
139,1,0,4.06081487799326,0.846363638581573,1,0.00677090910865258,0,1,"high MOD",0.853426624580916,"high"
140,1,0,3.0419187694732,0.884969559222602,1,0.00707975647378081,0,1,"high MOD",0.69657834715779,"high"
141,1,0,2.96965145776866,0.95198863236572,1,0.00761590905892576,0,1,"low MOD",0.685295329177047,"high"
142,1,0,1.80670607591762,0.979488988865646,1,0.00783591191092516,0,1,"low MOD",0.506312961860888,"low"
143,1,0,3.26108176021093,0.729580817132651,1,0.0058366465370612,0,1,"high MOD",0.730678225713355,"high"
144,1,0,2.46272001709414,0.729838963549911,1,0.00583871170839929,0,1,"low MOD",0.60785270671959,"high"
145,1,0,3.38267201643681,0.589786118035548,1,0.00471828894428439,0,1,"high MOD",0.749728529007422,"high"
146,1,0,2.50732637763211,0.555019006955127,1,0.00444015205564101,0,1,"low MOD",0.615145549772435,"high"
147,1,0,1.76324490055746,0.870200210127407,1,0.00696160168101925,0,1,"low MOD",0.499895645722372,"low"
148,1,0,1.83912214452645,0.826419397550289,1,0.00661135518040231,0,1,"low MOD",0.511676836025484,"low"
149,1,0,3.86484910725296,0.861817196317685,1,0.00689453757054148,0,1,"high MOD",0.82324000494029,"high"
150,1,0,3.29500603363288,0.571880332944104,1,0.00457504266355283,0,1,"high MOD",0.73628553050858,"high"
151,1,0,2.94014016434069,0.799786843840743,1,0.00639829475072594,0,1,"low MOD",0.681129780744498,"high"
152,1,0,4.13416267338298,0.893433561052026,1,0.0071474684884162,0,1,"high MOD",0.864595036370177,"high"
153,1,0,2.48244392129061,0.809912889150543,1,0.00647930311320434,0,1,"low MOD",0.610690048471415,"high"
154,1,0,2.72798821212778,0.974371202601213,1,0.0077949696208097,0,1,"low MOD",0.648061272751717,"high"
155,1,0,2.79933686604551,0.88186291973693,1,0.00705490335789543,0,1,"low MOD",0.659265701435341,"high"
156,1,0,1.61865214445384,0.588773226277011,1,0.00471018581021609,0,1,"low MOD",0.478343349666679,"low"
157,1,0,1.87774678399484,0.820708938553574,1,0.00656567150842858,0,1,"low MOD",0.517633144765844,"low"
158,1,0,3.20673557732146,0.836138256739106,1,0.00668910605391284,0,1,"high MOD",0.722054979263636,"high"
159,1,0,2.41764895454384,0.84535023493365,1,0.00676280187946919,0,1,"low MOD",0.600634361659216,"high"
160,1,0,3.10338593575436,0.730692851782548,1,0.00584554281426038,0,1,"high MOD",0.706414592327053,"high"
161,1,0,3.93589877798859,0.57085115732744,1,0.00456680925861951,0,1,"high MOD",0.834886947610976,"high"
162,1,0,1.97356080388707,0.678209703083881,1,0.00542567762467104,0,1,"low MOD",0.532724530559651,"low"
163,1,0,2.8407400995311,0.973188380235955,1,0.00778550704188763,0,1,"low MOD",0.665410628530357,"high"
164,1,0,2.61131659166002,0.704016391831233,1,0.00563213113464986,0,1,"low MOD",0.630777281444726,"high"
165,1,0,2.66251352606486,0.444389175287319,1,0.00355511340229855,0,1,"low MOD",0.63929281527081,"high"
166,1,0,3.19443934658355,0.236521623253681,1,0.00189217298602945,0,1,"high MOD",0.721639230863306,"high"
167,1,0,2.56138001792019,0.856695490318827,1,0.00685356392255061,0,1,"low MOD",0.622718906165399,"high"
168,1,0,2.63640267906645,0.984195791113684,1,0.00787356632890946,0,1,"low MOD",0.63394700713979,"high"
169,1,0,2.12213618526503,0.732093127252434,1,0.00585674501801947,0,1,"low MOD",0.555449645419844,"low"
170,1,0,2.75447421338917,0.811863724309555,1,0.00649490979447644,0,1,"low MOD",0.652536060584648,"high"
171,1,0,3.20347845124502,0.4484716038631,1,0.0035877728309048,0,1,"high MOD",0.722508139320493,"high"
172,1,0,2.94810566183538,0.90445144910909,1,0.00723561159287271,0,1,"low MOD",0.682097605946098,"high"
173,1,0,2.45049623639302,0.902542640311788,1,0.0072203411224943,0,1,"low MOD",0.605547008330466,"high"
174,1,0,1.8406290217832,0.626319699488059,1,0.00501055759590447,0,1,"low MOD",0.512401216398675,"low"
175,1,0,2.2173269642545,0.926113257208568,1,0.00740890605766854,0,1,"low MOD",0.569616792636794,"low"
176,1,0,3.89652496333186,0.916433048207226,1,0.0073314643856578,0,1,"high MOD",0.827978774547776,"high"
177,1,0,2.33503749540979,0.550088261774472,1,0.00440070609419578,0,1,"low MOD",0.588651705110985,"low"
178,1,0,4.67025649572934,0.663499318547858,1,0.00530799454838286,0,1,"high MOD",0.947637001020397,"high"
179,1,0,4.30653325047994,0.793942855953151,1,0.0063515428476252,0,1,"high MOD",0.891358486889952,"high"
180,1,0,2.34180678804641,0.577921504002099,1,0.00462337203201679,0,1,"low MOD",0.589624622151134,"low"
181,1,0,2.44668236417217,0.491049497398363,1,0.0039283959791869,0,1,"low MOD",0.605973164955969,"high"
182,1,0,3.66626017459272,0.890095943875712,1,0.00712076755100569,0,1,"high MOD",0.79261825222934,"high"
183,1,0,2.58076052357363,0.369601927140084,1,0.00295681541712067,0,1,"low MOD",0.626899521959906,"high"
184,1,0,2.60016225558708,0.531790455033601,1,0.00425432364026881,0,1,"low MOD",0.629485170508699,"high"
185,1,0,3.76829425547063,0.709197807658306,1,0.00567358246126644,0,1,"high MOD",0.808761090853554,"high"
186,1,0,2.38555920289975,0.753613790793829,1,0.00602891032635063,0,1,"low MOD",0.595923289576469,"low"
187,1,0,3.35746080461477,0.75557722506967,1,0.00604461780055735,0,1,"high MOD",0.745441779848255,"high"
188,1,0,3.69205063237761,0.842913479844692,1,0.00674330783875753,0,1,"high MOD",0.7967021564154,"high"
189,1,0,3.36526603776256,0.638521868367068,1,0.00510817494693654,0,1,"high MOD",0.746930721210567,"high"
190,1,0,2.56618163419714,0.69145994750166,1,0.00553167958001328,0,1,"low MOD",0.62386435000571,"high"
191,1,0,3.55349471512891,0.794325448325065,1,0.00635460358660052,0,1,"high MOD",0.775505462762417,"high"
192,1,0,3.05702639186061,0.796802860509651,1,0.00637442288407721,0,1,"high MOD",0.699119622475763,"high"
193,1,0,3.14588399192593,0.904476764838763,1,0.0072358141187101,0,1,"high MOD",0.712524979029001,"high"
194,1,0,2.53941314808863,0.950042819141173,1,0.00760034255312938,0,1,"low MOD",0.619109609689595,"high"
195,1,0,1.90262284590562,0.481844085463302,1,0.00385475268370641,0,1,"low MOD",0.5222943600828,"low"
196,1,0,2.23767577041626,0.576390901349593,1,0.00461112721079674,0,1,"low MOD",0.573608233229949,"low"
197,1,0,2.97293010001798,0.878884210253775,1,0.00703107368203019,0,1,"low MOD",0.685979685023681,"high"
198,1,0,3.07030867937327,0.924987267530967,1,0.00739989814024773,0,1,"high MOD",0.700847520475811,"high"
199,1,0,2.80584594891018,0.507254350510814,1,0.00405803480408651,0,1,"low MOD",0.661189212200309,"high"
200,1,0,2.23739067675263,0.98610256022936,1,0.00788882048183488,0,1,"low MOD",0.57255585165984,"low"
201,1,0,3.64597824591088,0.687597032196732,1,0.00550077625757386,0,1,"high MOD",0.789996414368574,"high"
202,1,0,3.08643727327172,0.767710381662999,1,0.00614168305330399,0,1,"high MOD",0.70371598571771,"high"
203,1,0,3.02904753734628,0.596982661636605,1,0.00477586129309284,0,1,"high MOD",0.69530704842463,"high"
204,1,0,3.59021375502263,0.923175985630722,1,0.00738540788504577,0,1,"high MOD",0.780837375269621,"high"
205,1,0,2.94281014964583,0.923600089961534,1,0.00738880071969227,0,1,"low MOD",0.681235776647146,"high"
206,1,0,3.70695664128949,0.933328880993916,1,0.00746663104795132,0,1,"high MOD",0.798772827568245,"high"
207,1,0,4.27553542008165,0.814702783995234,1,0.00651762227196187,0,1,"high MOD",0.886538488544265,"high"
208,1,0,2.86796343535215,0.865194593998705,1,0.00692155675198963,0,1,"low MOD",0.669864664899718,"high"
209,1,0,2.05440360417479,0.813209413707476,1,0.0065056753096598,0,1,"low MOD",0.544829577470072,"low"
210,1,0,2.32435412817073,0.768602072227865,1,0.00614881657782292,0,1,"low MOD",0.586470230002321,"low"
211,1,0,4.10572272131811,0.253951660099852,1,0.00203161328079882,0,1,"high MOD",0.861793768424079,"high"
212,1,0,2.72785057763251,0.387519018930403,1,0.00310015215144323,0,1,"low MOD",0.649484657435327,"high"
213,1,0,2.39265189420377,0.397609109036064,1,0.00318087287228851,0,1,"low MOD",0.597890792070646,"low"
214,1,0,3.34095887492923,0.667055398386736,1,0.00533644318709388,0,1,"high MOD",0.74312092131616,"high"
215,1,0,4.03426483183538,0.89251821137664,1,0.00714014569101311,0,1,"high MOD",0.849228390838977,"high"
216,1,0,2.22441203713834,0.872668580514323,1,0.00698134864411458,0,1,"low MOD",0.57083835997694,"low"
217,1,0,2.91137064392681,0.932339179332077,1,0.00745871343465662,0,1,"low MOD",0.676377418008846,"high"
218,1,0,2.75672297894703,0.830276337142188,1,0.0066422106971375,0,1,"low MOD",0.652836701161962,"high"
219,1,0,1.9308275033395,0.675655596535452,1,0.00540524477228361,0,1,"low MOD",0.526156463660759,"low"
220,1,0,1.9141780076078,0.84430660472132,1,0.00675445283777056,0,1,"low MOD",0.523179861835732,"low"
221,1,0,3.32217815141445,0.499004426997004,1,0.00399203541597603,0,1,"high MOD",0.740645243166538,"high"
222,1,0,3.37881373203305,0.825482462515032,1,0.00660385970012025,0,1,"high MOD",0.748554771174278,"high"
223,1,0,3.76024082919139,0.785975100045465,1,0.00628780080036371,0,1,"high MOD",0.807333111937025,"high"
224,1,0,3.02090067705711,0.755472317807125,1,0.00604377854245699,0,1,"high MOD",0.6936635569188,"high"
225,1,0,2.17809765137433,0.742083828753637,1,0.00593667063002909,0,1,"low MOD",0.56403450924835,"low"
226,1,0,3.16489501661562,0.860769626228225,1,0.0068861570098258,0,1,"high MOD",0.715557338860918,"high"
227,1,0,4.33162907422664,0.752588602222338,1,0.0060207088177787,0,1,"high MOD",0.895321177937089,"high"
228,1,0,4.05147807425291,0.77746343790741,1,0.00621970750325927,0,1,"high MOD",0.852159793730214,"high"
229,1,0,3.83248815230929,0.769938613745235,1,0.00615950890996188,0,1,"high MOD",0.818487559152211,"high"
230,1,0,2.7539128985429,0.934484215454735,1,0.00747587372363788,0,1,"low MOD",0.652147869399327,"high"
231,1,0,2.885068721629,0.886500055489865,1,0.00709200044391891,0,1,"low MOD",0.672443803190949,"high"
232,1,0,2.99132287188266,0.899922239512792,1,0.00719937791610233,0,1,"low MOD",0.688757556315455,"high"
233,1,0,3.05177480071812,0.739780433623005,1,0.00591824346898404,0,1,"high MOD",0.698452048273869,"high"
234,1,0,4.19746120652196,0.657794640504288,1,0.0052623571240343,0,1,"high MOD",0.874913306503676,"high"
235,1,0,2.44471077720025,0.902059373685788,1,0.0072164749894863,0,1,"low MOD",0.604658127264812,"high"
236,1,0,3.26205378918645,0.844969398146158,1,0.00675975518516926,0,1,"high MOD",0.730543735202478,"high"
237,1,0,2.94487690939839,0.811999727224471,1,0.00649599781779577,0,1,"low MOD",0.681828448271199,"high"
238,1,0,3.33813549633913,0.764622463036321,1,0.00611697970429056,0,1,"high MOD",0.742446390297008,"high"
239,1,0,3.99267815453445,0.790737740727066,1,0.00632590192581653,0,1,"high MOD",0.843080977028126,"high"
240,1,0,3.04432117690948,0.900077021754664,1,0.00720061617403731,0,1,"high MOD",0.696910760701756,"high"
241,1,0,2.42381682037646,0.783073829526543,1,0.00626459063621234,0,1,"low MOD",0.60173655986216,"high"
242,1,0,4.15956895630256,0.976350146089501,1,0.007810801168716,0,1,"high MOD",0.868299592917713,"high"
243,1,0,3.41429698804728,0.666193482387267,1,0.00532954785909813,0,1,"high MOD",0.75440582958909,"high"
244,1,0,3.44212980599088,0.728165828700988,1,0.0058253266296079,0,1,"high MOD",0.75853525426641,"high"
245,1,0,2.52655127048966,0.700707957768868,1,0.00560566366215094,0,1,"low MOD",0.617744606640824,"high"
246,1,0,1.61100204513871,0.861752651830902,1,0.00689402121464721,0,1,"low MOD",0.476494461955294,"low"
247,1,0,3.31636320156296,0.90482439836734,1,0.00723859518693872,0,1,"high MOD",0.73875169402909,"high"
248,1,0,2.45991812194289,0.733343319798486,1,0.00586674655838789,0,1,"low MOD",0.607413019819402,"high"
249,1,0,2.95003725625514,0.742573186100108,1,0.00594058548880086,0,1,"low MOD",0.682793243888852,"high"
250,1,0,2.33733749349718,0.793164476123889,1,0.0063453158089911,0,1,"low MOD",0.588407209519876,"low"
251,1,0,3.59971716730795,0.837289353297473,1,0.00669831482637978,0,1,"high MOD",0.782510851946952,"high"
252,1,0,3.29058699965707,0.83150130854745,1,0.00665201046837959,0,1,"high MOD",0.734966612110817,"high"
253,1,0,3.40025935764438,0.492012797824085,1,0.00393610238259268,0,1,"high MOD",0.752674946596799,"high"
254,1,0,2.28698840252533,0.327789416737439,1,0.00262231533389951,0,1,"low MOD",0.581806734131928,"low"
255,1,0,3.07209752838977,0.594832195048382,1,0.00475865756038705,0,1,"high MOD",0.701935417425999,"high"
256,1,0,3.59177761094749,0.789765515410591,1,0.00631812412328472,0,1,"high MOD",0.781406363492449,"high"
257,1,0,3.61487703603367,0.2722519434685,1,0.002178015547748,0,1,"high MOD",0.786234000759718,"high"
258,1,0,2.94133324408866,0.524243405239598,1,0.00419394724191679,0,1,"low MOD",0.681991592246897,"high"
259,1,0,2.72549604985845,0.84500640560436,1,0.00676005124483487,0,1,"low MOD",0.647996299595197,"high"
260,1,0,2.46047082332509,0.481207699653989,1,0.00384966159723191,0,1,"low MOD",0.608118692327788,"high"
261,1,0,3.54309346748111,0.915683245572085,1,0.00732546596457668,0,1,"high MOD",0.77360654393107,"high"
262,1,0,3.11744925579257,0.670215375241164,1,0.00536172300192931,0,1,"high MOD",0.708727047659801,"high"
263,1,0,3.79205828212238,0.660517730403302,1,0.00528414184322641,0,1,"high MOD",0.812536922836296,"high"
264,1,0,3.43510385718248,0.499242442604871,1,0.00399393954083896,0,1,"high MOD",0.758017842784739,"high"
265,1,0,3.57392498001454,0.70021250287346,1,0.00560170002298768,0,1,"high MOD",0.778880243072087,"high"
266,1,0,1.97405361550398,0.902169666831288,1,0.0072173573346503,0,1,"low MOD",0.532249061666874,"low"
267,1,0,2.92027345901164,0.8816156428332,1,0.0070529251426656,0,1,"low MOD",0.677871939804048,"high"
268,1,0,2.30913765040208,0.62895158498945,1,0.0050316126799156,0,1,"low MOD",0.584472988468038,"low"
269,1,0,1.51249821663541,0.988506010341865,1,0.00790804808273492,0,1,"low MOD",0.461028018533837,"low"
270,1,0,4.35487504485511,0.397848059532105,1,0.00318278447625683,0,1,"high MOD",0.899770688600399,"high"
271,1,0,3.20944192117125,0.805852056323356,1,0.00644681645058684,0,1,"high MOD",0.722545890503088,"high"
272,1,0,2.39362279941722,0.760214473490734,1,0.00608171578792586,0,1,"low MOD",0.597147595052519,"low"
273,1,0,1.78545771232367,0.863814119135285,1,0.00691051295308228,0,1,"low MOD",0.503328720987309,"low"
274,1,0,3.11208651406987,0.785827247876358,1,0.00628661798301086,0,1,"high MOD",0.707617427400592,"high"
275,1,0,2.85941612041786,0.972061241070129,1,0.00777648992856103,0,1,"low MOD",0.668286637009344,"high"
276,1,0,3.38721215250298,0.689351208904479,1,0.00551480967123583,0,1,"high MOD",0.75018192817854,"high"
277,1,0,2.24499166190272,0.981947566633912,1,0.0078555805330713,0,1,"low MOD",0.573735461667165,"low"
278,1,0,2.50697305641442,0.455999800196764,1,0.00364799840157411,0,1,"low MOD",0.615334932247888,"high"
279,1,0,2.89403121797654,0.912115378499103,1,0.00729692302799282,0,1,"low MOD",0.673759595680086,"high"
280,1,0,4.15826211631757,0.559830096364041,1,0.00447864077091233,0,1,"high MOD",0.869123820734731,"high"
281,1,0,1.9485227645054,0.760924583728526,1,0.0060873966698282,0,1,"low MOD",0.528668918640884,"low"
282,1,0,2.40591983459562,0.895311976168285,1,0.00716249580934628,0,1,"low MOD",0.598706898919527,"low"
283,1,0,3.08513037641447,0.949928345242864,1,0.00759942676194291,0,1,"high MOD",0.703066388137013,"high"
284,1,0,3.63201286010666,0.837210432227765,1,0.00669768345782212,0,1,"high MOD",0.78747961433708,"high"
285,1,0,3.36559352283555,0.812055368297864,1,0.00649644294638291,0,1,"high MOD",0.746553944145044,"high"
286,1,0,2.8732146875805,0.577752161861541,1,0.00462201729489232,0,1,"low MOD",0.67138010046011,"high"
287,1,0,4.34677092629986,0.807219364211988,1,0.0064577549136959,0,1,"high MOD",0.897516217918842,"high"
288,1,0,2.42353079842754,0.566035755302203,1,0.00452828604241762,0,1,"low MOD",0.602226804052723,"high"
289,1,0,2.77568441114534,0.631306561807239,1,0.00505045249445791,0,1,"low MOD",0.656243616331757,"high"
290,1,0,3.17039263610843,0.773639103608314,1,0.00618911282886651,0,1,"high MOD",0.716617601607799,"high"
291,1,0,1.95888708402734,0.993713513482756,1,0.00794970810786204,0,1,"low MOD",0.529690410432556,"low"
292,1,0,3.62758022946633,0.636319194012641,1,0.00509055355210112,0,1,"high MOD",0.787292172671097,"high"
293,1,0,2.4643586940381,0.925755189915867,1,0.00740604151932693,0,1,"low MOD",0.607622555538377,"high"
294,1,0,1.68420536829545,0.847647155325005,1,0.00678117724260003,0,1,"low MOD",0.487791232893885,"low"
295,1,0,4.6435239415992,0.931079997688286,1,0.00744863998150628,0,1,"high MOD",0.942865640251721,"high"
296,1,0,1.91067190564604,0.809158250568893,1,0.00647326600455114,0,1,"low MOD",0.522726980559528,"low"
297,1,0,3.67238373679122,0.77817522670207,1,0.00622540181361656,0,1,"high MOD",0.793835835871382,"high"
298,1,0,2.82349499505293,0.612898597509331,1,0.00490318878007465,0,1,"low MOD",0.663644402691197,"high"
299,1,0,1.64374940980432,0.521582547791566,1,0.00417266038233253,0,1,"low MOD",0.482369859852254,"low"
300,1,0,2.52835972430796,0.729387857161241,1,0.00583510285728992,0,1,"low MOD",0.61795223362975,"high"
301,1,0,3.15120090239672,0.641505766716483,1,0.00513204613373186,0,1,"high MOD",0.713990278481424,"high"
302,1,0,2.5114522755197,0.623517474956562,1,0.00498813979965249,0,1,"low MOD",0.61561169168006,"high"
303,1,0,2.72261205814653,0.828959655413075,1,0.00663167724330459,0,1,"low MOD",0.647592108255372,"high"
304,1,0,3.27710431201997,0.462157091593824,1,0.00369725673275059,0,1,"high MOD",0.733801507469919,"high"
305,1,0,2.62788464912787,0.950802715524367,1,0.00760642172419493,0,1,"low MOD",0.632718739335305,"high"
306,1,0,2.18403294667204,0.759541608354696,1,0.00607633286683757,0,1,"low MOD",0.564904658605902,"low"
307,1,0,4.39187385393773,0.362634545973129,1,0.00290107636778503,0,1,"high MOD",0.90554949249264,"high"
308,1,0,2.65356846625382,0.813045374195296,1,0.00650436299356236,0,1,"low MOD",0.63700919081026,"high"
309,1,0,3.10885617339569,0.715968561954794,1,0.00572774849563835,0,1,"high MOD",0.707292411754525,"high"
310,1,0,2.42232551233413,0.74644423953656,1,0.00597155391629248,0,1,"low MOD",0.601597293000238,"high"
311,1,0,2.89998461028601,0.294212499386234,1,0.00235369999508987,0,1,"low MOD",0.676196493891666,"high"
312,1,0,3.94283136684047,0.923628931373726,1,0.0073890314509898,0,1,"high MOD",0.835085123682844,"high"
313,1,0,4.59389960084292,0.611664050705437,1,0.00489331240564349,0,1,"high MOD",0.936017380927944,"high"
314,1,0,3.14313315937407,0.47052556830499,1,0.00376420454643991,0,1,"high MOD",0.713169961581721,"high"
315,1,0,3.62489174066487,0.680065911382008,1,0.00544052729105606,0,1,"high MOD",0.786770874781963,"high"
316,1,0,2.31908022006229,0.604711367830786,1,0.00483769094264628,0,1,"low MOD",0.586062282796461,"low"
317,1,0,1.78014839867264,0.57491601755797,1,0.00459932814046376,0,1,"low MOD",0.503223037291033,"low"
318,1,0,2.46928416827993,0.401696468773956,1,0.00321357175019164,0,1,"low MOD",0.609670311504546,"high"
319,1,0,2.69195290636355,0.996831478609755,1,0.00797465182887803,0,1,"low MOD",0.642462092723968,"high"
320,1,0,2.24208408779087,0.850631138337774,1,0.00680504910670219,0,1,"low MOD",0.573611383011918,"low"
321,1,0,3.16821432416763,0.835056966013231,1,0.00668045572810585,0,1,"high MOD",0.716131294263295,"high"
322,1,0,2.77904727033643,0.549021091056795,1,0.00439216872845435,0,1,"low MOD",0.656963528135312,"high"
323,1,0,1.84928398169889,0.533992379491525,1,0.0042719390359322,0,1,"low MOD",0.51396001594262,"low"
324,1,0,2.67114736146889,0.70340751905128,1,0.00562726015241024,0,1,"low MOD",0.639983514025241,"high"
325,1,0,2.03679951175984,0.94103600100972,1,0.00752828800807776,0,1,"low MOD",0.541806605499028,"low"
326,1,0,3.47285546596893,0.377801781488054,1,0.00302241425190443,0,1,"high MOD",0.764124713456173,"high"
327,1,0,3.88614570526796,0.843749427839934,1,0.00674999542271947,0,1,"high MOD",0.826560879141927,"high"
328,1,0,3.50482891334498,0.336128157206319,1,0.00268902525765055,0,1,"high MOD",0.769146286589182,"high"
329,1,0,2.08610192464238,0.800258007293714,1,0.00640206405834971,0,1,"low MOD",0.549738122542412,"low"
330,1,0,3.94905479320237,0.802033363542475,1,0.00641626690833979,0,1,"high MOD",0.836341886059337,"high"
331,1,0,2.72701496055048,0.803267169620097,1,0.00642613735696077,0,1,"low MOD",0.648332720897933,"high"
332,1,0,3.5904050044321,0.961798543432765,1,0.00769438834746211,0,1,"high MOD",0.780771727344181,"high"
333,1,0,2.25737845149251,0.946664592061083,1,0.00757331673648866,0,1,"low MOD",0.575727972003005,"low"
334,1,0,3.74552105217694,0.569025559849688,1,0.0045522044787975,0,1,"high MOD",0.805602560495283,"high"
335,1,0,3.22595593455074,0.819727126738166,1,0.00655781701390533,0,1,"high MOD",0.725052353926605,"high"
336,1,0,3.94413449681074,0.893177099797025,1,0.00714541679837619,0,1,"high MOD",0.835360563571382,"high"
337,1,0,2.4576509401762,0.429213481604819,1,0.00343370785283855,0,1,"low MOD",0.607812849918542,"high"
338,1,0,2.787316088611,0.468173271890767,1,0.00374538617512613,0,1,"low MOD",0.658434664040115,"high"
339,1,0,3.04958588489265,0.496366960843892,1,0.00397093568675113,0,1,"high MOD",0.698714463618331,"high"
340,1,0,3.01265025176152,0.858653687811965,1,0.00686922950249572,0,1,"high MOD",0.692140275808696,"high"
341,1,0,2.20738098437888,0.761227387574633,1,0.00608981910059706,0,1,"low MOD",0.568492514796567,"low"
342,1,0,3.77513653932244,0.580383525923597,1,0.00464306820738877,0,1,"high MOD",0.810130831216564,"high"
343,1,0,2.69587862435301,0.841830796964789,1,0.00673464637571831,0,1,"low MOD",0.643447589477166,"high"
344,1,0,3.42517478236357,0.791266193368999,1,0.00633012954695199,0,1,"high MOD",0.75577146511841,"high"
345,1,0,2.77711997664465,0.757335167708928,1,0.00605868134167142,0,1,"low MOD",0.656154248301739,"high"
346,1,0,3.72194003524615,0.780774656276122,1,0.00624619725020897,0,1,"high MOD",0.801453483191651,"high"
347,1,0,3.43420981421295,0.650989621185548,1,0.00520791696948438,0,1,"high MOD",0.757506766195996,"high"
348,1,0,2.93165027377682,0.805613998251081,1,0.00644491198600865,0,1,"low MOD",0.679809299969969,"high"
349,1,0,3.38546878258979,0.378960845918922,1,0.00303168676735137,0,1,"high MOD",0.750677755239245,"high"
350,1,0,4.03107485891104,0.898060886545354,1,0.00718448709236283,0,1,"high MOD",0.848723982265587,"high"
351,1,0,3.29580139340383,0.716797382264948,1,0.00573437905811958,0,1,"high MOD",0.736051174659629,"high"
352,1,0,2.06836365149886,0.936224686440728,1,0.00748979749152582,0,1,"low MOD",0.546674470233202,"low"
353,1,0,3.6450642994683,0.870337362863822,1,0.00696269890291057,0,1,"high MOD",0.789405984871151,"high"
354,1,0,3.21667861159739,0.857409179808935,1,0.00685927343847147,0,1,"high MOD",0.7235323176493,"high"
355,1,0,3.29567792980936,0.90338996478741,1,0.00722711971829928,0,1,"high MOD",0.735572875441963,"high"
356,1,0,4.18756245303417,0.540843720189866,1,0.00432674976151893,0,1,"high MOD",0.873678300540174,"high"
357,1,0,2.01202939382827,0.62194537287194,1,0.00497556298297552,0,1,"low MOD",0.538781271978819,"low"
358,1,0,2.15324511795652,0.383940810814457,1,0.00307152648651565,0,1,"low MOD",0.561092625382075,"low"
359,1,0,3.24054768098933,0.672857577572667,1,0.00538286062058134,0,1,"high MOD",0.727658763038179,"high"
360,1,0,2.59744943140901,0.879697187880674,1,0.00703757750304538,0,1,"low MOD",0.628211427138911,"high"
361,1,0,2.68050440725299,0.71256674298152,1,0.00570053394385215,0,1,"low MOD",0.641400513748505,"high"
362,1,0,2.90387191829541,0.874205618759927,1,0.00699364495007941,0,1,"low MOD",0.675366865906962,"high"
363,1,0,3.08915495131298,0.696162933190267,1,0.00556930346552214,0,1,"high MOD",0.704310206827991,"high"
364,1,0,3.51953964178264,0.860331168437733,1,0.00688264934750186,0,1,"high MOD",0.770119129705791,"high"
365,1,0,2.91033425882039,0.826009443436764,1,0.0066080755474941,0,1,"low MOD",0.676479708880831,"high"
366,1,0,2.97096041605616,0.849307081563193,1,0.00679445665250554,0,1,"low MOD",0.685749461961714,"high"
367,1,0,3.85874933815842,0.74157521723021,1,0.00593260173784168,0,1,"high MOD",0.822597559181959,"high"
368,1,0,2.55123600830795,0.773723818885555,1,0.00618979055108444,0,1,"low MOD",0.621362527262428,"high"
369,1,0,2.4122193259261,0.580063024943076,1,0.00464050419954461,0,1,"low MOD",0.60045204885031,"high"
370,1,0,2.41212020940158,0.937707196218001,1,0.007501657569744,0,1,"low MOD",0.59955644527109,"low"
371,1,0,2.8508739742489,0.287289625593836,1,0.00229831700475068,0,1,"low MOD",0.668658052344523,"high"
372,1,0,2.89289748480757,0.75410475400324,1,0.00603283803202592,0,1,"low MOD",0.67397412442208,"high"
373,1,0,2.2555165204362,0.72872355385542,1,0.00582978843084335,0,1,"low MOD",0.575977991319155,"low"
374,1,0,2.72143361226346,0.894002380637333,1,0.00715201904509866,0,1,"low MOD",0.647250703718964,"high"
375,1,0,4.1946598267646,0.556086965806259,1,0.00444869572645007,0,1,"high MOD",0.874732682355646,"high"
376,1,0,2.86015779379866,0.673178692666424,1,0.00538542954133139,0,1,"low MOD",0.669136451494769,"high"
377,1,0,3.483807371327,0.721301874754463,1,0.0057704149980357,0,1,"high MOD",0.764964083281681,"high"
378,1,0,2.79366720898036,0.829252451294609,1,0.00663401961035687,0,1,"low MOD",0.658522949193793,"high"
379,1,0,2.99255013466925,0.759768404474959,1,0.00607814723579967,0,1,"low MOD",0.689291360030408,"high"
380,1,0,2.65412598367425,0.979821597493319,1,0.00783857277994655,0,1,"low MOD",0.636684436632978,"high"
381,1,0,1.90778109756564,0.777738389003259,1,0.00622190711202607,0,1,"low MOD",0.522359582052553,"low"
382,1,0,1.73966893830011,0.932010926056563,1,0.0074560874084525,0,1,"low MOD",0.496116425151262,"low"
383,1,0,2.29757163385536,0.501598930893763,1,0.0040127914471501,0,1,"low MOD",0.583007084763239,"low"
384,1,0,3.82197029061818,0.97368826514302,1,0.00778950612114415,0,1,"high MOD",0.816367888980906,"high"
385,1,0,2.97692755742574,0.477072245674846,1,0.00381657796539876,0,1,"low MOD",0.687583754076145,"high"
386,1,0,2.83736878482907,0.788575992626682,1,0.00630860794101345,0,1,"low MOD",0.665346395222622,"high"
387,1,0,3.94082801741157,0.345619634070066,1,0.00276495707256053,0,1,"high MOD",0.836199708194838,"high"
388,1,0,4.08139952205237,0.649313229218227,1,0.00519450583374581,0,1,"high MOD",0.857078540059213,"high"
389,1,0,3.75980564557235,0.714818156721366,1,0.00571854525377093,0,1,"high MOD",0.807441316163817,"high"
390,1,0,3.32283418727443,0.834316504871625,1,0.006674532038973,0,1,"high MOD",0.739920788184075,"high"
391,1,0,2.51417742717936,0.864910846739338,1,0.0069192867739147,0,1,"low MOD",0.615436746712543,"high"
392,1,0,3.87637811156447,0.883030454316567,1,0.00706424363453253,0,1,"high MOD",0.824961480660832,"high"
393,1,0,3.66525981837314,0.507833558724869,1,0.00406266846979895,0,1,"high MOD",0.79340530483593,"high"
394,1,0,2.26583525443179,0.854344052312786,1,0.00683475241850228,0,1,"low MOD",0.577256269168428,"low"
395,1,0,3.72501526669521,0.719957182291306,1,0.00575965745833045,0,1,"high MOD",0.802076300273624,"high"
396,1,0,4.4646479932984,0.469313483937854,1,0.00375450787150283,0,1,"high MOD",0.916482919623907,"high"
397,1,0,2.98823998303638,0.943427235732823,1,0.00754741788586258,0,1,"low MOD",0.688176176502254,"high"
398,1,0,3.76599067318164,0.813269557019045,1,0.00650615645615236,0,1,"high MOD",0.808150516964514,"high"
399,1,0,3.13589193118394,0.876019914746954,1,0.00700815931797563,0,1,"high MOD",0.711057786545845,"high"
400,1,0,3.4106963834635,0.610234766572517,1,0.00488187813258013,0,1,"high MOD",0.753989634953591,"high"
401,1,0,2.88746647119491,0.611184929072377,1,0.00488947943257902,0,1,"low MOD",0.67349038651227,"high"
402,1,0,3.32239776511554,0.620112771510052,1,0.00496090217208041,0,1,"high MOD",0.740380917041751,"high"
403,1,0,3.17950980482783,0.920887503789607,1,0.00736710003031685,0,1,"high MOD",0.717657785348799,"high"
404,1,0,3.5583559211228,0.881448108262207,1,0.00705158486609765,0,1,"high MOD",0.776038884829324,"high"
405,1,0,3.48697371119658,0.911295514805671,1,0.00729036411844537,0,1,"high MOD",0.764983535839952,"high"
406,1,0,2.8807302281097,0.838456163622099,1,0.00670764930897679,0,1,"low MOD",0.671894604537192,"high"
407,1,0,2.36312039874829,0.839954985653129,1,0.00671963988522503,0,1,"low MOD",0.592258633688899,"low"
408,1,0,1.99694010141609,0.942423824263783,1,0.00753939059411026,0,1,"low MOD",0.535670972342749,"low"
409,1,0,3.43409474031669,0.939463950019786,1,0.00751571160015828,0,1,"high MOD",0.756778971864058,"high"
410,1,0,2.58950173615622,0.839617063357939,1,0.00671693650686351,0,1,"low MOD",0.627087363560384,"high"
411,1,0,2.59760672127198,0.957873349771312,1,0.00766298679817049,0,1,"low MOD",0.628043191950099,"high"
412,1,0,3.59689427374163,0.550593187280062,1,0.00440474549824049,0,1,"high MOD",0.782782274268485,"high"
413,1,0,3.6100213524191,0.593767828966919,1,0.00475014263173535,0,1,"high MOD",0.784695548793173,"high"
414,1,0,2.11532047716385,0.804532580821594,1,0.00643626064657274,0,1,"low MOD",0.554222762441646,"low"
415,1,0,3.00282391444311,0.689548045488143,1,0.00551638436390514,0,1,"high MOD",0.691044791648507,"high"
416,1,0,2.73245944808554,0.663802865256,1,0.00531042292204799,0,1,"low MOD",0.649513631114068,"high"
417,1,0,3.25996686680931,0.515051227001374,1,0.00412040981601099,0,1,"high MOD",0.731034776488813,"high"
418,1,0,2.64463873961084,0.973429875187296,1,0.00778743900149836,0,1,"low MOD",0.635240594093514,"high"
419,1,0,3.21203342082838,0.853386756114829,1,0.00682709404891863,0,1,"high MOD",0.722827574266238,"high"
420,1,0,2.25916614921991,0.780013795628551,1,0.0062401103650284,0,1,"low MOD",0.57641321976767,"low"
421,1,0,2.88442302340303,0.858278705499354,1,0.00686622964399482,0,1,"low MOD",0.672413932940775,"high"
422,1,0,1.90163827641442,0.632213295126033,1,0.00505770636100826,0,1,"low MOD",0.52177274826037,"low"
423,1,0,3.73051357040065,0.72553616945701,1,0.00580428935565607,0,1,"high MOD",0.802908460259898,"high"
424,1,0,2.23486961749935,0.558273199409907,1,0.00446618559527925,0,1,"low MOD",0.573221114816737,"low"
425,1,0,2.87018368197305,0.849863643226154,1,0.00679890914580923,0,1,"low MOD",0.670243979027913,"high"
426,1,0,3.63312408884296,0.650956440878729,1,0.00520765152702983,0,1,"high MOD",0.788109043967523,"high"
427,1,0,2.63525125745511,0.741840519354234,1,0.00593472415483387,0,1,"low MOD",0.634366432176222,"high"
428,1,0,2.50194637358514,0.742946465269695,1,0.00594357172215756,0,1,"low MOD",0.613855266175512,"high"
429,1,0,2.08785400289853,0.988466407355912,1,0.00790773125884729,0,1,"low MOD",0.54954439082782,"low"
430,1,0,1.74748730150591,0.649482159943894,1,0.00519585727955115,0,1,"low MOD",0.498014705684124,"low"
431,1,0,2.66984489491268,0.965766538653132,1,0.00772613230922505,0,1,"low MOD",0.639137327737574,"high"
432,1,0,3.73350343228869,0.721559492228308,1,0.00577247593782646,0,1,"high MOD",0.803378227755852,"high"
433,1,0,2.58434694230728,0.538512656650476,1,0.0043081012532038,0,1,"low MOD",0.627035498430904,"high"
434,1,0,3.56550565425899,0.570267530347053,1,0.00456214024277642,0,1,"high MOD",0.777904826734375,"high"
435,1,0,3.58400636490871,0.937577557784166,1,0.00750062046227333,0,1,"high MOD",0.77984694215141,"high"
436,1,0,3.16304242396236,0.609777534261125,1,0.00487822027408899,0,1,"high MOD",0.715890151294489,"high"
437,1,0,2.45514562834613,0.824275013978803,1,0.00659420011183042,0,1,"low MOD",0.606454958172687,"high"
438,1,0,2.7003133427648,0.372506402562508,1,0.00298005122050006,0,1,"low MOD",0.645285113895969,"high"
439,1,0,2.8197548774826,0.872590038999989,1,0.00698072031199991,0,1,"low MOD",0.662429759516708,"high"
440,1,0,3.19549040020737,0.843735893610412,1,0.00674988714888329,0,1,"high MOD",0.720306250139939,"high"
441,1,0,3.43761159983132,0.765871240076707,1,0.00612696992061366,0,1,"high MOD",0.757747332306169,"high"
442,1,0,4.38900434308003,0.750888128483558,1,0.00600710502786846,0,1,"high MOD",0.904152328157584,"high"
443,1,0,3.79997273128097,0.776207059194042,1,0.00620965647355233,0,1,"high MOD",0.813469756666749,"high"
444,1,0,3.18530686305677,0.90920074261558,1,0.00727360594092464,0,1,"high MOD",0.718578407873065,"high"
445,1,0,2.43050045132043,0.604364471298858,1,0.00483491577039086,0,1,"low MOD",0.60320471073533,"high"
446,1,0,2.14678621442506,0.734554297505506,1,0.00587643438004404,0,1,"low MOD",0.559235899333072,"low"
447,1,0,2.35435273557679,0.684444554881286,1,0.00547555643905029,0,1,"low MOD",0.59129255733826,"low"
448,1,0,1.71124749928077,0.87431165810621,1,0.00699449326484967,0,1,"low MOD",0.491885925038626,"low"
449,1,0,3.06911372907911,0.706906349727739,1,0.0056552507978219,0,1,"high MOD",0.701200496535918,"high"
450,1,0,3.3148328857211,0.674734901447019,1,0.00539787921157615,0,1,"high MOD",0.739082634968915,"high"
451,1,0,1.84704390738063,0.629644644695608,1,0.00503715715756486,0,1,"low MOD",0.513379937394692,"low"
452,1,0,3.29840220897452,0.859889923461127,1,0.00687911938768901,0,1,"high MOD",0.73609907233833,"high"
453,1,0,4.14537777661733,0.924356969407601,1,0.0073948557552608,0,1,"high MOD",0.86624431770874,"high"
454,1,0,1.76327323262321,0.830243043194492,1,0.00664194434555593,0,1,"low MOD",0.499998360604939,"low"
455,1,0,1.74216101523858,0.880444030483149,1,0.00704355224386519,0,1,"low MOD",0.496626755500131,"low"
456,1,0,3.20014551856547,0.67180786472469,1,0.00537446291779751,0,1,"high MOD",0.72144562965075,"high"
457,1,0,2.53324816161344,0.547701403432952,1,0.00438161122746361,0,1,"low MOD",0.61915152910131,"high"
458,1,0,3.11781516313903,0.837814937549268,1,0.00670251950039414,0,1,"high MOD",0.70837078832896,"high"
459,1,0,3.2206582490121,0.711012779454551,1,0.0056881022356364,0,1,"high MOD",0.724504929929357,"high"
460,1,0,2.20490907738939,0.729461126304512,1,0.00583568901043609,0,1,"low MOD",0.568190415287465,"low"
461,1,0,2.68639298539662,0.518584982613689,1,0.00414867986090951,0,1,"low MOD",0.642783942411507,"high"
462,1,0,2.90716384774351,0.823644568249255,1,0.00658915654599404,0,1,"low MOD",0.675997774561773,"high"
463,1,0,3.60583962958999,0.641528947032482,1,0.00513223157625985,0,1,"high MOD",0.78393464099038,"high"
464,1,0,2.91093963175386,0.838097940430485,1,0.00670478352344388,0,1,"low MOD",0.676543086877995,"high"
465,1,0,2.83022567970738,0.653035071775084,1,0.00522428057420067,0,1,"low MOD",0.66458109516292,"high"
466,1,0,2.72486610180784,0.838569179595472,1,0.00670855343676377,0,1,"low MOD",0.647915229989893,"high"
467,1,0,3.03119752073205,0.649609827224127,1,0.00519687861779302,0,1,"high MOD",0.695508271307149,"high"
468,1,0,3.98566661439814,0.932295931879876,1,0.007458367455039,0,1,"high MOD",0.841653827613548,"high"
469,1,0,3.91889564105169,0.766740453242076,1,0.0061339236259366,0,1,"high MOD",0.831788891353818,"high"
470,1,0,3.4980684971505,0.852529973835047,1,0.00682023979068037,0,1,"high MOD",0.766835079626021,"high"
471,1,0,3.33313202589473,0.752723792984285,1,0.00602179034387428,0,1,"high MOD",0.741705914647227,"high"
472,1,0,3.38807227296328,0.914956162135137,1,0.0073196492970811,0,1,"high MOD",0.749758919133711,"high"
473,1,0,2.56854486566351,0.682289824767996,1,0.00545831859814396,0,1,"low MOD",0.624250496687265,"high"
474,1,0,2.67258916761841,0.878664657854136,1,0.00702931726283309,0,1,"low MOD",0.639773928168114,"high"
475,1,0,3.07307278363653,0.976892692231759,1,0.00781514153785406,0,1,"high MOD",0.70114500008628,"high"
476,1,0,2.76919624332827,0.97184890486397,1,0.00777479123891175,0,1,"low MOD",0.654407178592377,"high"
477,1,0,4.20827179572857,0.659600764745794,1,0.00527680611796635,0,1,"high MOD",0.876572028229637,"high"
478,1,0,3.79210680787823,0.747912569178445,1,0.00598330055342755,0,1,"high MOD",0.812329262580212,"high"
479,1,0,3.84016333013873,0.89555430126901,1,0.00716443441015208,0,1,"high MOD",0.819359147895143,"high"
480,1,0,3.87668221895346,0.857101697387132,1,0.00685681357909705,0,1,"high MOD",0.825072091045425,"high"
481,1,0,3.94458103455636,0.781907021150889,1,0.00625525616920711,0,1,"high MOD",0.835703157264299,"high"
482,1,0,3.50248689288265,0.869368523763437,1,0.00695494819010749,0,1,"high MOD",0.767473384077297,"high"
483,1,0,4.22111437058326,0.801369605506469,1,0.00641095684405174,0,1,"high MOD",0.878198839522331,"high"
484,1,0,4.20904026735766,0.931152725203837,1,0.00744922180163069,0,1,"high MOD",0.876021819039138,"high"
485,1,0,3.44278432471374,0.850851020457511,1,0.00680680816366008,0,1,"high MOD",0.758333955136372,"high"
486,1,0,4.03644708568684,0.913356156569155,1,0.00730684925255324,0,1,"high MOD",0.849512828797189,"high"
487,1,0,3.90609802456834,0.591386177021311,1,0.00473108941617048,0,1,"high MOD",0.830251668574769,"high"
488,1,0,2.16621168195064,0.785797490978717,1,0.00628637992782973,0,1,"low MOD",0.562098295706921,"low"
489,1,0,2.80099123562001,0.557588607149151,1,0.0044607088571932,0,1,"low MOD",0.660318433523943,"high"
490,1,0,2.35017864731716,0.887217247419409,1,0.00709773797935527,0,1,"low MOD",0.59015125713207,"low"
491,1,0,1.78200305458703,0.851393895964353,1,0.00681115116771482,0,1,"low MOD",0.502827808038708,"low"
492,1,0,2.69530489763746,0.4048833918776,1,0.0032390671350208,0,1,"low MOD",0.644434886671911,"high"
493,1,0,2.79085512324473,0.521195382681009,1,0.00416956306144807,0,1,"low MOD",0.65884861494182,"high"
494,1,0,2.64897161869522,0.599591960416876,1,0.004796735683335,0,1,"low MOD",0.636827407281315,"high"
495,1,0,2.70933549311073,0.46084001502468,1,0.00368672012019744,0,1,"low MOD",0.646455700441591,"high"
496,1,0,2.93315807972358,0.8724934385228,1,0.00697994750818239,0,1,"low MOD",0.67987664380111,"high"
497,1,0,3.89921150736858,0.943526933725908,1,0.00754821546980726,0,1,"high MOD",0.828325396373687,"high"
498,1,0,2.89734649108278,0.810086753894103,1,0.00648069403115282,0,1,"low MOD",0.674520785080073,"high"
499,1,0,2.96429293790929,0.459277430850911,1,0.00367421944680729,0,1,"low MOD",0.685683769079334,"high"
500,1,0,3.0242519866731,0.906354758818388,1,0.0072508380705471,0,1,"high MOD",0.693807740081846,"high"
501,1,0,3.32413535838996,0.885024160628814,1,0.00708019328503051,0,1,"high MOD",0.739996149510753,"high"
502,1,0,2.33618836834726,0.765754818535515,1,0.00612603854828411,0,1,"low MOD",0.588297890961645,"low"
503,1,0,2.91655924857946,0.365076876722304,1,0.00292061501377843,0,1,"low MOD",0.678572002854138,"high"
504,1,0,2.31984673309457,0.680063799689307,1,0.00544051039751445,0,1,"low MOD",0.58599472496916,"low"
505,1,0,4.48098006433617,0.830263329744601,1,0.0066421066379568,0,1,"high MOD",0.91810705400927,"high"
506,1,0,3.11204562821506,0.907821858070913,1,0.0072625748645673,0,1,"high MOD",0.707310842843988,"high"
507,1,0,1.67506972177378,0.391505032620484,1,0.00313204026096387,0,1,"low MOD",0.487508560192592,"low"
508,1,0,2.53650631764023,0.18658305828674,1,0.00149266446629392,0,1,"low MOD",0.620541690570407,"high"
509,1,0,3.12435943746863,0.619142422418172,1,0.00495313937934537,0,1,"high MOD",0.70991587057076,"high"
510,1,0,3.55574171614403,0.392969186004172,1,0.00314375348803337,0,1,"high MOD",0.776839109102763,"high"
511,1,0,4.10633814791258,0.917332516512077,1,0.00733866013209661,0,1,"high MOD",0.860255511945906,"high"
512,1,0,2.23595829515858,0.840639128998661,1,0.00672511303198929,0,1,"low MOD",0.572693549091477,"low"
513,1,0,3.86120416628185,0.858229494819928,1,0.00686583595855942,0,1,"high MOD",0.822688076056113,"high"
514,1,0,3.48260911646576,0.519394772326065,1,0.00415515817860852,0,1,"high MOD",0.765276738478238,"high"
515,1,0,2.66964940134972,0.746912732437162,1,0.00597530185949729,0,1,"low MOD",0.639645968866266,"high"
516,1,0,2.76927631325929,0.838641317934532,1,0.00670913054347625,0,1,"low MOD",0.654747392641898,"high"
517,1,0,3.79961466531985,0.770343979553721,1,0.00616275183642977,0,1,"high MOD",0.813429101791845,"high"
518,1,0,3.8635054079641,0.928603511083171,1,0.00742882808866536,0,1,"high MOD",0.822868884890272,"high"
519,1,0,3.02261846773588,0.701666232242747,1,0.00561332985794197,0,1,"high MOD",0.694060278156923,"high"
520,1,0,3.06092102839682,0.43263302278357,1,0.00346106418226856,0,1,"high MOD",0.700615215389581,"high"
521,1,0,4.22458529919458,0.821386279910125,1,0.00657109023928099,0,1,"high MOD",0.878683556725542,"high"
522,1,0,2.34297729242739,0.962481802454175,1,0.0076998544196334,0,1,"low MOD",0.588858089782788,"low"
523,1,0,4.12586001988403,0.598590106552698,1,0.00478872085242158,0,1,"high MOD",0.864043473566028,"high"
524,1,0,2.72038185750181,0.863615280673961,1,0.00690892224539168,0,1,"low MOD",0.647163694309388,"high"
525,1,0,2.93324620759069,0.321646477956167,1,0.00257317182364933,0,1,"low MOD",0.681246132914369,"high"
526,1,0,3.31132735592857,0.91772930890556,1,0.00734183447124447,0,1,"high MOD",0.737945182613243,"high"
527,1,0,3.54943134055637,0.999458935593095,1,0.00799567148474475,0,1,"high MOD",0.774375384244135,"high"
528,1,0,3.23476599827502,0.897432476002766,1,0.00717945980802212,0,1,"high MOD",0.726216473639842,"high"
529,1,0,3.74830095510958,0.728068603431082,1,0.00582454882744865,0,1,"high MOD",0.80563874730072,"high"
530,1,0,4.02095622130433,0.856129216007092,1,0.00684903372805673,0,1,"high MOD",0.847270485207418,"high"
531,1,0,2.81572801988476,0.805615348733835,1,0.00644492278987067,0,1,"low MOD",0.661975103739233,"high"
532,1,0,2.97838834787261,0.954845903373485,1,0.00763876722698788,0,1,"low MOD",0.686632432833636,"high"
533,1,0,2.26389838120973,0.635516341924996,1,0.00508413073539996,0,1,"low MOD",0.577496941498297,"low"
534,1,0,2.71827992270791,0.804767978429443,1,0.00643814382743554,0,1,"low MOD",0.646985174623545,"high"
535,1,0,3.06236495856522,0.883745657379792,1,0.00706996525903833,0,1,"high MOD",0.699726927391869,"high"
536,1,0,3.64367561528435,0.715032037752874,1,0.00572025630202299,0,1,"high MOD",0.789574631181586,"high"
537,1,0,3.62877685261213,0.897040305078526,1,0.00717632244062821,0,1,"high MOD",0.786834493497057,"high"
538,1,0,2.94178678524751,0.803030682463917,1,0.00642424545971133,0,1,"low MOD",0.681375122204322,"high"
539,1,0,3.783104187756,0.697274882787471,1,0.00557819906229976,0,1,"high MOD",0.811068890712524,"high"
540,1,0,3.132524085036,0.876339108556829,1,0.00701071286845463,0,1,"high MOD",0.710538870661399,"high"
541,1,0,2.47025747663842,0.425067547893713,1,0.0034005403831497,0,1,"low MOD",0.609762522441865,"high"
542,1,0,4.65357200103819,0.804665131809337,1,0.00643732105447469,0,1,"high MOD",0.944722670604498,"high"
543,1,0,3.52974662467255,0.861879502054185,1,0.00689503601643347,0,1,"high MOD",0.771685623483028,"high"
544,1,0,4.27838805178974,0.886018172236043,1,0.00708814537788834,0,1,"high MOD",0.88680180938984,"high"
545,1,0,2.84297493158863,0.477228972422272,1,0.00381783177937817,0,1,"low MOD",0.666975272004596,"high"
546,1,0,3.94006425484803,0.941769769795315,1,0.00753415815836252,0,1,"high MOD",0.834614759774046,"high"
547,1,0,2.32458572616945,0.82298697629428,1,0.00658389581035424,0,1,"low MOD",0.586371989930575,"low"
548,1,0,2.63799304324277,0.661815063328913,1,0.0052945205066313,0,1,"low MOD",0.634985231112232,"high"
549,1,0,2.69286712109959,0.528252514102588,1,0.0042260201128207,0,1,"low MOD",0.643756166288299,"high"
550,1,0,3.48636792676727,0.869870611516456,1,0.00695896489213164,0,1,"high MOD",0.764992307228154,"high"
551,1,0,2.66924671830303,0.911045076388344,1,0.00728836061110674,0,1,"low MOD",0.639179999550895,"high"
552,1,0,3.61877058015739,0.713430010425391,1,0.00570744008340313,0,1,"high MOD",0.785747030767782,"high"
553,1,0,3.47844774317697,0.75520249435588,1,0.00604161995484704,0,1,"high MOD",0.764056077425734,"high"
554,1,0,2.62684042984867,0.6625612706588,1,0.0053004901652704,0,1,"low MOD",0.633267607618173,"high"
555,1,0,4.0233430713855,0.816043145238448,1,0.00652834516190758,0,1,"high MOD",0.847736366317183,"high"
556,1,0,3.28612708340376,0.766137522707461,1,0.00612910018165969,0,1,"high MOD",0.734441366621606,"high"
557,1,0,2.98706527809724,0.780860054669785,1,0.00624688043735828,0,1,"low MOD",0.688395618034235,"high"
558,1,0,3.65959014597451,0.710995966069997,1,0.00568796772855997,0,1,"high MOD",0.792032955464213,"high"
559,1,0,3.61343417027367,0.672694977073752,1,0.00538155981659001,0,1,"high MOD",0.785026315483153,"high"
560,1,0,2.70647608298013,0.974362737354242,1,0.00779490189883393,0,1,"low MOD",0.644751735258841,"high"
561,1,0,3.29044936329834,0.512560006940871,1,0.00410048005552697,0,1,"high MOD",0.735730523567275,"high"
562,1,0,2.33587491119223,0.663711234037096,1,0.00530968987229676,0,1,"low MOD",0.588500850991944,"low"
563,1,0,4.23480753703668,0.783055381614383,1,0.00626444305291506,0,1,"high MOD",0.88035056168167,"high"
564,1,0,3.08574487967845,0.987707360760524,1,0.00790165888608419,0,1,"high MOD",0.703067932600966,"high"
565,1,0,2.56790799612288,0.662260899281977,1,0.00529808719425582,0,1,"low MOD",0.624201818728365,"high"
566,1,0,3.50687199041888,0.941702660606873,1,0.00753362128485498,0,1,"high MOD",0.767969961207564,"high"
567,1,0,2.66491521522894,0.808221447798702,1,0.00646577158238961,0,1,"low MOD",0.638766718779102,"high"
568,1,0,2.35606500190417,0.651490040961495,1,0.00521192032769196,0,1,"low MOD",0.591637101730582,"low"
569,1,0,3.04701253368858,0.67841396833423,1,0.00542731174667384,0,1,"high MOD",0.697870447722344,"high"
570,1,0,3.43832858070465,0.70810170717221,1,0.00566481365737768,0,1,"high MOD",0.757999838983061,"high"
571,1,0,2.99834326913519,0.571328771754274,1,0.00457063017403419,0,1,"low MOD",0.690646462890326,"high"
572,1,0,3.20696729462037,0.739988995638837,1,0.00591991196511069,0,1,"high MOD",0.7223273031831,"high"
573,1,0,2.90866564965788,0.754492414100253,1,0.00603593931280202,0,1,"low MOD",0.676399041697273,"high"
574,1,0,2.93580360061514,0.989084661047211,1,0.00791267728837768,0,1,"low MOD",0.679996653236674,"high"
575,1,0,3.46382079831868,0.530185287761434,1,0.00424148230209147,0,1,"high MOD",0.762359666725308,"high"
576,1,0,3.02787183273276,0.383292286030644,1,0.00306633828824515,0,1,"high MOD",0.695652177870196,"high"
577,1,0,2.40721659027141,0.896364100821178,1,0.00717091280656942,0,1,"low MOD",0.598903809947426,"low"
578,1,0,3.37174149637521,0.599982142525979,1,0.00479985714020783,0,1,"high MOD",0.748021812629968,"high"
579,1,0,3.86647542722553,0.892520923192075,1,0.00714016738553659,0,1,"high MOD",0.823414629608379,"high"
580,1,0,1.78206341744013,0.688478647541399,1,0.00550782918033118,0,1,"low MOD",0.503238116781457,"low"
581,1,0,3.3600402640808,0.592390692076169,1,0.00473912553660935,0,1,"high MOD",0.746240309693473,"high"
582,1,0,2.427417730929,0.836563960372415,1,0.00669251168297931,0,1,"low MOD",0.602158878086621,"high"
583,1,0,1.86640335807228,0.801552559166184,1,0.00641242047332947,0,1,"low MOD",0.515935156480865,"low"
584,1,0,1.64168721068597,0.881459506659962,1,0.00705167605327969,0,1,"low MOD",0.481166747473756,"low"
585,1,0,2.7950752311329,0.904488061726463,1,0.0072359044938117,0,1,"low MOD",0.658554372637735,"high"
586,1,0,1.81569336540106,0.383091781272241,1,0.00306473425017793,0,1,"low MOD",0.509163676446262,"low"
587,1,0,2.99555808536148,0.610679870230459,1,0.00488543896184367,0,1,"low MOD",0.690121108836584,"high"
588,1,0,2.78139328914969,0.944042917387098,1,0.00755234333909678,0,1,"low MOD",0.656352092687922,"high"
589,1,0,3.99488037272205,0.779333925510725,1,0.00623467140408579,0,1,"high MOD",0.843447850755981,"high"
590,1,0,3.4888522555205,0.875318771789117,1,0.00700255017431294,0,1,"high MOD",0.765361100795673,"high"
591,1,0,4.22679100004967,0.561448597829101,1,0.0044915887826328,0,1,"high MOD",0.879662741920678,"high"
592,1,0,3.75565726027078,0.353438980716248,1,0.00282751184572998,0,1,"high MOD",0.807692651781434,"high"
593,1,0,2.96557589750669,0.720268198287254,1,0.00576214558629803,0,1,"low MOD",0.685238708666784,"high"
594,1,0,4.25841049394825,0.329786080295956,1,0.00263828864236765,0,1,"high MOD",0.885097525640541,"high"
595,1,0,3.02338925211775,0.873680390021681,1,0.00698944312017345,0,1,"high MOD",0.693755440904216,"high"
596,1,0,3.66908190683998,0.626105868151162,1,0.00500884694520929,0,1,"high MOD",0.793702186607624,"high"
597,1,0,3.17697192790764,0.776235464615407,1,0.00620988371692325,0,1,"high MOD",0.71762340930366,"high"
598,1,0,2.58426865985232,0.850919193024308,1,0.00680735354419446,0,1,"low MOD",0.626254454271373,"high"
599,1,0,1.89684958524322,0.53206507960159,1,0.00425652063681271,0,1,"low MOD",0.521282545226091,"low"
600,1,0,3.85962360937424,0.921369871061712,1,0.00737095896849369,0,1,"high MOD",0.822289490990346,"high"
601,1,0,3.69444468715449,0.551072342605974,1,0.00440857874084779,0,1,"high MOD",0.797788850718891,"high"
602,1,0,3.10480166354419,0.457145643901087,1,0.00365716515120869,0,1,"high MOD",0.707305743575657,"high"
603,1,0,3.47935398147483,0.752308617937979,1,0.00601846894350383,0,1,"high MOD",0.764202622090435,"high"
604,1,0,1.77464420121959,0.671354026118315,1,0.00537083220894652,0,1,"low MOD",0.502138851815646,"low"
605,1,0,3.87967694060147,0.65149386197295,1,0.0052119508957836,0,1,"high MOD",0.826038929047677,"high"
606,1,0,3.70310004199436,0.682937540957177,1,0.00546350032765741,0,1,"high MOD",0.798795852513699,"high"
607,1,0,3.52739923450085,0.652796602600161,1,0.00522237282080129,0,1,"high MOD",0.771839152132192,"high"
608,1,0,2.71699651141075,0.736438024929972,1,0.00589150419943977,0,1,"low MOD",0.646955923540288,"high"
609,1,0,1.63840124624733,0.949969645201519,1,0.00759975716161215,0,1,"low MOD",0.480492574142171,"low"
610,1,0,2.64485273785669,0.237820650737389,1,0.00190256520589911,0,1,"low MOD",0.637084247299215,"high"
611,1,0,2.68953155338798,0.606011230369243,1,0.00484808984295394,0,1,"low MOD",0.643051595954165,"high"
612,1,0,2.90357103132422,0.782849844965539,1,0.0062627987597243,0,1,"low MOD",0.67554545135458,"high"
613,1,0,2.99040860370631,0.699004191618198,1,0.00559203353294558,0,1,"low MOD",0.689111467175449,"high"
614,1,0,3.0641085377626,0.878272975302037,1,0.00702618380241629,0,1,"high MOD",0.700008641562733,"high"
615,1,0,2.13364950586112,0.860592915915,1,0.00688474332731999,0,1,"low MOD",0.556904618339459,"low"
616,1,0,2.14260729257245,0.717588843835752,1,0.00574071075068601,0,1,"low MOD",0.558634749395551,"low"
617,1,0,2.54938057305325,0.805031354991922,1,0.00644025083993537,0,1,"low MOD",0.62100001098052,"high"
618,1,0,3.47664369752992,0.640450595416145,1,0.00512360476332916,0,1,"high MOD",0.764060998154348,"high"
619,1,0,3.26189346633767,0.930784046086826,1,0.0074462723686946,0,1,"high MOD",0.730307834092351,"high"
620,1,0,3.52835975080143,0.502493335276176,1,0.0040199466822094,0,1,"high MOD",0.772356901144155,"high"
621,1,0,2.94980558333976,0.88220949741829,1,0.00705767597934631,0,1,"low MOD",0.682413881750933,"high"
622,1,0,2.57137590909802,0.797012800511782,1,0.00637610240409425,0,1,"low MOD",0.624403646813821,"high"
623,1,0,3.73412868365287,0.880119013316095,1,0.00704095210652875,0,1,"high MOD",0.803084119913817,"high"
624,1,0,4.03657549251884,0.774690139972727,1,0.00619752111978181,0,1,"high MOD",0.849873915427582,"high"
625,1,0,2.83429072280562,0.795611773130895,1,0.00636489418504715,0,1,"low MOD",0.664855528374696,"high"
626,1,0,2.06487114618322,0.578114277942184,1,0.00462491422353747,0,1,"low MOD",0.547018664267099,"low"
627,1,0,2.34914484131962,0.476614819694008,1,0.00381291855755206,0,1,"low MOD",0.591002923723771,"low"
628,1,0,2.7443668325607,0.480165904545652,1,0.00384132723636521,0,1,"low MOD",0.651797565859688,"high"
629,1,0,2.84145595629854,0.760147365290488,1,0.0060811789223239,0,1,"low MOD",0.666045168992906,"high"
630,1,0,2.74712919739391,0.817604715814309,1,0.00654083772651447,0,1,"low MOD",0.651391926452443,"high"
631,1,0,2.21795179390446,0.766859962681368,1,0.00613487970145094,0,1,"low MOD",0.570104928384856,"low"
632,1,0,1.657930403491,0.645191749940001,1,0.00516153399952,0,1,"low MOD",0.484247282383379,"low"
633,1,0,2.98708601705801,0.746513990460377,1,0.00597211192368301,0,1,"low MOD",0.688483352801637,"high"
634,1,0,3.77114086605924,0.892899860897402,1,0.00714319888717921,0,1,"high MOD",0.808746841274598,"high"
635,1,0,2.95683562696256,0.344173567597574,1,0.00275338854078059,0,1,"low MOD",0.684819823058616,"high"
636,1,0,3.86730330981383,0.720913015310085,1,0.00576730412248068,0,1,"high MOD",0.82396441562598,"high"
637,1,0,1.55284511890964,0.920051882114116,1,0.00736041505691293,0,1,"low MOD",0.467403736737818,"low"
638,1,0,4.25805096649746,0.844155718727145,1,0.00675324574981716,0,1,"high MOD",0.883776073076588,"high"
639,1,0,1.66570182561171,0.832630774860981,1,0.00666104619888784,0,1,"low MOD",0.484981497417529,"low"
640,1,0,2.4445062998646,0.695422451828678,1,0.00556337961462942,0,1,"low MOD",0.605135313943898,"high"
641,1,0,2.23490340376578,0.589573992768225,1,0.00471659194214579,0,1,"low MOD",0.573149264597152,"low"
642,1,0,2.89942715475137,0.884489051025132,1,0.00707591240820105,0,1,"low MOD",0.674657743066919,"high"
643,1,0,4.18936882174772,0.629214564011944,1,0.00503371651209555,0,1,"high MOD",0.873738675188235,"high"
644,1,0,2.59533862384461,0.587693585139635,1,0.00470154868111707,0,1,"low MOD",0.628605465612672,"high"
645,1,0,4.25942130556259,0.891627229178321,1,0.00713301783342657,0,1,"high MOD",0.883870041522421,"high"
646,1,0,2.99548963491761,0.687618136322756,1,0.00550094509058204,0,1,"low MOD",0.689921191497914,"high"
647,1,0,2.47284526504924,0.84483180875207,1,0.00675865447001656,0,1,"low MOD",0.609127377862955,"high"
648,1,0,2.77736902348271,0.604708463338531,1,0.00483766770670824,0,1,"low MOD",0.656568259702968,"high"
649,1,0,3.13325800806537,0.603107066371331,1,0.00482485653097065,0,1,"high MOD",0.71132435307745,"high"
650,1,0,1.76239829389727,0.304386192490387,1,0.00243508953992309,0,1,"low MOD",0.501158171510372,"low"
651,1,0,3.32810039816611,0.675823090878487,1,0.0054065847270279,0,1,"high MOD",0.741121112109546,"high"
652,1,0,3.14147697292674,0.366921784686975,1,0.0029353742774958,0,1,"high MOD",0.713170188364884,"high"
653,1,0,2.0267268656383,0.899152942600848,1,0.00719322354080678,0,1,"low MOD",0.540360064393337,"low"
654,1,0,2.42037245845072,0.728461034211689,1,0.00582768827369351,0,1,"low MOD",0.60134108952359,"high"
655,1,0,2.76502083662339,0.934360998915138,1,0.0074748879913211,0,1,"low MOD",0.653857086252423,"high"
656,1,0,1.76113615527976,0.84957578807087,1,0.00679660630456696,0,1,"low MOD",0.499621991180097,"low"
657,1,0,3.4261065568441,0.752836775540565,1,0.00602269420432452,0,1,"high MOD",0.75600941052853,"high"
658,1,0,2.91768112886045,0.573134052094455,1,0.00458507241675564,0,1,"low MOD",0.678232459081067,"high"
659,1,0,2.00876572006899,0.441922457686059,1,0.00353537966148847,0,1,"low MOD",0.538722301653232,"low"
660,1,0,3.401680251232,0.522752961489709,1,0.00418202369191767,0,1,"high MOD",0.752817877515102,"high"
661,1,0,2.5488191459849,0.830778254560707,1,0.00664622603648565,0,1,"low MOD",0.620850260601835,"high"
662,1,0,2.94342187901928,0.718351847377308,1,0.00574681477901846,0,1,"low MOD",0.68183511530173,"high"
663,1,0,3.80496809058753,0.527409804625655,1,0.00421927843700523,0,1,"high MOD",0.814850697494388,"high"
664,1,0,2.96769615525366,0.911777491793719,1,0.00729421993434975,0,1,"low MOD",0.68509349467461,"high"
665,1,0,3.90416735346151,0.705776800046318,1,0.00564621440037054,0,1,"high MOD",0.829673065332425,"high"
666,1,0,2.24056189116467,0.947697621898589,1,0.00758158097518871,0,1,"low MOD",0.573138266032969,"low"
667,1,0,3.02676462774634,0.682225354370292,1,0.00545780283496233,0,1,"high MOD",0.694746003396371,"high"
668,1,0,3.39124816639137,0.795611562239623,1,0.00636489249791698,0,1,"high MOD",0.750541289445467,"high"
669,1,0,2.53172983450924,0.64020678277216,1,0.00512165426217728,0,1,"low MOD",0.618690234766905,"high"
670,1,0,2.64016878947284,0.858558647560492,1,0.00686846918048393,0,1,"low MOD",0.634835669401826,"high"
671,1,0,1.31555524943517,0.589081113726366,1,0.00471264890981092,0,1,"low MOD",0.431712300248545,"low"
672,1,0,3.21638893105262,0.838638636718394,1,0.00670910909374715,0,1,"high MOD",0.723533955825404,"high"
673,1,0,3.50975575874648,0.97381257823691,1,0.00779050062589527,0,1,"high MOD",0.768334578076107,"high"
674,1,0,2.1400490843574,0.803162572375179,1,0.00642530057900143,0,1,"low MOD",0.55803053587683,"low"
675,1,0,3.88217938402273,0.732823275560966,1,0.00586258620448773,0,1,"high MOD",0.826223724863655,"high"
676,1,0,3.29841152799515,0.766744373867968,1,0.00613395499094374,0,1,"high MOD",0.736329787386656,"high"
677,1,0,2.60961516084975,0.939131851751467,1,0.00751305481401173,0,1,"low MOD",0.629936777111034,"high"
678,1,0,3.07905880358695,0.902559809542803,1,0.00722047847634242,0,1,"high MOD",0.702248899482195,"high"
679,1,0,3.56657215232325,0.587450405412152,1,0.00469960324329722,0,1,"high MOD",0.778026607051793,"high"
680,1,0,4.276238829845,0.611716194872065,1,0.00489372955897652,0,1,"high MOD",0.887146364727239,"high"
681,1,0,3.13306993020013,0.694587270129727,1,0.00555669816103781,0,1,"high MOD",0.711070235981239,"high"
682,1,0,1.74923274848193,0.838975664518626,1,0.00671180531614901,0,1,"low MOD",0.497816790438404,"low"
683,1,0,1.85056170997221,0.705821804039083,1,0.00564657443231266,0,1,"low MOD",0.513733624785783,"low"
684,1,0,2.00075140033555,0.917486661329819,1,0.00733989329063855,0,1,"low MOD",0.53631870980835,"low"
685,1,0,3.8557233104258,0.832881787822014,1,0.00666305430257611,0,1,"high MOD",0.821907261818561,"high"
686,1,0,3.69862629762142,0.843100250263424,1,0.00674480200210739,0,1,"high MOD",0.79771333747957,"high"
687,1,0,2.77673218603809,0.480535525917739,1,0.00384428420734191,0,1,"low MOD",0.656775941172832,"high"
688,1,0,3.98816634523039,0.869220292966715,1,0.00695376234373372,0,1,"high MOD",0.842193664698912,"high"
689,1,0,2.18550053909942,0.919080416230651,1,0.0073526433298452,0,1,"low MOD",0.564737731144574,"low"
690,1,0,2.48345861520535,0.778804692794049,1,0.00623043754235239,0,1,"low MOD",0.61092272924933,"high"
691,1,0,3.80361110769299,0.689872906399435,1,0.00551898325119548,0,1,"high MOD",0.81424202172163,"high"
692,1,0,3.70598956180279,0.672457528387508,1,0.00537966022710006,0,1,"high MOD",0.799266190976705,"high"
693,1,0,2.19972257362207,0.717223954641727,1,0.00573779163713381,0,1,"low MOD",0.567422613899662,"low"
694,1,0,2.97309952652438,0.735336239370167,1,0.00588268991496133,0,1,"low MOD",0.686359099491456,"high"
695,1,0,4.13658417709164,0.887293968083911,1,0.00709835174467128,0,1,"high MOD",0.864982688246508,"high"
696,1,0,1.79675813467918,0.52166578445619,1,0.00417332627564952,0,1,"low MOD",0.505909458788905,"low"
697,1,0,3.33159451076367,0.833787461447051,1,0.0066702996915764,0,1,"high MOD",0.74126983252008,"high"
698,1,0,2.05972436235519,0.639769342382431,1,0.00511815473905945,0,1,"low MOD",0.546075085058011,"low"
699,1,0,3.14785304799709,0.210740202797668,1,0.00168592162238134,0,1,"high MOD",0.714535569961897,"high"
700,1,0,3.14490560980558,0.410518746251553,1,0.00328414997001242,0,1,"high MOD",0.713590355363932,"high"
701,1,0,2.71308100545839,0.521312956923449,1,0.00417050365538759,0,1,"low MOD",0.646883076638095,"high"
702,1,0,3.60307651771455,0.3669131601909,1,0.0029353052815272,0,1,"high MOD",0.784185524177153,"high"
703,1,0,2.97649369524334,0.218575707150664,1,0.00174860565720531,0,1,"low MOD",0.688153305219836,"high"
704,1,0,4.13508533809977,0.73593362637492,1,0.00588746901099936,0,1,"high MOD",0.865124676935042,"high"
705,1,0,3.29683704542423,0.944913649213357,1,0.00755930919370685,0,1,"high MOD",0.735648988774895,"high"
706,1,0,2.77826194496858,0.659553381525626,1,0.00527642705220501,0,1,"low MOD",0.656570629363718,"high"
707,1,0,3.36764584965173,0.671772525647923,1,0.00537418020518338,0,1,"high MOD",0.747214998344826,"high"
708,1,0,4.2339123526759,0.970589684849359,1,0.00776471747879486,0,1,"high MOD",0.87975121811051,"high"
709,1,0,2.36996338894374,0.885330870985908,1,0.00708264696788726,0,1,"low MOD",0.593199706924303,"low"
710,1,0,3.46417842324134,0.580740099441011,1,0.00464592079552808,0,1,"high MOD",0.762290243330813,"high"
711,1,0,3.82815825522973,0.991400021565128,1,0.00793120017252102,0,1,"high MOD",0.817276285366875,"high"
712,1,0,3.10716846558675,0.648858143687092,1,0.00519086514949673,0,1,"high MOD",0.707197959275039,"high"
713,1,0,3.08682624673714,0.929835292824694,1,0.00743868234259755,0,1,"high MOD",0.703376751084915,"high"
714,1,0,1.88483631919799,0.494099532382103,1,0.00395279625905682,0,1,"low MOD",0.519527804104596,"low"
715,1,0,3.01368123560942,0.798272901815466,1,0.00638618321452372,0,1,"high MOD",0.692447518335442,"high"
716,1,0,2.24902114275143,0.624895885487855,1,0.00499916708390284,0,1,"low MOD",0.575234278243634,"low"
717,1,0,3.04642237241981,0.682381654096017,1,0.00545905323276814,0,1,"high MOD",0.697769887069888,"high"
718,1,0,2.42238595101041,0.692215146823252,1,0.00553772117458601,0,1,"low MOD",0.601740078255576,"high"
719,1,0,4.09661425398828,0.751198916562198,1,0.00600959133249758,0,1,"high MOD",0.859168472511275,"high"
720,1,0,2.00428513592335,0.849841788101935,1,0.00679873430481548,0,1,"low MOD",0.537028871894418,"low"
721,1,0,2.61148523262814,0.697767971409324,1,0.00558214377127459,0,1,"low MOD",0.630818606936245,"high"
722,1,0,2.6220841290726,0.579761910576748,1,0.00463809528461398,0,1,"low MOD",0.632739682846673,"high"
723,1,0,3.18856425691686,0.532859155321464,1,0.00426287324257171,0,1,"high MOD",0.720005924681803,"high"
724,1,0,3.41838690534506,0.660734943527267,1,0.00528587954821814,0,1,"high MOD",0.755048484038249,"high"
725,1,0,3.76517701884465,0.362677094588241,1,0.00290141675670592,0,1,"high MOD",0.80913449005096,"high"
726,1,0,1.98213387520474,0.906153539441555,1,0.00724922831553244,0,1,"low MOD",0.533482372088257,"low"
727,1,0,2.44253988464007,0.922865210228834,1,0.00738292168183067,0,1,"low MOD",0.60427292942714,"high"
728,1,0,4.02551511024881,0.371224770238986,1,0.00296979816191189,0,1,"high MOD",0.849165463680767,"high"
729,1,0,3.01234622826505,0.80142728636634,1,0.00641141829093072,0,1,"high MOD",0.69223436795126,"high"
730,1,0,3.00505601260306,0.830233253589916,1,0.00664186602871932,0,1,"high MOD",0.69104188931471,"high"
731,1,0,2.71945951211931,0.980738518280757,1,0.00784590814624605,0,1,"low MOD",0.646733491665664,"high"
732,1,0,2.73431773657757,0.941196349025202,1,0.00752957079220161,0,1,"low MOD",0.649116706922026,"high"
733,1,0,3.45936293563724,0.610765634174917,1,0.00488612507339933,0,1,"high MOD",0.761475490075453,"high"
734,1,0,3.95719346995007,0.799032255786915,1,0.00639225804629532,0,1,"high MOD",0.837601377516536,"high"
735,1,0,2.59807040202844,0.346605815740807,1,0.00277284652592646,0,1,"low MOD",0.629619185996398,"high"
736,1,0,3.93591107029862,0.575270487189201,1,0.00460216389751361,0,1,"high MOD",0.834877960385169,"high"
737,1,0,1.48484811067354,0.830736167813777,1,0.00664588934251022,0,1,"low MOD",0.457162512613618,"low"
738,1,0,3.24237455059708,0.837199804501817,1,0.00669759843601453,0,1,"high MOD",0.72753528518847,"high"
739,1,0,2.56134219783695,0.726916988223663,1,0.0058153359057893,0,1,"low MOD",0.623032542465441,"high"
740,1,0,4.07440461558275,0.535316727802157,1,0.00428253382241725,0,1,"high MOD",0.856283007375065,"high"
741,1,0,2.49627842801516,0.922854112879349,1,0.00738283290303479,0,1,"low MOD",0.612540424955246,"high"
742,1,0,4.2569061040618,0.909759046685445,1,0.00727807237348356,0,1,"high MOD",0.883438455279205,"high"
743,1,0,2.19150614089821,0.42931065570611,1,0.00343448524564888,0,1,"low MOD",0.566867256985678,"low"
744,1,0,2.56931487275278,0.872492537851851,1,0.0069799403028148,0,1,"low MOD",0.623900768022639,"high"
745,1,0,3.66975155563784,0.899141517702531,1,0.00719313214162025,0,1,"high MOD",0.793133121746862,"high"
746,1,0,2.27305848612767,0.846168864129043,1,0.00676935091303234,0,1,"low MOD",0.578387659123324,"low"
747,1,0,3.30839590506034,0.875885339929248,1,0.00700708271943398,0,1,"high MOD",0.737597190710996,"high"
748,1,0,2.53753744048009,0.880721081893811,1,0.00704576865515049,0,1,"low MOD",0.618991677410736,"high"
749,1,0,2.98509359260327,0.868314162074906,1,0.00694651329659924,0,1,"low MOD",0.687877010155395,"high"
750,1,0,3.67623161194489,0.790413911350049,1,0.00632331129080039,0,1,"high MOD",0.794397690671275,"high"
751,1,0,1.91823381419363,0.729231068940342,1,0.00583384855152273,0,1,"low MOD",0.524087094937013,"low"
752,1,0,3.27515918920464,0.508055115226454,1,0.00406444092181163,0,1,"high MOD",0.73338927805554,"high"
753,1,0,4.21929653904231,0.469293554577572,1,0.00375434843662057,0,1,"high MOD",0.878736591102934,"high"
754,1,0,3.3966812208503,0.617733824800862,1,0.00494187059840689,0,1,"high MOD",0.751814996869766,"high"
755,1,0,2.33203851025184,0.81666117611797,1,0.00653328940894376,0,1,"low MOD",0.587534143297531,"low"
756,1,0,2.4906269517408,0.880476974475725,1,0.0070438157958058,0,1,"low MOD",0.611775280022952,"high"
757,1,0,2.92430472190875,0.824012123160666,1,0.00659209698528533,0,1,"low MOD",0.678633927375105,"high"
758,1,0,2.82379088842147,0.926735531004423,1,0.00741388424803538,0,1,"low MOD",0.662917403065446,"high"
759,1,0,2.47764350936007,0.530797562018327,1,0.00424638049614661,0,1,"low MOD",0.610638576671966,"high"
760,1,0,4.37163393264698,0.714474011688607,1,0.00571579209350885,0,1,"high MOD",0.901569592070763,"high"
761,1,0,3.02086952111139,0.773149057257783,1,0.00618519245806226,0,1,"high MOD",0.693615251722348,"high"
762,1,0,3.36039583704002,0.575786312360517,1,0.00460629049888413,0,1,"high MOD",0.746335885544962,"high"
763,1,0,1.93447194282899,0.604925385488033,1,0.00483940308390426,0,1,"low MOD",0.526891251794027,"low"
764,1,0,3.509432465121,0.815139455689018,1,0.00652111564551214,0,1,"high MOD",0.768675420589226,"high"
765,1,0,3.69216839896191,0.931336227897339,1,0.0074506898231787,0,1,"high MOD",0.796502618356239,"high"
766,1,0,3.84840738174459,0.584709299700247,1,0.00467767439760197,0,1,"high MOD",0.821392620453751,"high"
767,1,0,3.28186183441243,0.823975916382743,1,0.00659180733106194,0,1,"high MOD",0.733642803038508,"high"
768,1,0,2.88409293264139,0.737661408945566,1,0.00590129127156452,0,1,"low MOD",0.67266005386127,"high"
769,1,0,3.21464052866031,0.720767804093318,1,0.00576614243274654,0,1,"high MOD",0.723555114429972,"high"
770,1,0,2.81716334666834,0.848583486944569,1,0.00678866789555654,0,1,"low MOD",0.662090155519574,"high"
771,1,0,4.24659624837276,0.858233087552684,1,0.00686586470042147,0,1,"high MOD",0.88197915676491,"high"
772,1,0,2.91351340293789,0.970489642426311,1,0.00776391713941048,0,1,"low MOD",0.676613164409087,"high"
773,1,0,2.64612093950156,0.631447612726708,1,0.00505158090181366,0,1,"low MOD",0.636310427338144,"high"
774,1,0,2.34205632579861,0.782643028892663,1,0.0062611442311413,0,1,"low MOD",0.589159082667127,"low"
775,1,0,3.33231356131212,0.753923664717334,1,0.00603138931773867,0,1,"high MOD",0.741577043488715,"high"
776,1,0,3.19218790005727,0.909547661355743,1,0.00727638129084594,0,1,"high MOD",0.719636174996242,"high"
777,1,0,3.51880652054177,0.9484459616689,1,0.0075875676933512,0,1,"high MOD",0.769789443870011,"high"
778,1,0,2.95087806010259,0.50013614629635,1,0.0040010891703708,0,1,"low MOD",0.6835193664249,"high"
779,1,0,3.42496161214408,0.909351213256606,1,0.00727480970605284,0,1,"high MOD",0.755447998881842,"high"
780,1,0,3.87400949146649,0.645070479658422,1,0.00516056383726737,0,1,"high MOD",0.825182825198762,"high"
781,1,0,2.54106671364845,0.796048328335042,1,0.00636838662668033,0,1,"low MOD",0.61974306775309,"high"
782,1,0,3.94121339967386,0.72681624727455,1,0.00581452997819639,0,1,"high MOD",0.835320667648841,"high"
783,1,0,3.93590398547316,0.364993489193599,1,0.00291994791354879,0,1,"high MOD",0.835394475330164,"high"
784,1,0,2.58154319947593,0.710375421479636,1,0.00568300337183709,0,1,"low MOD",0.626181106574193,"high"
785,1,0,3.09383562340914,0.687576700021985,1,0.00550061360017588,0,1,"high MOD",0.705051445570583,"high"
786,1,0,1.60273865264444,0.840121531214963,1,0.0067209722497197,0,1,"low MOD",0.475276416637693,"low"
787,1,0,3.74993622989585,0.880442112384954,1,0.00704353689907963,0,1,"high MOD",0.80551525478426,"high"
788,1,0,3.86090784411652,0.726972788053969,1,0.00581578230443175,0,1,"high MOD",0.822965581462716,"high"
789,1,0,3.21904366172182,0.721073471102132,1,0.00576858776881705,0,1,"high MOD",0.72423176710526,"high"
790,1,0,3.56184453061869,0.846873288000648,1,0.00677498630400518,0,1,"high MOD",0.776660701232412,"high"
791,1,0,2.652233456128,0.68416432960076,1,0.00547331463680607,0,1,"low MOD",0.637121050285291,"high"
792,1,0,3.08110042597701,0.967841084599415,1,0.00774272867679531,0,1,"high MOD",0.702402302865141,"high"
793,1,0,2.94384095734136,0.8362177754736,1,0.00668974220378879,0,1,"low MOD",0.681609457374428,"high"
794,1,0,2.87202169724633,0.693085921557865,1,0.00554468737246292,0,1,"low MOD",0.670912665000215,"high"
795,1,0,3.4445322557817,0.883544309095229,1,0.00706835447276182,0,1,"high MOD",0.75852239182095,"high"
796,1,0,3.20238167573768,0.986679595986653,1,0.00789343676789322,0,1,"high MOD",0.721014584954137,"high"
797,1,0,1.91277004413549,0.386552932876265,1,0.00309242346301012,0,1,"low MOD",0.524090030339918,"low"
798,1,0,3.50844123042564,0.945446770445454,1,0.00756357416356362,0,1,"high MOD",0.768202166476694,"high"
799,1,0,2.64454081605283,0.395529686821735,1,0.00316423749457388,0,1,"low MOD",0.636648052471336,"high"
800,1,0,3.07698516418776,0.83075425315562,1,0.00664603402524495,0,1,"high MOD",0.702106630174965,"high"
801,1,0,2.55308810901756,0.787092259458514,1,0.0062967380756681,0,1,"low MOD",0.621614558902496,"high"
802,1,0,2.48082257486347,0.99411538052713,1,0.00795292304421703,0,1,"low MOD",0.609987189042313,"high"
803,1,0,3.02902309330492,0.94971553766016,1,0.00759772430128128,0,1,"high MOD",0.694435022261901,"high"
804,1,0,2.05272158201283,0.620244063687565,1,0.00496195250950052,0,1,"low MOD",0.545045796460588,"low"
805,1,0,2.65514278374176,0.705896639022844,1,0.00564717311218274,0,1,"low MOD",0.637515144233445,"high"
806,1,0,3.80714581199902,0.877629911962649,1,0.00702103929570118,0,1,"high MOD",0.814323651293479,"high"
807,1,0,2.98099737027927,0.953061094698313,1,0.0076244887575865,0,1,"low MOD",0.6870382142714,"high"
808,1,0,3.52863484360856,0.692155405578566,1,0.00553724324462853,0,1,"high MOD",0.771932362633739,"high"
809,1,0,2.17623650064887,0.677011430347567,1,0.00541609144278053,0,1,"low MOD",0.56390835657897,"low"
810,1,0,2.73410509303975,0.302886757968855,1,0.00242309406375084,0,1,"low MOD",0.650655216140345,"high"
811,1,0,3.87965966401872,0.730904699843615,1,0.00584723759874892,0,1,"high MOD",0.825840798280188,"high"
812,1,0,2.31778038272191,0.762800706825898,1,0.00610240565460718,0,1,"low MOD",0.585473164832722,"low"
813,1,0,2.57371649649711,0.742381265056644,1,0.00593905012045315,0,1,"low MOD",0.624898214808647,"high"
814,1,0,1.84834971109869,0.775170991642175,1,0.00620136793313739,0,1,"low MOD",0.513222611574218,"low"
815,1,0,2.81552988574623,0.581395013981261,1,0.00465116011185008,0,1,"low MOD",0.662496548541927,"high"
816,1,0,2.61007618752405,0.666020869746553,1,0.00532816695797242,0,1,"low MOD",0.630679977478171,"high"
817,1,0,2.07846795975587,0.939905259415907,1,0.00751924207532725,0,1,"low MOD",0.548219919323879,"low"
818,1,0,2.75763164655055,0.740465734709925,1,0.00592372587767939,0,1,"low MOD",0.653197568430029,"high"
819,1,0,3.84604048407723,0.726813304622215,1,0.00581450643697771,0,1,"high MOD",0.820678687877427,"high"
820,1,0,2.32658535534901,0.642378338075707,1,0.00513902670460566,0,1,"low MOD",0.587124200298431,"low"
821,1,0,2.9353455422376,0.678179554054817,1,0.00542543643243854,0,1,"low MOD",0.680691487595803,"high"
822,1,0,2.30508215441174,0.581754279991017,1,0.00465403423992813,0,1,"low MOD",0.58396524398952,"low"
823,1,0,3.59094639068546,0.926774633836784,1,0.00741419707069427,0,1,"high MOD",0.78094123023755,"high"
824,1,0,3.19315036250997,0.850701818976817,1,0.00680561455181453,0,1,"high MOD",0.71992909744713,"high"
825,1,0,2.49193869087322,0.661481603013966,1,0.00529185282411173,0,1,"low MOD",0.612516151573076,"high"
826,1,0,2.3498649341545,0.938292104670461,1,0.00750633683736369,0,1,"low MOD",0.589977270843042,"low"
827,1,0,3.04091048635613,0.378055477022629,1,0.00302444381618103,0,1,"high MOD",0.697671015188273,"high"
828,1,0,3.8627048275764,0.963137897990421,1,0.00770510318392336,0,1,"high MOD",0.822660710955162,"high"
829,1,0,2.83810163385424,0.876616013585928,1,0.00701292810868742,0,1,"low MOD",0.665242427328748,"high"
830,1,0,2.65921001673383,0.945063867229224,1,0.00756051093783379,0,1,"low MOD",0.637552153055101,"high"
831,1,0,2.65860954525294,0.881869980493642,1,0.00705495984394913,0,1,"low MOD",0.637615327010006,"high"
832,1,0,2.56505933233284,0.587681271225006,1,0.00470145016980004,0,1,"low MOD",0.623947143383575,"high"
833,1,0,2.21678606907327,0.869306791432066,1,0.00695445433145652,0,1,"low MOD",0.569673409293901,"low"
834,1,0,3.7437820141255,0.571014337514451,1,0.00456811470011561,0,1,"high MOD",0.805330120726964,"high"
835,1,0,3.59426961771376,0.754774961431003,1,0.00603819969144802,0,1,"high MOD",0.78187587974321,"high"
836,1,0,1.81796980478117,0.772713736365332,1,0.00618170989092266,0,1,"low MOD",0.508554828461434,"low"
837,1,0,3.42912226935073,0.52267887721226,1,0.00418143101769808,0,1,"high MOD",0.757039908817744,"high"
838,1,0,3.29149021363792,0.749133388765494,1,0.00599306711012395,0,1,"high MOD",0.735308319910412,"high"
839,1,0,2.70447077346683,0.815321096749714,1,0.00652256877399771,0,1,"low MOD",0.644834713218281,"high"
840,1,0,3.79495162016679,0.816119659529842,1,0.00652895727623873,0,1,"high MOD",0.812599031632971,"high"
841,1,0,2.36763055637671,0.980633942997917,1,0.00784507154398333,0,1,"low MOD",0.592606217429038,"low"
842,1,0,2.54206054232846,0.53732275017767,1,0.00429858200142136,0,1,"low MOD",0.62053282743471,"high"
843,1,0,3.7300965974482,0.901131444494235,1,0.00720905155595388,0,1,"high MOD",0.802412076051738,"high"
844,1,0,3.36712354543587,0.602312677075423,1,0.00481850141660338,0,1,"high MOD",0.747305621938872,"high"
845,1,0,2.06686701391387,0.907993990652741,1,0.00726395192522192,0,1,"low MOD",0.546513709240527,"low"
846,1,0,1.63071851973839,0.584094732035534,1,0.00467275785628427,0,1,"low MOD",0.480211231388588,"low"
847,1,0,2.78352183611737,0.95779359946045,1,0.0076623487956836,0,1,"low MOD",0.656645713619385,"high"
848,1,0,2.7271032134908,0.865032678762452,1,0.00692026143009961,0,1,"low MOD",0.648194260097016,"high"
849,1,0,2.6281094973709,0.871663043723522,1,0.00697330434978818,0,1,"low MOD",0.632948136718666,"high"
850,1,0,2.91122935365444,0.820480581175517,1,0.00656384464940413,0,1,"low MOD",0.676631025285481,"high"
851,1,0,2.32348732212648,0.726857174623002,1,0.00581485739698401,0,1,"low MOD",0.58643963189731,"low"
852,1,0,2.02074222005767,0.718530207977897,1,0.00574824166382317,0,1,"low MOD",0.539883959496926,"low"
853,1,0,2.11247783569106,0.920783942343421,1,0.00736627153874736,0,1,"low MOD",0.553499275786703,"low"
854,1,0,2.10019473450584,0.597026033391428,1,0.00477620826713142,0,1,"low MOD",0.552406510457166,"low"
855,1,0,3.18958467658798,0.933918661912899,1,0.00747134929530319,0,1,"high MOD",0.719175688922673,"high"
856,1,0,2.85525675382959,0.967266640513976,1,0.00773813312411181,0,1,"low MOD",0.667658536550979,"high"
857,1,0,2.38592247701402,0.984144128190905,1,0.00787315302552724,0,1,"low MOD",0.595411718609688,"low"
858,1,0,3.59904494413247,0.641897913307124,1,0.00513518330645699,0,1,"high MOD",0.782888396541471,"high"
859,1,0,2.90971546660058,0.464661022348104,1,0.00371728817878483,0,1,"low MOD",0.677273983114309,"high"
860,1,0,2.86289276259058,0.9694532367008,1,0.0077556258936064,0,1,"low MOD",0.668827924738979,"high"
861,1,0,3.44468671842588,0.684420788828939,1,0.0054753663106315,0,1,"high MOD",0.759036305508402,"high"
862,1,0,2.91939047876764,0.857431656928358,1,0.00685945325542686,0,1,"low MOD",0.677795626501044,"high"
863,1,0,2.5855249186584,0.535176230441846,1,0.00428140984353476,0,1,"low MOD",0.627224938303281,"high"
864,1,0,2.04628225245909,0.687246085535334,1,0.00549796868428267,0,1,"low MOD",0.543890202321619,"low"
865,1,0,3.4025849112792,0.67057846958966,1,0.00536462775671728,0,1,"high MOD",0.752593177810118,"high"
866,1,0,3.61026612002797,0.858154922421723,1,0.00686523937937378,0,1,"high MOD",0.784082406349111,"high"
867,1,0,3.39548240858172,0.812116924970304,1,0.00649693539976243,0,1,"high MOD",0.751152082735723,"high"
868,1,0,3.59092915255106,0.785176162755502,1,0.00628140930204401,0,1,"high MOD",0.781287128299534,"high"
869,1,0,3.20845833643967,0.824610765285288,1,0.0065968861222823,0,1,"high MOD",0.722348394491555,"high"
870,1,0,3.64493335597244,0.730318069776536,1,0.00584254455821229,0,1,"high MOD",0.789730502593233,"high"
871,1,0,2.33407402020481,0.861255065415843,1,0.00689004052332674,0,1,"low MOD",0.587737529101256,"low"
872,1,0,2.82220846610364,0.677218946114902,1,0.00541775156891921,0,1,"low MOD",0.663288148148585,"high"
873,1,0,3.39324825953265,0.279603420778024,1,0.00223682736622419,0,1,"high MOD",0.752119169969261,"high"
874,1,0,3.79694424873421,0.612791189114097,1,0.00490232951291277,0,1,"high MOD",0.813406090724366,"high"
875,1,0,3.47780131621611,0.95431161402069,1,0.00763449291216552,0,1,"high MOD",0.763466512367966,"high"
876,1,0,2.76304044989695,0.772774158115857,1,0.00618219326492686,0,1,"low MOD",0.653950163594938,"high"
877,1,0,3.24804821094123,0.659274678705162,1,0.0052741974296413,0,1,"high MOD",0.728846125551069,"high"
878,1,0,2.66353672297544,0.963454953860318,1,0.00770763963088254,0,1,"low MOD",0.638172529802104,"high"
879,1,0,3.06310659802757,0.633667771620195,1,0.00506934217296156,0,1,"high MOD",0.700456602104869,"high"
880,1,0,3.33739161713383,0.966310376343178,1,0.00773048301074542,0,1,"high MOD",0.741835484786515,"high"
881,1,0,2.96873202953915,0.597324187334932,1,0.00477859349867945,0,1,"low MOD",0.686026898852584,"high"
882,1,0,1.97590236578163,0.68738102915115,1,0.0054990482332092,0,1,"low MOD",0.533062195279264,"low"
883,1,0,2.78524005903572,0.622396661758209,1,0.00497917329406567,0,1,"low MOD",0.65773564806886,"high"
884,1,0,2.69594811554203,0.796949065184504,1,0.00637559252147603,0,1,"low MOD",0.64356875853832,"high"
885,1,0,3.37591655030239,0.642220483262081,1,0.00513776386609665,0,1,"high MOD",0.748560157318491,"high"
886,1,0,3.36927304130499,0.794997934977632,1,0.00635998347982105,0,1,"high MOD",0.747162011437746,"high"
887,1,0,3.31276588292364,0.63075632925738,1,0.00504605063405904,0,1,"high MOD",0.738872889485465,"high"
888,1,0,2.80286308006589,0.568133343618496,1,0.00454506674894797,0,1,"low MOD",0.660580453318153,"high"
889,1,0,2.02605689344737,0.644256715887354,1,0.00515405372709883,0,1,"low MOD",0.540884428614334,"low"
890,1,0,3.62993833821167,0.900929159398345,1,0.00720743327518676,0,1,"high MOD",0.787003611024815,"high"
891,1,0,3.9328253781077,0.56847651094868,1,0.00454781208758944,0,1,"high MOD",0.834419962143464,"high"
892,1,0,2.67304889254565,0.974137546078104,1,0.00779310036862482,0,1,"low MOD",0.6396096448936,"high"
893,1,0,3.58268879669733,0.703437652867058,1,0.00562750122293646,0,1,"high MOD",0.780220583730994,"high"
894,1,0,3.51110299707595,0.521786722070056,1,0.00417429377656044,0,1,"high MOD",0.769654524541974,"high"
895,1,0,2.50422949747885,0.713817886614087,1,0.0057105430929127,0,1,"low MOD",0.614278217122004,"high"
896,1,0,3.81067291011441,0.531216613476556,1,0.00424973290781244,0,1,"high MOD",0.815718991430582,"high"
897,1,0,3.41717804784782,0.361318809646583,1,0.00289055047717266,0,1,"high MOD",0.755599530291303,"high"
898,1,0,3.26259518789317,0.750083024923499,1,0.00600066419938799,0,1,"high MOD",0.730860593768369,"high"
899,1,0,2.7615136115496,0.657114954485681,1,0.00525691963588544,0,1,"low MOD",0.65399996496582,"high"
900,1,0,3.44298900412216,0.68099743391031,1,0.00544797947128248,0,1,"high MOD",0.758783545412246,"high"
901,1,0,2.33898636310334,0.714328468619839,1,0.00571462774895871,0,1,"low MOD",0.588854939631603,"low"
902,1,0,2.31263594106412,0.818622641779359,1,0.00654898113423487,0,1,"low MOD",0.584544304430099,"low"
903,1,0,3.35781868627118,0.832961178327456,1,0.00666368942661965,0,1,"high MOD",0.745306354987376,"high"
904,1,0,2.41416763954193,0.89305356527382,1,0.00714442852219055,0,1,"low MOD",0.599981351153468,"low"
905,1,0,1.53351567176431,0.749657689012675,1,0.00599726151210139,0,1,"low MOD",0.464849407498479,"low"
906,1,0,3.68003728139628,0.926374099555143,1,0.00741099279644114,0,1,"high MOD",0.794648507046677,"high"
907,1,0,3.59469301090487,0.459211604037693,1,0.00367369283230154,0,1,"high MOD",0.782668557729272,"high"
908,1,0,2.58116844061978,0.755478318825716,1,0.00604382655060572,0,1,"low MOD",0.626012428849011,"high"
909,1,0,2.8841030983617,0.971924694146457,1,0.00777539755317165,0,1,"low MOD",0.672084969731593,"high"
910,1,0,2.9657269113795,0.846153609344396,1,0.00676922887475516,0,1,"low MOD",0.684952069789229,"high"
911,1,0,2.55806828568692,0.409034740490652,1,0.00327227792392522,0,1,"low MOD",0.623311343052165,"high"
912,1,0,4.21026882729005,0.268140125485835,1,0.00214512100388668,0,1,"high MOD",0.877842859274196,"high"
913,1,0,3.6279587722751,0.766294452587379,1,0.00613035562069903,0,1,"high MOD",0.787030470928262,"high"
914,1,0,2.57809072011006,0.92417542684476,1,0.00739340341475807,0,1,"low MOD",0.625123678966237,"high"
915,1,0,4.02441418534774,0.854097223703637,1,0.00683277778962909,0,1,"high MOD",0.847807481502843,"high"
916,1,0,3.79338453827653,0.658965605931322,1,0.00527172484745057,0,1,"high MOD",0.812744782858712,"high"
917,1,0,4.18612376335033,0.299190030969259,1,0.00239352024775407,0,1,"high MOD",0.874051803516126,"high"
918,1,0,3.06315047223615,0.52711977379886,1,0.00421695819039087,0,1,"high MOD",0.700725623977749,"high"
919,1,0,2.88816478526087,0.877190727263079,1,0.00701752581810462,0,1,"low MOD",0.672943035942256,"high"
920,1,0,2.33577522103061,0.412601487254591,1,0.00330081189803673,0,1,"low MOD",0.589103630343775,"low"
921,1,0,2.56135218898953,0.682805560191178,1,0.00546244448152942,0,1,"low MOD",0.623142661542534,"high"
922,1,0,3.97583508110944,0.451141278967056,1,0.00360913023173645,0,1,"high MOD",0.841325664714765,"high"
923,1,0,3.92263610311723,0.5584916450888,1,0.0044679331607104,0,1,"high MOD",0.832876959507047,"high"
924,1,0,2.94274894203908,0.771825433015056,1,0.00617460346412045,0,1,"low MOD",0.681599959247822,"high"
925,1,0,2.17245932894214,0.502820884336249,1,0.00402256707468999,0,1,"low MOD",0.563756029968118,"low"
926,1,0,2.19640504497907,0.952216570155646,1,0.00761773256124517,0,1,"low MOD",0.566333781516397,"low"
927,1,0,2.38780466072128,0.405926973606055,1,0.00324741578884844,0,1,"low MOD",0.597124589099013,"low"
928,1,0,3.44855852569568,0.918392973145372,1,0.00734714378516297,0,1,"high MOD",0.75905603663467,"high"
929,1,0,2.86357162026849,0.806847135351964,1,0.0064547770828157,0,1,"low MOD",0.669332625554287,"high"
930,1,0,3.85090656916502,0.864896143593431,1,0.00691916914874745,0,1,"high MOD",0.821087420133466,"high"
931,1,0,2.41566062608716,0.635123727729467,1,0.00508098982183573,0,1,"low MOD",0.600845945606691,"high"
932,1,0,3.68978619205697,0.742429444041833,1,0.00593943555233466,0,1,"high MOD",0.796601126300354,"high"
933,1,0,2.04836572342703,0.806889994303064,1,0.00645511995442451,0,1,"low MOD",0.543916228233566,"low"
934,1,0,2.2094744854121,0.946785315821543,1,0.00757428252657234,0,1,"low MOD",0.568357833901378,"low"
935,1,0,3.38618340763981,0.934316152057619,1,0.00747452921646094,0,1,"high MOD",0.749420669108752,"high"
936,1,0,3.37265119023098,0.715512679135698,1,0.00572410143308558,0,1,"high MOD",0.747877382671508,"high"
937,1,0,3.76456041365613,0.70879741695748,1,0.00567037933565984,0,1,"high MOD",0.808187639228432,"high"
938,1,0,3.02020891733456,0.983545269702192,1,0.00786836215761753,0,1,"high MOD",0.692995722002973,"high"
939,1,0,2.62640666634089,0.818949735879797,1,0.00655159788703837,0,1,"low MOD",0.632815918548741,"high"
940,1,0,3.15122582276293,0.872885797755134,1,0.00698308638204106,0,1,"high MOD",0.713424561538284,"high"
941,1,0,2.3246382214758,0.782276930381364,1,0.00625821544305091,0,1,"low MOD",0.586480275475338,"low"
942,1,0,3.40138232611674,0.579628967176914,1,0.00463703173741531,0,1,"high MOD",0.752632040406448,"high"
943,1,0,2.96892011352019,0.583093274127465,1,0.00466474619301972,0,1,"low MOD",0.686090864789869,"high"
944,1,0,4.17227650977051,0.596530700808298,1,0.00477224560646638,0,1,"high MOD",0.87118954131655,"high"
945,1,0,2.85054731765332,0.954402869836509,1,0.00763522295869206,0,1,"low MOD",0.66696567257476,"high"
946,1,0,2.11584923312282,0.691872160845386,1,0.00553497728676308,0,1,"low MOD",0.554581427469122,"low"
947,1,0,3.09011984816565,0.560640085785152,1,0.00448512068628121,0,1,"high MOD",0.704792247198936,"high"
948,1,0,2.65468621472052,0.147013627968228,1,0.00117610902374582,0,1,"low MOD",0.638820614872774,"high"
949,1,0,3.11501770652386,0.552580669798972,1,0.00442064535839177,0,1,"high MOD",0.708642525508781,"high"
950,1,0,3.79397281847857,0.767646319523441,1,0.00614117055618752,0,1,"high MOD",0.812567765748646,"high"
951,1,0,2.27362646341707,0.854333177032311,1,0.00683466541625849,0,1,"low MOD",0.578454943474547,"low"
952,1,0,4.56745020052659,0.957649245924079,1,0.00766119396739262,0,1,"high MOD",0.931096586552585,"high"
953,1,0,3.85472879860192,0.728281866798658,1,0.00582625493438926,0,1,"high MOD",0.822011736728175,"high"
954,1,0,2.81615959104434,0.622854341370556,1,0.00498283473096444,0,1,"low MOD",0.66249137255114,"high"
955,1,0,2.37451928093753,0.997595513287216,1,0.00798076410629773,0,1,"low MOD",0.593624269649989,"low"
956,1,0,3.48653020967323,0.799244848728413,1,0.0063939587898273,0,1,"high MOD",0.76519112186055,"high"
957,1,0,1.56120405177034,0.906259118208588,1,0.0072500729456687,0,1,"low MOD",0.468723677827538,"low"
958,1,0,4.02739770132985,0.81036715730071,1,0.00648293725840568,0,1,"high MOD",0.848374127202006,"high"
959,1,0,2.87301462922522,0.801363902255143,1,0.00641091121804114,0,1,"low MOD",0.670798893352175,"high"
960,1,0,2.83607734746714,0.491499415681932,1,0.00393199532545546,0,1,"low MOD",0.665878977971727,"high"
961,1,0,4.39844122612514,0.41144855967125,1,0.00329158847737,0,1,"high MOD",0.90643969987237,"high"
962,1,0,1.80440419177056,0.947140475947955,1,0.00757712380758364,0,1,"low MOD",0.506038452946983,"low"
963,1,0,3.4200158488588,0.728690824743883,1,0.00582952659795106,0,1,"high MOD",0.75513181471737,"high"
964,1,0,2.35727437422825,0.507473097226987,1,0.0040597847778159,0,1,"low MOD",0.592177662257326,"low"
965,1,0,1.38832002672855,0.819923773938793,1,0.00655939019151034,0,1,"low MOD",0.442338653283928,"low"
966,1,0,2.02166329281241,0.647376017213175,1,0.00517900813770539,0,1,"low MOD",0.540200811774923,"low"
967,1,0,2.4128283046901,0.749414799174878,1,0.00599531839339902,0,1,"low MOD",0.600128871985123,"high"
968,1,0,3.52385693953371,0.552220564880401,1,0.0044177645190432,0,1,"high MOD",0.771541755460864,"high"
969,1,0,1.64630498896611,0.645893453987348,1,0.00516714763189878,0,1,"low MOD",0.482457029800355,"low"
970,1,0,2.78280636687817,0.879215889642327,1,0.00703372711713861,0,1,"low MOD",0.656729063483676,"high"
971,1,0,2.02897270750297,0.7510458582417,1,0.0060083668659336,0,1,"low MOD",0.541070149810939,"low"
972,1,0,2.93111950846198,0.916351978622835,1,0.00733081582898268,0,1,"low MOD",0.679455057969849,"high"
973,1,0,3.58458757642914,0.497481707921601,1,0.0039798536633728,0,1,"high MOD",0.7810196721696,"high"
974,1,0,3.93317056142152,0.730506726214146,1,0.00584405380971317,0,1,"high MOD",0.83407422366186,"high"
975,1,0,2.75876371571734,0.724891522991977,1,0.00579913218393581,0,1,"low MOD",0.65341006943838,"high"
976,1,0,3.08590649090323,0.74378010332421,1,0.00595024082659367,0,1,"high MOD",0.703693232192315,"high"
977,1,0,4.29789543789958,0.93820788982787,1,0.00750566311862295,0,1,"high MOD",0.889674478717282,"high"
978,1,0,2.83771260879352,0.968859944150155,1,0.00775087955320124,0,1,"low MOD",0.664955515336479,"high"
979,1,0,2.89629978022339,0.928093797010233,1,0.00742475037608186,0,1,"low MOD",0.674069273764804,"high"
980,1,0,4.53748183684654,0.956088114279132,1,0.00764870491423305,0,1,"high MOD",0.926489911848934,"high"
981,1,0,3.08040936608097,0.989791172880954,1,0.00791832938304762,0,1,"high MOD",0.70224195497152,"high"
982,1,0,4.3829461632357,0.320141952686878,1,0.00256113562149502,0,1,"high MOD",0.90428059876811,"high"
983,1,0,4.25391511774969,0.88077350668709,1,0.00704618805349671,0,1,"high MOD",0.883049652560415,"high"
984,1,0,3.70168365640655,0.423143013942575,1,0.0033851441115406,0,1,"high MOD",0.799217441258995,"high"
985,1,0,3.97914330441961,0.913674826245136,1,0.00730939860996108,0,1,"high MOD",0.840696078030722,"high"
986,1,0,3.01657364562181,0.884002994448771,1,0.00707202395559016,0,1,"high MOD",0.692681476570866,"high"
987,1,0,2.69076610620505,0.751385028287191,1,0.00601108022629753,0,1,"low MOD",0.642883683961916,"high"
988,1,0,3.58222642615451,0.551683486801602,1,0.00441346789441281,0,1,"high MOD",0.780522998517798,"high"
989,1,0,2.02462695170341,0.716631893750933,1,0.00573305515000746,0,1,"low MOD",0.54048628329283,"low"
990,1,0,3.73964999584056,0.939069418102031,1,0.00751255534481624,0,1,"high MOD",0.803788443869374,"high"
991,1,0,3.94747529122736,0.278864387387887,1,0.00223091509910309,0,1,"high MOD",0.837386686312178,"high"
992,1,0,3.72183425020675,0.497753121609342,1,0.00398202497287473,0,1,"high MOD",0.802133876963231,"high"
993,1,0,4.08267777472349,0.692529537023773,1,0.00554023629619018,0,1,"high MOD",0.857168815712479,"high"
994,1,0,1.5830193950121,0.895952645944567,1,0.00716762116755653,0,1,"low MOD",0.472105254257997,"low"
995,1,0,2.01773810422519,0.456856379416626,1,0.00365485103533301,0,1,"low MOD",0.540065908023773,"low"
996,1,0,3.50464674156551,0.687512259071597,1,0.00550009807257278,0,1,"high MOD",0.768253314680056,"high"
997,1,0,3.68805050607438,0.871142749912479,1,0.00696914199929983,0,1,"high MOD",0.796017264934736,"high"
998,1,0,1.68989302134583,0.90447551271262,1,0.00723580410170095,0,1,"low MOD",0.488526371252681,"low"
999,1,0,1.78121325778106,0.94026921885046,1,0.00752215375080367,0,1,"low MOD",0.502487530812224,"low"
1000,1,0,2.46028914332079,0.574529347370274,1,0.00459623477896219,0,1,"low MOD",0.607861026732749,"high"
1,0,1,3.80046302003164,0.88641100313135,0,0.88641100313135,1,0,"high MOD",0.457053310051478,"low"
2,0,1,3.22055454934947,0.506244879994048,0,0.506244879994048,1,0,"high MOD",0.455567266055138,"low"
3,0,1,3.64699816699514,0.874247610516083,0,0.874247610516083,1,0,"high MOD",0.436250269418618,"low"
4,0,1,3.26110820903935,0.448977988277406,0,0.448977988277406,1,0,"high MOD",0.475021727172806,"low"
5,0,1,3.59377603070553,0.494075683933604,0,0.494075683933604,1,0,"high MOD",0.515794231508481,"low"
6,0,1,3.75861605580662,0.837385982186998,0,0.837385982186998,1,0,"high MOD",0.461928781927097,"low"
7,0,1,3.72379872910585,0.880812720625636,0,0.880812720625636,1,0,"high MOD",0.446550715102676,"low"
8,0,1,3.63319178385461,0.753397818037775,0,0.753397818037775,1,0,"high MOD",0.462014624122761,"low"
9,0,1,2.93834280631626,0.434960379672925,0,0.434960379672925,1,0,"low MOD",0.428600344124134,"low"
10,0,1,2.72074015094567,0.97425483001241,0,0.97425483001241,1,0,"low MOD",0.270670447065701,"no"
11,0,1,2.54880184770771,0.846507907312195,0,0.846507907312195,1,0,"low MOD",0.273698459498372,"no"
12,0,1,3.84187995572632,0.779142287810192,0,0.779142287810192,1,0,"high MOD",0.488179465232466,"low"
13,0,1,3.42471371311116,0.918903490542631,0,0.918903490542631,1,0,"high MOD",0.391747458045725,"no"
14,0,1,3.39636281405016,0.855612701686037,0,0.855612701686037,1,0,"high MOD",0.401991347926324,"low"
15,0,1,4.273772307697,0.647738814377081,0,0.647738814377081,1,0,"high MOD",0.584948320943289,"low"
16,0,1,2.15816578775252,0.478590202450356,0,0.478590202450356,1,0,"low MOD",0.298504689857998,"no"
17,0,1,2.91961496594537,0.878541261276107,0,0.878541261276107,1,0,"low MOD",0.323354319081725,"no"
18,0,1,2.97702679809002,0.956163136192063,0,0.956163136192063,1,0,"low MOD",0.314274168277219,"no"
19,0,1,1.97808847643701,0.933834562265318,0,0.933834562265318,1,0,"low MOD",0.165744097390621,"no"
20,0,1,2.37563389675996,0.547107875838661,0,0.547107875838661,1,0,"low MOD",0.316149551231072,"no"
21,0,1,2.91304841855262,0.463024743230381,0,0.463024743230381,1,0,"low MOD",0.418232508262623,"low"
22,0,1,3.43266492104344,0.764823831281618,0,0.764823831281618,1,0,"high MOD",0.428527565249386,"low"
23,0,1,4.25285699507812,0.607258168236181,0,0.607258168236181,1,0,"high MOD",0.591072268111362,"low"
24,0,1,2.13699626588488,0.913359224830406,0,0.913359224830406,1,0,"low MOD",0.194916527482964,"no"
25,0,1,3.5726292217181,0.432484733521272,0,0.432484733521272,1,0,"high MOD",0.526754172528644,"low"
26,0,1,2.40713287844297,0.750896249177395,0,0.750896249177395,1,0,"low MOD",0.273967462257981,"no"
27,0,1,1.73253260085615,0.568960354417416,0,0.568960354417416,1,0,"low MOD",0.212168010650773,"no"
28,0,1,2.26049893265984,0.666703842832876,0,0.666703842832876,1,0,"low MOD",0.270837410524696,"no"
29,0,1,2.41985618955652,0.911848864846128,0,0.911848864846128,1,0,"low MOD",0.238781983428819,"no"
30,0,1,3.7532937084411,0.68830742856985,0,0.68830742856985,1,0,"high MOD",0.495512702397896,"low"
31,0,1,3.90674570705504,0.957210613456872,0,0.957210613456872,1,0,"high MOD",0.457066121056881,"low"
32,0,1,4.00901497979936,0.735660660682387,0,0.735660660682387,1,0,"high MOD",0.523926767503966,"low"
33,0,1,4.08553333438734,0.687966941376272,0,0.687966941376272,1,0,"high MOD",0.546705064972759,"low"
34,0,1,4.13074607689387,0.849916716034482,0,0.849916716034482,1,0,"high MOD",0.5162878465911,"low"
35,0,1,3.61190501095417,0.655574464040144,0,0.655574464040144,1,0,"high MOD",0.481314356137531,"low"
36,0,1,3.23183975188338,0.909805030417782,0,0.909805030417782,1,0,"high MOD",0.364174185577955,"no"
37,0,1,3.29700544478435,0.936216043022088,0,0.936216043022088,1,0,"high MOD",0.368104827730957,"no"
38,0,1,3.25248341436673,0.795014440693616,0,0.795014440693616,1,0,"high MOD",0.393840269742509,"no"
39,0,1,2.54491319379014,0.703976455834071,0,0.703976455834071,1,0,"low MOD",0.305992078467544,"no"
40,0,1,2.56111188681973,0.892682402842904,0,0.892682402842904,1,0,"low MOD",0.264936658854673,"no"
41,0,1,2.98209590557813,0.588421092522937,0,0.588421092522937,1,0,"low MOD",0.399917579506728,"no"
42,0,1,3.8530236853094,0.419027609606911,0,0.419027609606911,1,0,"high MOD",0.572997272446005,"low"
43,0,1,2.92750356057944,0.685302253620747,0,0.685302253620747,1,0,"low MOD",0.369161566176665,"no"
44,0,1,2.85986729922769,0.635389114099298,0,0.635389114099298,1,0,"low MOD",0.370274404319806,"no"
45,0,1,1.68266249457053,0.968136261704308,0,0.968136261704308,1,0,"low MOD",0.112378169540627,"no"
46,0,1,1.93710985748665,0.731730601028871,0,0.731730601028871,1,0,"low MOD",0.20607907014513,"no"
47,0,1,2.87227152022623,0.804066079098087,0,0.804066079098087,1,0,"low MOD",0.333257292550631,"no"
48,0,1,2.2838378551406,0.985556196406045,0,0.985556196406045,1,0,"low MOD",0.200846701620235,"no"
49,0,1,2.16833015198322,0.879828311623142,0,0.879828311623142,1,0,"low MOD",0.207475028392078,"no"
50,0,1,2.91106858106023,0.421706846312753,0,0.421706846312753,1,0,"low MOD",0.427462817167862,"low"
51,0,1,1.97542428875277,0.884937429017674,0,0.884937429017674,1,0,"low MOD",0.176618176188655,"no"
52,0,1,3.4664814299453,0.71242330860143,0,0.71242330860143,1,0,"high MOD",0.445822533391255,"low"
53,0,1,2.16146735785436,0.624303045440962,0,0.624303045440962,1,0,"low MOD",0.265386583029679,"no"
54,0,1,3.10453482521562,0.169259803558747,0,0.169259803558747,1,0,"high MOD",0.515483864596538,"low"
55,0,1,3.58689032872624,0.572419969609612,0,0.572419969609612,1,0,"high MOD",0.496655442201819,"low"
56,0,1,2.65886480778378,0.745864160237684,0,0.745864160237684,1,0,"low MOD",0.313856702681117,"no"
57,0,1,3.01841830608765,0.966888581859982,0,0.966888581859982,1,0,"high MOD",0.318166989738104,"no"
58,0,1,2.90879649367394,0.763840799583566,0,0.763840799583566,1,0,"low MOD",0.348159276045937,"no"
59,0,1,3.95703706563761,0.668856563748877,0,0.668856563748877,1,0,"high MOD",0.531346495386815,"low"
60,0,1,2.72262979289076,0.977250219767916,0,0.977250219767916,1,0,"low MOD",0.270269917421368,"no"
61,0,1,2.78237167397241,0.764952354737895,0,0.764952354737895,1,0,"low MOD",0.328452791056242,"no"
62,0,1,3.97511867489229,0.923396697370581,0,0.923396697370581,1,0,"high MOD",0.475388250590219,"low"
63,0,1,2.8698875753843,0.766978186286605,0,0.766978186286605,1,0,"low MOD",0.341449276300676,"no"
64,0,1,3.31123530806545,0.425892776435844,0,0.425892776435844,1,0,"high MOD",0.488060945140259,"low"
65,0,1,3.44154478761664,0.657841774243272,0,0.657841774243272,1,0,"high MOD",0.45458186557719,"low"
66,0,1,3.65686726315495,0.71726704058633,0,0.71726704058633,1,0,"high MOD",0.473994877273146,"low"
67,0,1,4.17138977224557,0.691176536918211,0,0.691176536918211,1,0,"high MOD",0.559173071825885,"low"
68,0,1,4.12979092938125,0.62615511606457,0,0.62615511606457,1,0,"high MOD",0.567778193120676,"low"
69,0,1,3.54835004628473,0.640903639087128,0,0.640903639087128,1,0,"high MOD",0.474922244254468,"low"
70,0,1,3.69340099546318,0.634201010512268,0,0.634201010512268,1,0,"high MOD",0.498784535337658,"low"
71,0,1,3.43669865293587,0.771832702733192,0,0.771832702733192,1,0,"high MOD",0.427530707513243,"low"
72,0,1,2.31116663394907,0.574001966238869,0,0.574001966238869,1,0,"low MOD",0.300025182244733,"no"
73,0,1,2.69148991697812,0.799691499865237,0,0.799691499865237,1,0,"low MOD",0.306454256489272,"no"
74,0,1,3.41020293500063,0.471849488437383,0,0.471849488437383,1,0,"high MOD",0.49268133882224,"low"
75,0,1,3.63897116133862,0.566665803656115,0,0.566665803656115,1,0,"high MOD",0.505995762439145,"low"
76,0,1,3.05687203762787,0.979916310889211,0,0.979916310889211,1,0,"high MOD",0.321076549429855,"no"
77,0,1,3.246381765504,0.621809368827869,0,0.621809368827869,1,0,"high MOD",0.432871955732646,"low"
78,0,1,3.53184132163321,0.703984089324011,0,0.703984089324011,1,0,"high MOD",0.457825413484184,"low"
79,0,1,2.32734222292757,0.856998432227331,0,0.856998432227331,1,0,"low MOD",0.237206857628703,"no"
80,0,1,3.43047654211885,0.545306825542548,0,0.545306825542548,1,0,"high MOD",0.47884866212385,"low"
81,0,1,3.29573700044459,0.966714270303172,0,0.966714270303172,1,0,"high MOD",0.360871629998435,"no"
82,0,1,2.41052362085315,0.895733598522431,0,0.895733598522431,1,0,"low MOD",0.241065111241462,"no"
83,0,1,3.00094220715066,0.445245809858755,0,0.445245809858755,1,0,"high MOD",0.435857460363465,"low"
84,0,1,2.44373842344614,0.399807051926705,0,0.399807051926705,1,0,"low MOD",0.36061966854709,"no"
85,0,1,2.57641091681918,0.73624437571818,0,0.73624437571818,1,0,"low MOD",0.303391438960295,"no"
86,0,1,3.60856670297165,0.43591560232512,0,0.43591560232512,1,0,"high MOD",0.531491276843687,"low"
87,0,1,3.15373318069043,0.733306783123134,0,0.733306783123134,1,0,"high MOD",0.392888154770113,"no"
88,0,1,3.15693417514593,0.692547331042853,0,0.692547331042853,1,0,"high MOD",0.402786642858716,"low"
89,0,1,2.29626343032495,0.899573566274085,0,0.899573566274085,1,0,"low MOD",0.222600473986742,"no"
90,0,1,2.6858464491089,0.817406711297061,0,0.817406711297061,1,0,"low MOD",0.301497904948201,"no"
91,0,1,2.38765827786799,0.796251161493349,0,0.796251161493349,1,0,"low MOD",0.260504851635072,"no"
92,0,1,3.1586950353479,0.90058893508704,0,0.90058893508704,1,0,"high MOD",0.355047943494976,"no"
93,0,1,2.93440146330742,0.933819702722816,0,0.933819702722816,1,0,"low MOD",0.312872601418953,"no"
94,0,1,2.68540892044129,0.509171730675745,0,0.509171730675745,1,0,"low MOD",0.372561742219642,"no"
95,0,1,2.35416135886189,0.944855108154575,0,0.944855108154575,1,0,"low MOD",0.221058261020005,"no"
96,0,1,3.0421392082638,0.804206282382352,0,0.804206282382352,1,0,"high MOD",0.359358428413888,"no"
97,0,1,4.3981315354545,0.713792008969585,0,0.713792008969585,1,0,"high MOD",0.588837464923095,"low"
98,0,1,2.21296116253969,0.514986583392731,0,0.514986583392731,1,0,"low MOD",0.298535582684707,"no"
99,0,1,3.52145972810008,0.525889560822557,0,0.525889560822557,1,0,"high MOD",0.497326982594807,"low"
100,0,1,2.24582503404803,0.37223981635885,0,0.37223981635885,1,0,"low MOD",0.336533124539962,"no"
101,0,1,3.29883017919506,0.553986653322364,0,0.553986653322364,1,0,"high MOD",0.456592338340234,"low"
102,0,1,1.99732049958368,0.311141329457394,0,0.311141329457394,1,0,"low MOD",0.312401308522706,"no"
103,0,1,2.831244079505,0.707950455725444,0,0.707950455725444,1,0,"low MOD",0.349125907064128,"no"
104,0,1,3.43056594113311,0.77175357154238,0,0.77175357154238,1,0,"high MOD",0.426605474433775,"low"
105,0,1,1.39664038356592,0.876085832822951,0,0.876085832822951,1,0,"low MOD",0.0896171745125368,"no"
106,0,1,3.8125592651781,0.843581076608812,0,0.843581076608812,1,0,"high MOD",0.468798100040751,"low"
107,0,1,3.0824824050199,0.414454439665337,0,0.414454439665337,1,0,"high MOD",0.455507807003368,"low"
108,0,1,3.03572100055256,0.968460793518004,0,0.968460793518004,1,0,"high MOD",0.320466124657778,"no"
109,0,1,3.14837361603962,0.819704468942828,0,0.819704468942828,1,0,"high MOD",0.372125678865443,"no"
110,0,1,1.95404549126237,0.81807689408597,0,0.81807689408597,1,0,"low MOD",0.188758484635911,"no"
111,0,1,3.17152341085811,0.760179066560196,0,0.760179066560196,1,0,"high MOD",0.389423817079663,"no"
112,0,1,4.00925651255857,0.420176503170065,0,0.420176503170065,1,0,"high MOD",0.596767962738995,"low"
113,0,1,3.10097860856356,0.628691075858371,0,0.628691075858371,1,0,"high MOD",0.408914153042463,"low"
114,0,1,3.784633725677,0.934387947780501,0,0.934387947780501,1,0,"high MOD",0.443546431385577,"low"
115,0,1,3.24036587136735,0.776249562429902,0,0.776249562429902,1,0,"high MOD",0.396306388880385,"no"
116,0,1,2.23226572654892,0.930215698422805,0,0.930215698422805,1,0,"low MOD",0.205683412140725,"no"
117,0,1,2.99983790563313,0.745553571241074,0,0.745553571241074,1,0,"low MOD",0.36638577673408,"no"
118,0,1,3.38521226553346,0.508203926376006,0,0.508203926376006,1,0,"high MOD",0.480447134764531,"low"
119,0,1,2.44739883932394,0.669875907955557,0,0.669875907955557,1,0,"low MOD",0.298859227290862,"no"
120,0,1,3.23922402752231,0.51219101838031,0,0.51219101838031,1,0,"high MOD",0.457067307684899,"low"
121,0,1,2.39493775577208,0.992735632588045,0,0.992735632588045,1,0,"low MOD",0.216282201060001,"no"
122,0,1,4.05548757042702,0.798561469991845,0,0.798561469991845,1,0,"high MOD",0.516560825452193,"low"
123,0,1,2.27489969600248,0.808815483667005,0,0.808815483667005,1,0,"low MOD",0.240257918538764,"no"
124,0,1,3.84136543149734,0.566011631837774,0,0.566011631837774,1,0,"high MOD",0.537284305190873,"low"
125,0,1,4.25117063990808,0.790169729217035,0,0.790169729217035,1,0,"high MOD",0.548602468628081,"low"
126,0,1,2.75226696134692,0.396399535936442,0,0.396399535936442,1,0,"low MOD",0.408871947298809,"low"
127,0,1,4.19772955485646,0.633661634363427,0,0.633661634363427,1,0,"high MOD",0.576498015894049,"low"
128,0,1,2.6145942715562,0.925715330793217,0,0.925715330793217,1,0,"low MOD",0.26554173467175,"no"
129,0,1,2.94332532322102,0.872033607676962,0,0.872033607676962,1,0,"low MOD",0.328503832570089,"no"
130,0,1,2.12885773285577,0.829758679458168,0,0.829758679458168,1,0,"low MOD",0.212956879025926,"no"
131,0,1,2.49995097036449,0.957698622855391,0,0.957698622855391,1,0,"low MOD",0.240523544012524,"no"
132,0,1,3.3428654655341,0.452929124514304,0,0.452929124514304,1,0,"high MOD",0.486687965963484,"low"
133,0,1,2.95363254031602,0.751885830544598,0,0.751885830544598,1,0,"low MOD",0.357815968384481,"no"
134,0,1,2.14126996410489,0.392101170626132,0,0.392101170626132,1,0,"low MOD",0.315864339717798,"no"
135,0,1,2.48147525302819,0.614063840524185,0,0.614063840524185,1,0,"low MOD",0.316981460344909,"no"
136,0,1,2.86192195911312,0.84265238611376,0,0.84265238611376,1,0,"low MOD",0.322760519991151,"no"
137,0,1,3.15936818020323,0.781589022028543,0,0.781589022028543,1,0,"high MOD",0.382613022640065,"no"
138,0,1,1.92574564490472,0.727515863326162,0,0.727515863326162,1,0,"low MOD",0.205303361525457,"no"
139,0,1,3.62210110740498,0.648579075268422,0,0.648579075268422,1,0,"high MOD",0.484497306846515,"low"
140,0,1,3.22868896383324,0.643195445752738,0,0.643195445752738,1,0,"high MOD",0.425214737723713,"low"
141,0,1,1.95484089136042,0.70427617114336,0,0.70427617114336,1,0,"low MOD",0.215142559176213,"no"
142,0,1,3.89179223511757,0.528216220138838,0,0.528216220138838,1,0,"high MOD",0.553764293062971,"low"
143,0,1,3.63154754409619,0.4843650141934,0,0.4843650141934,1,0,"high MOD",0.523846157354783,"low"
144,0,1,2.74030137719719,0.900933647813703,0,0.900933647813703,1,0,"low MOD",0.290600139304098,"no"
145,0,1,2.42887356060632,0.734123242117825,0,0.734123242117825,1,0,"low MOD",0.281182876527627,"no"
146,0,1,2.6982850971176,0.700565796533556,0,0.700565796533556,1,0,"low MOD",0.330374831125733,"no"
147,0,1,3.32882254182821,0.660888596326683,0,0.660888596326683,1,0,"high MOD",0.43653686882126,"low"
148,0,1,4.0262928585605,0.98670988295388,0,0.98670988295388,1,0,"high MOD",0.468650466789182,"low"
149,0,1,2.6921416029057,0.835599550952805,0,0.835599550952805,1,0,"low MOD",0.298268042534845,"no"
150,0,1,3.59913464263246,0.858017772116729,0,0.858017772116729,1,0,"high MOD",0.432631997608826,"low"
151,0,1,2.71567377485177,0.877707520784058,0,0.877707520784058,1,0,"low MOD",0.292171152873183,"no"
152,0,1,3.52212605369545,0.802369743166405,0,0.802369743166405,1,0,"high MOD",0.433626375222438,"low"
153,0,1,3.27480474965547,0.691335174623596,0,0.691335174623596,1,0,"high MOD",0.421200305803088,"low"
154,0,1,2.97846815048222,0.479021702458069,0,0.479021702458069,1,0,"low MOD",0.424605476430018,"low"
155,0,1,2.70540287107872,0.797180666308742,0,0.797180666308742,1,0,"low MOD",0.309174134094709,"no"
156,0,1,1.720369928644,0.936721069667492,0,0.936721069667492,1,0,"low MOD",0.12542897294504,"no"
157,0,1,2.69324302609541,0.638529029425888,0,0.638529029425888,1,0,"low MOD",0.343915304916397,"no"
158,0,1,4.10186452722981,0.847349227632834,0,0.847349227632834,1,0,"high MOD",0.512437028581625,"low"
159,0,1,3.3763918126663,0.251169650942766,0,0.251169650942766,1,0,"high MOD",0.538405744038793,"low"
160,0,1,2.63021056362847,0.716412191942315,0,0.716412191942315,1,0,"low MOD",0.316244965494615,"no"
161,0,1,3.06827261063742,0.790074443817581,0,0.790074443817581,1,0,"high MOD",0.366640145370931,"no"
162,0,1,3.18053799267897,0.340994175170341,0,0.340994175170341,1,0,"high MOD",0.487545650757455,"low"
163,0,1,3.22744698190701,0.644851744809039,0,0.644851744809039,1,0,"high MOD",0.42464144072207,"low"
164,0,1,3.12464937696331,0.978958833374416,0,0.978958833374416,1,0,"high MOD",0.331724788754106,"no"
165,0,1,2.2777905705382,0.45497143208764,0,0.45497143208764,1,0,"low MOD",0.322358988062576,"no"
166,0,1,1.71699080021191,0.787386389766286,0,0.787386389766286,1,0,"low MOD",0.159370956240382,"no"
167,0,1,2.09378805016068,0.922957886173633,0,0.922957886173633,1,0,"low MOD",0.18605403398465,"no"
168,0,1,2.77499703427568,0.673523880336232,0,0.673523880336232,1,0,"low MOD",0.348417109810974,"no"
169,0,1,3.55746861442708,0.634263577685642,0,0.634263577685642,1,0,"high MOD",0.477857422753634,"low"
170,0,1,3.33272927309613,0.715577930750646,0,0.715577930750646,1,0,"high MOD",0.42451728876464,"low"
171,0,1,1.66051256869568,0.758736718024979,0,0.758736718024979,1,0,"low MOD",0.15729346025511,"no"
172,0,1,2.89457244100023,0.511797518739939,0,0.511797518739939,1,0,"low MOD",0.404134794290818,"low"
173,0,1,3.98727117635137,0.791897979189941,0,0.791897979189941,1,0,"high MOD",0.507603724240994,"low"
174,0,1,2.55384095216348,0.666216851953803,0,0.666216851953803,1,0,"low MOD",0.316079334497349,"no"
175,0,1,2.24183589534641,0.610898132718094,0,0.610898132718094,1,0,"low MOD",0.280844414810656,"no"
176,0,1,3.3062689726588,0.869973022600115,0,0.869973022600115,1,0,"high MOD",0.384816836732097,"no"
177,0,1,2.74652984243811,0.675203283157309,0,0.675203283157309,1,0,"low MOD",0.343649987338792,"no"
178,0,1,3.32838546917194,0.751412419739108,0,0.751412419739108,1,0,"high MOD",0.415579513778966,"low"
179,0,1,3.74081766749235,0.944158246792232,0,0.944158246792232,1,0,"high MOD",0.434550814969846,"low"
180,0,1,4.00770292874347,0.407934101876666,0,0.407934101876666,1,0,"high MOD",0.599354119373611,"low"
181,0,1,3.91288474966345,0.739687586747079,0,0.739687586747079,1,0,"high MOD",0.508208210698897,"low"
182,0,1,3.03068969481147,0.650591746564957,0,0.650591746564957,1,0,"high MOD",0.39304647307139,"no"
183,0,1,3.25305749828463,0.39904709200663,0,0.39904709200663,1,0,"high MOD",0.48530567081149,"low"
184,0,1,2.18413430614526,0.630094126298273,0,0.630094126298273,1,0,"low MOD",0.2675374025689,"no"
185,0,1,3.34530300392492,0.697293168724957,0,0.697293168724957,1,0,"high MOD",0.430671269359614,"low"
186,0,1,3.09653395852884,0.673506821474521,0,0.673506821474521,1,0,"high MOD",0.39788826558724,"no"
187,0,1,2.35258373820993,0.718194458922162,0,0.718194458922162,1,0,"low MOD",0.273121853819491,"no"
188,0,1,2.68219062200272,0.758885079416076,0,0.758885079416076,1,0,"low MOD",0.314440461981324,"no"
189,0,1,3.47273321967279,0.665366540712323,0,0.665366540712323,1,0,"high MOD",0.457643601323739,"low"
190,0,1,1.98208336010124,0.790910796528386,0,0.790910796528386,1,0,"low MOD",0.199341102355178,"no"
191,0,1,3.86048069684763,0.488787345691921,0,0.488787345691921,1,0,"high MOD",0.558046104355346,"low"
192,0,1,2.76982265282248,0.935747960570818,0,0.935747960570818,1,0,"low MOD",0.287107801840961,"no"
193,0,1,3.770320094611,0.703540092040055,0,0.703540092040055,1,0,"high MOD",0.494616916392448,"low"
194,0,1,4.31141043475409,0.956952284892438,0,0.956952284892438,1,0,"high MOD",0.519381847294682,"low"
195,0,1,2.76211618136317,0.82542339901633,0,0.82542339901633,1,0,"low MOD",0.311381705052105,"no"
196,0,1,3.18239563457904,0.890328435159873,0,0.890328435159873,1,0,"high MOD",0.361061997206035,"no"
197,0,1,2.17045355068694,0.814776410530067,0,0.814776410530067,1,0,"low MOD",0.222813682291053,"no"
198,0,1,3.07412297955039,0.647190305906053,0,0.647190305906053,1,0,"high MOD",0.400513464721739,"low"
199,0,1,3.69044778395303,0.615194121564915,0,0.615194121564915,1,0,"high MOD",0.502716400247024,"low"
200,0,1,2.64163460126301,0.689187943010851,0,0.689187943010851,1,0,"low MOD",0.324285028730266,"no"
201,0,1,3.72467039454132,0.701916253422562,0,0.701916253422562,1,0,"high MOD",0.48796861760115,"low"
202,0,1,4.2740429278228,0.88035595760131,0,0.88035595760131,1,0,"high MOD",0.531309075603206,"low"
203,0,1,2.74809554167543,0.868626554135645,0,0.868626554135645,1,0,"low MOD",0.299254724687994,"no"
204,0,1,2.99471779627505,0.606071811387425,0,0.606071811387425,1,0,"low MOD",0.397786166029832,"no"
205,0,1,3.23589524510082,0.882235024204989,0,0.882235024204989,1,0,"high MOD",0.371160416737436,"no"
206,0,1,3.32785622508916,0.966090771333175,0,0.966090771333175,1,0,"high MOD",0.365956933552214,"no"
207,0,1,3.41847473531375,0.912662045322662,0,0.912662045322662,1,0,"high MOD",0.392227948819962,"no"
208,0,1,2.08228877509886,0.951506065292869,0,0.951506065292869,1,0,"low MOD",0.177696873409162,"no"
209,0,1,2.50540463859744,0.776333532236738,0,0.776333532236738,1,0,"low MOD",0.283216052344974,"no"
210,0,1,3.52243833250107,0.76804638045212,0,0.76804638045212,1,0,"high MOD",0.441595194126598,"low"
211,0,1,2.9703551620769,0.836868276689681,0,0.836868276689681,1,0,"low MOD",0.340777345698827,"no"
212,0,1,2.63571921112111,0.677693100512852,0,0.677693100512852,1,0,"low MOD",0.326027624669513,"no"
213,0,1,2.92573535224546,0.425011019524186,0,0.425011019524186,1,0,"low MOD",0.428956741993721,"low"
214,0,1,2.71188176337101,0.755487135634211,0,0.755487135634211,1,0,"low MOD",0.319792470756876,"no"
215,0,1,2.79182974735137,0.902713000350923,0,0.902713000350923,1,0,"low MOD",0.298116961049998,"no"
216,0,1,3.49337141837084,0.651683638935264,0,0.651683638935264,1,0,"high MOD",0.463976301533529,"low"
217,0,1,3.24345412302354,0.547300324354056,0,0.547300324354056,1,0,"high MOD",0.449615944075763,"low"
218,0,1,3.11265839130299,0.527825502306019,0,0.527825502306019,1,0,"high MOD",0.433987713514455,"low"
219,0,1,2.86459804321142,0.98398865988106,0,0.98398865988106,1,0,"low MOD",0.290556162059974,"no"
220,0,1,3.27766343256727,0.493826340658882,0,0.493826340658882,1,0,"high MOD",0.4672190648583,"low"
221,0,1,2.56647258581117,0.666544979605704,0,0.666544979605704,1,0,"low MOD",0.317946940985017,"no"
222,0,1,3.31730236818109,0.398794933500656,0,0.398794933500656,1,0,"high MOD",0.495247687373862,"low"
223,0,1,2.60229933660389,0.400257021014325,0,0.400257021014325,1,0,"low MOD",0.384909816166523,"no"
224,0,1,3.82840109673098,0.417095139061842,0,0.417095139061842,1,0,"high MOD",0.569655136636649,"low"
225,0,1,4.33389164665097,0.532738652783989,0,0.532738652783989,1,0,"high MOD",0.620735948842305,"high"
226,0,1,3.26594733998167,0.852709699302146,0,0.852709699302146,1,0,"high MOD",0.382597352465916,"no"
227,0,1,3.11653430431255,0.990657311856903,0,0.990657311856903,1,0,"high MOD",0.327776667158029,"no"
228,0,1,2.90963168377932,0.735092070104047,0,0.735092070104047,1,0,"low MOD",0.354922089018961,"no"
229,0,1,3.52882813738375,0.324631109497754,0,0.324631109497754,1,0,"high MOD",0.544904842021095,"low"
230,0,1,1.87688388892591,0.876527659163368,0,0.876527659163368,1,0,"low MOD",0.163398830797056,"no"
231,0,1,2.56405288812337,0.833364544031848,0,0.833364544031848,1,0,"low MOD",0.2790778572424,"no"
232,0,1,2.94070204830561,0.699619410494232,0,0.699619410494232,1,0,"low MOD",0.367888143471425,"no"
233,0,1,3.77162655531714,0.866972381572034,0,0.866972381572034,1,0,"high MOD",0.45710276660909,"low"
234,0,1,2.39341126070594,0.689051269775081,0,0.689051269775081,1,0,"low MOD",0.286128362468202,"no"
235,0,1,3.35174490579774,0.677817784616877,0,0.677817784616877,1,0,"high MOD",0.436156650595757,"low"
236,0,1,3.76926557327068,0.272346846681605,0,0.272346846681605,1,0,"high MOD",0.59396081588435,"low"
237,0,1,2.87885107766095,0.960741623750897,0,0.960741623750897,1,0,"low MOD",0.298113637236094,"no"
238,0,1,2.6448523377668,0.643489647362694,0,0.643489647362694,1,0,"low MOD",0.335325825649656,"no"
239,0,1,2.64094876395104,0.716323868068193,0,0.716323868068193,1,0,"low MOD",0.317917378745962,"no"
240,0,1,1.96614410157559,0.552710925969971,0,0.552710925969971,1,0,"low MOD",0.251858109633944,"no"
241,0,1,3.37531592185511,0.700038415871718,0,0.700038415871718,1,0,"high MOD",0.434655122776544,"low"
242,0,1,3.72326670534989,0.774510809943141,0,0.774510809943141,1,0,"high MOD",0.471000075451566,"low"
243,0,1,3.75532385676753,0.848269807679601,0,0.848269807679601,1,0,"high MOD",0.458910637730482,"low"
244,0,1,2.45145315650818,0.525579192841579,0,0.525579192841579,1,0,"low MOD",0.33278221034551,"no"
245,0,1,3.24627607711504,0.774403680145176,0,0.774403680145176,1,0,"high MOD",0.397641624138042,"no"
246,0,1,2.06699150194959,0.833126154224578,0,0.833126154224578,1,0,"low MOD",0.202661887786573,"no"
247,0,1,4.6447254124887,0.98090935395259,0,0.98090935395259,1,0,"high MOD",0.565132520239971,"low"
248,0,1,3.11451480574479,0.847892297442873,0,0.847892297442873,1,0,"high MOD",0.360411747627767,"no"
249,0,1,3.52914314057971,0.97777310206747,0,0.97777310206747,1,0,"high MOD",0.394228228842847,"no"
250,0,1,2.94546779319011,0.933674340181324,0,0.933674340181324,1,0,"low MOD",0.31460865891048,"no"
251,0,1,3.22661641481057,0.584681346185018,0,0.584681346185018,1,0,"high MOD",0.438399137774315,"low"
252,0,1,2.16086971921173,0.876071153709323,0,0.876071153709323,1,0,"low MOD",0.207194305945808,"no"
253,0,1,2.37608211368356,0.69605670105665,0,0.69605670105665,1,0,"low MOD",0.281845701861321,"no"
254,0,1,3.06535900138742,0.946647542147964,0,0.946647542147964,1,0,"high MOD",0.33005964433315,"no"
255,0,1,1.97156369412253,0.981462195319262,0,0.981462195319262,1,0,"low MOD",0.153749292483637,"no"
256,0,1,3.28679826459325,0.744322755585696,0,0.744322755585696,1,0,"high MOD",0.410817558648416,"low"
257,0,1,3.34889075701946,0.615859397242168,0,0.615859397242168,1,0,"high MOD",0.450015640177878,"low"
258,0,1,3.98904781679038,0.718859185047113,0,0.718859185047113,1,0,"high MOD",0.524732159879956,"low"
259,0,1,3.57789620517424,0.78481378748343,0,0.78481378748343,1,0,"high MOD",0.446257772915245,"low"
260,0,1,3.11633537650784,0.567565044096363,0,0.567565044096363,1,0,"high MOD",0.425382740055891,"low"
261,0,1,2.96976271886299,0.477332694464464,0,0.477332694464464,1,0,"low MOD",0.423655950333277,"low"
262,0,1,2.00417305916441,0.726023497246626,0,0.726023497246626,1,0,"low MOD",0.217713509737611,"no"
263,0,1,2.74235289692377,0.605370058021451,0,0.605370058021451,1,0,"low MOD",0.359122739983322,"no"
264,0,1,2.39478238782307,0.819116234839121,0,0.819116234839121,1,0,"low MOD",0.256324313163752,"no"
265,0,1,2.55817228798176,0.959871939872155,0,0.959871939872155,1,0,"low MOD",0.24897913510362,"no"
266,0,1,2.44093447201428,0.963467914352979,0,0.963467914352979,1,0,"low MOD",0.230112707766894,"no"
267,0,1,3.16062722804102,0.937027582680882,0,0.937027582680882,1,0,"high MOD",0.346936285233799,"no"
268,0,1,2.65568377739112,0.955067224398809,0,0.955067224398809,1,0,"low MOD",0.265089683198908,"no"
269,0,1,1.99908411737818,0.841132257870529,0,0.841132257870529,1,0,"low MOD",0.190367035472674,"no"
270,0,1,2.5764377100398,0.580527947696206,0,0.580527947696206,1,0,"low MOD",0.339330121306999,"no"
271,0,1,2.66928587315039,0.922527401297318,0,0.922527401297318,1,0,"low MOD",0.274691503262217,"no"
272,0,1,2.87590603473858,0.582617074843811,0,0.582617074843811,1,0,"low MOD",0.384920064995826,"no"
273,0,1,3.08154846216906,0.34695890003974,0,0.34695890003974,1,0,"high MOD",0.470940017247607,"low"
274,0,1,2.23391472992581,0.850112653535061,0,0.850112653535061,1,0,"low MOD",0.224422423018956,"no"
275,0,1,3.47069723337845,0.35537205402108,0,0.35537205402108,1,0,"high MOD",0.528867561899513,"low"
276,0,1,3.7548267357484,0.773724290535266,0,0.773724290535266,1,0,"high MOD",0.476036969222386,"low"
277,0,1,1.96902157504056,0.931698167970217,0,0.931698167970217,1,0,"low MOD",0.164842203551574,"no"
278,0,1,4.13603095633125,0.286262449323084,0,0.286262449323084,1,0,"high MOD",0.647174966514866,"high"
279,0,1,3.62144890482371,0.787978426739944,0,0.787978426739944,1,0,"high MOD",0.452227886879045,"low"
280,0,1,2.68656675690628,0.518823052616325,0,0.518823052616325,1,0,"low MOD",0.370512642766429,"no"
281,0,1,2.72760311090942,0.725291272225972,0,0.725291272225972,1,0,"low MOD",0.329179415780071,"no"
282,0,1,3.28917232685701,0.673254752763561,0,0.673254752763561,1,0,"high MOD",0.427583107340257,"low"
283,0,1,3.35322837853126,0.752292679219039,0,0.752292679219039,1,0,"high MOD",0.419198363031186,"low"
284,0,1,3.33737656627322,0.668077262017782,0,0.668077262017782,1,0,"high MOD",0.436193949730238,"low"
285,0,1,2.6767519296535,0.582039632812143,0,0.582039632812143,1,0,"low MOD",0.354414227759274,"no"
286,0,1,3.54501738822928,0.922438093377154,0,0.922438093377154,1,0,"high MOD",0.409440038179007,"low"
287,0,1,2.38792707399845,0.903631573490775,0,0.903631573490775,1,0,"low MOD",0.235766109809583,"no"
288,0,1,3.39768305988768,0.94986936553233,0,0.94986936553233,1,0,"high MOD",0.380442924859874,"no"
289,0,1,3.89002808267206,0.863813016574631,0,0.863813016574631,1,0,"high MOD",0.476047470432326,"low"
290,0,1,1.75442912450894,0.994235284058813,0,0.994235284058813,1,0,"low MOD",0.117396338218573,"no"
291,0,1,2.75757773537732,0.94042924938016,0,0.94042924938016,1,0,"low MOD",0.28414367097032,"no"
292,0,1,3.0675521158264,0.801067003029699,0,0.801067003029699,1,0,"high MOD",0.363992555581823,"no"
293,0,1,2.22593760489311,0.257300736419013,0,0.257300736419013,1,0,"low MOD",0.35999792311763,"no"
294,0,1,3.23448576603637,0.978978001543011,0,0.978978001543011,1,0,"high MOD",0.348618271341824,"no"
295,0,1,3.24845490549256,0.636054179645618,0,0.636054179645618,1,0,"high MOD",0.429903636311405,"low"
296,0,1,3.27801518769498,0.365019937343038,0,0.365019937343038,1,0,"high MOD",0.496997735643142,"low"
297,0,1,2.90929029870825,0.813044234349339,0,0.813044234349339,1,0,"low MOD",0.336880607259115,"no"
298,0,1,3.5837357840099,0.852550752329175,0,0.852550752329175,1,0,"high MOD",0.431524562387099,"low"
299,0,1,2.58113759391683,0.416981195652771,0,0.416981195652771,1,0,"low MOD",0.377794738528872,"no"
300,0,1,3.72288390010491,0.60775785753196,0,0.60775785753196,1,0,"high MOD",0.50942263289338,"low"
301,0,1,2.66172053827531,0.622461218551996,0,0.622461218551996,1,0,"low MOD",0.342773647761126,"no"
302,0,1,1.57995782609288,0.831065751746814,0,0.831065751746814,1,0,"low MOD",0.128209107457333,"no"
303,0,1,2.44211485228174,0.377863783129754,0,0.377863783129754,1,0,"low MOD",0.365433719628786,"no"
304,0,1,1.80867737509836,0.744932391220095,0,0.744932391220095,1,0,"low MOD",0.183273659733571,"no"
305,0,1,2.88188327838209,0.733282860666282,0,0.733282860666282,1,0,"low MOD",0.351070613443487,"no"
306,0,1,2.29310209246725,0.425548969752834,0,0.425548969752834,1,0,"low MOD",0.331504405821231,"no"
307,0,1,4.27396160207422,0.768860234096074,0,0.768860234096074,1,0,"high MOD",0.557026346296939,"low"
308,0,1,3.07191388543221,0.586240356025879,0,0.586240356025879,1,0,"high MOD",0.414238977137445,"low"
309,0,1,3.11087613311616,0.763756884826348,0,0.763756884826348,1,0,"high MOD",0.379267816288714,"no"
310,0,1,2.18148166840415,0.81760095618561,0,0.81760095618561,1,0,"low MOD",0.223858497557805,"no"
311,0,1,2.99340119293757,0.485194595589695,0,0.485194595589695,1,0,"low MOD",0.425478353777388,"low"
312,0,1,2.63448720494928,0.794820473971376,0,0.794820473971376,1,0,"low MOD",0.298808691383418,"no"
313,0,1,3.26752724303804,0.88506774816784,0,0.88506774816784,1,0,"high MOD",0.375373172428658,"no"
314,0,1,3.94465659731027,0.957739371546035,0,0.957739371546035,1,0,"high MOD",0.462776544614033,"low"
315,0,1,1.77511773774474,0.781282966228328,0,0.781282966228328,1,0,"low MOD",0.169722044369576,"no"
316,0,1,3.60336623867002,0.705110261970733,0,0.705110261970733,1,0,"high MOD",0.468569360879065,"low"
317,0,1,2.31818661077601,0.942197083209024,0,0.942197083209024,1,0,"low MOD",0.216137074763458,"no"
318,0,1,2.98609495147478,0.584246437422259,0,0.584246437422259,1,0,"low MOD",0.401496199283291,"low"
319,0,1,3.39697358862803,0.94584421310078,0,0.94584421310078,1,0,"high MOD",0.381262656765671,"no"
320,0,1,4.41405793900805,0.848577060050404,0,0.848577060050404,1,0,"high MOD",0.5601834382973,"low"
321,0,1,3.69962677194831,0.406066457851677,0,0.406066457851677,1,0,"high MOD",0.552388782333968,"low"
322,0,1,1.82898645795811,0.706768359200774,0,0.706768359200774,1,0,"low MOD",0.195205218331838,"no"
323,0,1,3.80645402646657,0.858605393591062,0,0.858605393591062,1,0,"high MOD",0.464391682473843,"low"
324,0,1,2.92946759027338,0.675139597849998,0,0.675139597849998,1,0,"low MOD",0.371808952845904,"no"
325,0,1,2.89944165929488,0.805788261336312,0,0.805788261336312,1,0,"low MOD",0.337039887275448,"no"
326,0,1,3.18306274357692,0.349658325657151,0,0.349658325657151,1,0,"high MOD",0.485934654629414,"low"
327,0,1,2.48554555493538,0.963903617410623,0,0.963903617410623,1,0,"low MOD",0.236875404433761,"no"
328,0,1,3.2779180737989,0.979664189936957,0,0.979664189936957,1,0,"high MOD",0.355141813675917,"no"
329,0,1,4.0301291750696,0.680160752245113,0,0.680160752245113,1,0,"high MOD",0.539982776415682,"low"
330,0,1,2.27213031753475,0.888639608165196,0,0.888639608165196,1,0,"low MOD",0.221410908505685,"no"
331,0,1,3.37221212674804,0.697498621718721,0,0.697498621718721,1,0,"high MOD",0.434763722179993,"low"
332,0,1,2.88180904383377,0.893106432144665,0,0.893106432144665,1,0,"low MOD",0.314176830094888,"no"
333,0,1,3.51949995283804,0.886898721514157,0,0.886898721514157,1,0,"high MOD",0.413715672394892,"low"
334,0,1,3.87183949422132,0.635121511328475,0,0.635121511328475,1,0,"high MOD",0.526024188804402,"low"
335,0,1,2.02988811139637,0.51525393522584,0,0.51525393522584,1,0,"low MOD",0.270308801316555,"no"
336,0,1,2.69278123718565,0.232292280262988,0,0.232292280262988,1,0,"low MOD",0.437591202583256,"low"
337,0,1,3.04995986149919,0.855043498670243,0,0.855043498670243,1,0,"high MOD",0.348829940537512,"no"
338,0,1,3.24672922011326,0.788285903723689,0,0.788285903723689,1,0,"high MOD",0.394507748388882,"no"
339,0,1,3.46164588965533,0.693061018609517,0,0.693061018609517,1,0,"high MOD",0.449546824883239,"low"
340,0,1,2.9666024070459,0.906222110156935,0,0.906222110156935,1,0,"low MOD",0.324195267970845,"no"
341,0,1,3.32095296656634,0.854699319160119,0,0.854699319160119,1,0,"high MOD",0.390600613511717,"no"
342,0,1,4.00117235019286,0.816257114802769,0,0.816257114802769,1,0,"high MOD",0.504121027382877,"low"
343,0,1,2.61179644952061,0.5266256916043,0,0.5266256916043,1,0,"low MOD",0.357208909556024,"no"
344,0,1,3.1938426696404,0.605897426942178,0,0.605897426942178,1,0,"high MOD",0.428461004496481,"low"
345,0,1,2.11312935578761,0.986901829950488,0,0.986901829950488,1,0,"low MOD",0.174273324747981,"no"
346,0,1,2.46874751299307,0.885163581225832,0,0.885163581225832,1,0,"low MOD",0.252461867869896,"no"
347,0,1,3.01430642370035,0.807326503549091,0,0.807326503549091,1,0,"high MOD",0.354356410519495,"no"
348,0,1,3.32297454503049,0.6653697706497,0,0.6653697706497,1,0,"high MOD",0.43460305985476,"low"
349,0,1,2.66083608137058,0.773219827430563,0,0.773219827430563,1,0,"low MOD",0.307847129265344,"no"
350,0,1,3.79837971338033,0.438029406237441,0,0.438029406237441,1,0,"high MOD",0.560205477542179,"low"
351,0,1,2.13660490226399,0.846695508099665,0,0.846695508099665,1,0,"low MOD",0.210240252325307,"no"
352,0,1,3.27845776791791,0.938451066961644,0,0.938451066961644,1,0,"high MOD",0.364735564226991,"no"
353,0,1,3.19024343731158,0.877133755335968,0,0.877133755335968,1,0,"high MOD",0.365314277585789,"no"
354,0,1,4.38514139173603,0.490468160469216,0,0.490468160469216,1,0,"high MOD",0.638375254004955,"high"
355,0,1,3.95727874414403,0.724448776035712,0,0.724448776035712,1,0,"high MOD",0.518554704629302,"low"
356,0,1,2.96507507769504,0.658200101545216,0,0.658200101545216,1,0,"low MOD",0.381196142365725,"no"
357,0,1,4.07719100112036,0.467162311188495,0,0.467162311188495,1,0,"high MOD",0.596376543744248,"low"
358,0,1,2.87846860559929,0.938620610779785,0,0.938620610779785,1,0,"low MOD",0.303159644527633,"no"
359,0,1,2.57736687060951,0.411632056892515,0,0.411632056892515,1,0,"low MOD",0.378449043887806,"no"
360,0,1,1.51210431167282,0.891372724809826,0,0.891372724809826,1,0,"low MOD",0.103853111455089,"no"
361,0,1,3.25069126589185,0.948972530925336,0,0.948972530925336,1,0,"high MOD",0.358035764539054,"no"
362,0,1,3.07997570752249,0.919411722585846,0,0.919411722585846,1,0,"high MOD",0.33859355748365,"no"
363,0,1,3.63195660911123,0.705550421742045,0,0.705550421742045,1,0,"high MOD",0.47286630407664,"low"
364,0,1,1.87387809151765,0.53933155418911,0,0.53933155418911,1,0,"low MOD",0.240750886189843,"no"
365,0,1,3.19534329369997,0.876012146391139,0,0.876012146391139,1,0,"high MOD",0.366357703709733,"no"
366,0,1,3.20456680764627,0.853035521226139,0,0.853035521226139,1,0,"high MOD",0.373079003970317,"no"
367,0,1,2.37718256839326,0.817840037410392,0,0.817840037410392,1,0,"low MOD",0.253911155735026,"no"
368,0,1,3.12369927586051,0.71566607648836,0,0.71566607648836,1,0,"high MOD",0.39233848632738,"no"
369,0,1,3.91966009366777,0.677134956378466,0,0.677134956378466,1,0,"high MOD",0.523685793707703,"low"
370,0,1,4.2489373140941,0.70764332772246,0,0.70764332772246,1,0,"high MOD",0.56730343423237,"low"
371,0,1,3.92129406938193,0.720960504103576,0,0.720960504103576,1,0,"high MOD",0.513823586650241,"low"
372,0,1,2.59239513067842,0.649720935041018,0,0.649720935041018,1,0,"low MOD",0.325817496633368,"no"
373,0,1,2.99463500971737,0.392237028408317,0,0.392237028408317,1,0,"low MOD",0.447119918016137,"low"
374,0,1,1.86247214083792,0.805921359356005,0,0.805921359356005,1,0,"low MOD",0.177475400277525,"no"
375,0,1,3.49370144294903,0.556894626978056,0,0.556894626978056,1,0,"high MOD",0.4859014619203,"low"
376,0,1,3.69997909769047,0.549661894533926,0,0.549661894533926,1,0,"high MOD",0.519305577829167,"low"
377,0,1,3.10254528605427,0.503346204009058,0,0.503346204009058,1,0,"high MOD",0.438080920006259,"low"
378,0,1,3.28195925307055,0.677271996555918,0,0.677271996555918,1,0,"high MOD",0.425546347421027,"low"
379,0,1,4.31095212414341,0.645753974517309,0,0.645753974517309,1,0,"high MOD",0.591126332671915,"low"
380,0,1,3.57417023231164,0.454734734442287,0,0.454734734442287,1,0,"high MOD",0.52185663548434,"low"
381,0,1,2.42839211423426,0.9525660621778,0,0.9525660621778,1,0,"low MOD",0.230698926302702,"no"
382,0,1,3.64485703225743,0.286822744405658,0,0.286822744405658,1,0,"high MOD",0.571480448561375,"low"
383,0,1,2.22383596377424,0.541987077524142,0,0.541987077524142,1,0,"low MOD",0.293977745767389,"no"
384,0,1,2.79241973204735,0.86509370416672,0,0.86509370416672,1,0,"low MOD",0.30688910396881,"no"
385,0,1,2.45755813448445,0.722370649859912,0,0.722370649859912,1,0,"low MOD",0.288308024568396,"no"
386,0,1,2.49176160055815,0.522246211146634,0,0.522246211146634,1,0,"low MOD",0.33975265905203,"no"
387,0,1,3.24418959661235,0.791722204430354,0,0.791722204430354,1,0,"high MOD",0.393324044610279,"no"
388,0,1,2.94381821471476,0.226167417998204,0,0.226167417998204,1,0,"low MOD",0.477625705802685,"low"
389,0,1,1.9665710934023,0.756803108396176,0,0.756803108396176,1,0,"low MOD",0.204825604739697,"no"
390,0,1,3.38656844777069,0.68469109943352,0,0.68469109943352,1,0,"high MOD",0.439927969018524,"low"
391,0,1,1.80925774066965,0.566488340610791,0,0.566488340610791,1,0,"low MOD",0.224542343038994,"no"
392,0,1,3.93378479680808,0.69491998629435,0,0.69491998629435,1,0,"high MOD",0.521754587287163,"low"
393,0,1,3.6468615875459,0.89369843204164,0,0.89369843204164,1,0,"high MOD",0.431740606074375,"low"
394,0,1,3.62936717416996,0.267262269575473,0,0.267262269575473,1,0,"high MOD",0.573611349201039,"low"
395,0,1,1.57873436230108,0.881014195042109,0,0.881014195042109,1,0,"low MOD",0.116494318421218,"no"
396,0,1,2.99657097754716,0.452660893712502,0,0.452660893712502,1,0,"low MOD",0.43347379030437,"low"
397,0,1,4.13320861906834,0.876057499460702,0,0.876057499460702,1,0,"high MOD",0.510634210750352,"low"
398,0,1,3.18449343284454,0.434798400694088,0,0.434798400694088,1,0,"high MOD",0.466507051046679,"low"
399,0,1,2.51498158561018,0.887916008403599,0,0.887916008403599,1,0,"low MOD",0.258939626616121,"no"
400,0,1,3.01698568360826,0.449699361676694,0,0.449699361676694,1,0,"high MOD",0.437297944783572,"low"
401,0,1,3.86393107652019,0.84855239845733,0,0.84855239845733,1,0,"high MOD",0.475554227512954,"low"
402,0,1,4.54154306449621,0.630427119387013,0,0.630427119387013,1,0,"high MOD",0.630138828525491,"high"
403,0,1,3.58602705376756,0.411519106029361,0,0.411519106029361,1,0,"high MOD",0.533653599188234,"low"
404,0,1,2.93699855865481,0.395457274208482,0,0.395457274208482,1,0,"low MOD",0.437509638052629,"low"
405,0,1,1.94374733610213,0.575886952900255,0,0.575886952900255,1,0,"low MOD",0.243064139500269,"no"
406,0,1,3.07915868988286,0.635339599456608,0,0.635339599456608,1,0,"high MOD",0.404022967799684,"low"
407,0,1,2.81627033357378,0.889857514263987,0,0.889857514263987,1,0,"low MOD",0.304843701873507,"no"
408,0,1,2.95740880383946,0.43645643996679,0,0.43645643996679,1,0,"low MOD",0.43118832982912,"low"
409,0,1,2.94258561670396,0.733737008052253,0,0.733737008052253,1,0,"low MOD",0.360304631480858,"no"
410,0,1,2.86167597534442,0.833894925142907,0,0.833894925142907,1,0,"low MOD",0.324743628866163,"no"
411,0,1,2.59579845238147,0.791232252671919,0,0.791232252671919,1,0,"low MOD",0.293684626672861,"no"
412,0,1,4.0950394691604,0.775164535955109,0,0.775164535955109,1,0,"high MOD",0.528045025419652,"low"
413,0,1,2.17230718412546,0.859992740623457,0,0.859992740623457,1,0,"low MOD",0.21266431895235,"no"
414,0,1,3.66441920107654,0.682093239996019,0,0.682093239996019,1,0,"high MOD",0.483273744781925,"low"
415,0,1,3.09978385677692,0.721795544561642,0,0.721795544561642,1,0,"high MOD",0.387244698451456,"no"
416,0,1,3.85969782319717,0.600890363118971,0,0.600890363118971,1,0,"high MOD",0.532055735156725,"low"
417,0,1,2.57446925183773,0.570514786217685,0,0.570514786217685,1,0,"low MOD",0.341338011155569,"no"
418,0,1,3.57419159243153,0.787573854130559,0,0.787573854130559,1,0,"high MOD",0.445050894036261,"low"
419,0,1,2.52826367470288,0.557093797964069,0,0.557093797964069,1,0,"low MOD",0.337326611962581,"no"
420,0,1,2.49525686340502,0.959494275071688,0,0.959494275071688,1,0,"low MOD",0.239386992430383,"no"
421,0,1,3.76527289711203,0.953365785197371,0,0.953365785197371,1,0,"high MOD",0.436188341433227,"low"
422,0,1,3.06375672408363,0.78762442430054,0,0.78762442430054,1,0,"high MOD",0.366510782712742,"no"
423,0,1,2.73566915940393,0.749431728835944,0,0.749431728835944,1,0,"low MOD",0.324849471715386,"no"
424,0,1,2.86965960102493,0.64830062073769,0,0.64830062073769,1,0,"low MOD",0.368801333833599,"no"
425,0,1,1.85079158506148,0.971626958468689,0,0.971626958468689,1,0,"low MOD",0.137438638055145,"no"
426,0,1,3.60537986585168,0.86850510592089,0,0.86850510592089,1,0,"high MOD",0.431172647226207,"low"
427,0,1,3.942316817185,0.57428966430895,0,0.57428966430895,1,0,"high MOD",0.550904972418703,"low"
428,0,1,3.16278843623199,0.781092401034876,0,0.781092401034876,1,0,"high MOD",0.38325382071995,"no"
429,0,1,2.78131052007181,0.391120432909914,0,0.391120432909914,1,0,"low MOD",0.414558441647221,"low"
430,0,1,2.27340596122899,0.91692422472335,0,0.91692422472335,1,0,"low MOD",0.215079942175995,"no"
431,0,1,3.73063196250317,0.703271608064095,0,0.703271608064095,1,0,"high MOD",0.488573007754927,"low"
432,0,1,1.65681543420119,0.535759467688665,0,0.535759467688665,1,0,"low MOD",0.20818095887203,"no"
433,0,1,2.75282539100689,0.75827770986058,0,0.75827770986058,1,0,"low MOD",0.325447511725542,"no"
434,0,1,4.22979581915601,0.714280402422218,0,0.714280402422218,1,0,"high MOD",0.56282695623426,"low"
435,0,1,3.72396105206,0.629009138186378,0,0.629009138186378,1,0,"high MOD",0.504684206889297,"low"
436,0,1,2.77086444265755,0.733506615681193,0,0.733506615681193,1,0,"low MOD",0.333939156790116,"no"
437,0,1,2.16286650437949,0.930177787258401,0,0.930177787258401,1,0,"low MOD",0.19501535746029,"no"
438,0,1,4.00948678463338,0.925420794839162,0,0.925420794839162,1,0,"high MOD",0.480208552673021,"low"
439,0,1,3.52453043003298,0.958541949206247,0,0.958541949206247,1,0,"high MOD",0.397956539419017,"no"
440,0,1,2.5786217401403,0.924415178329234,0,0.924415178329234,1,0,"low MOD",0.2603075342533,"no"
441,0,1,3.02218109472474,0.693769341384368,0,0.693769341384368,1,0,"high MOD",0.38177339733049,"no"
442,0,1,4.16765021802944,0.825332111828034,0,0.825332111828034,1,0,"high MOD",0.52763877696729,"low"
443,0,1,3.1061247843543,0.802863745141117,0,0.802863745141117,1,0,"high MOD",0.36951217948348,"no"
444,0,1,3.11350488890719,0.575815363078903,0,0.575815363078903,1,0,"high MOD",0.423043360659821,"low"
445,0,1,3.63283920794091,0.578319702174517,0,0.578319702174517,1,0,"high MOD",0.502363023796791,"low"
446,0,1,2.80865337805106,0.849050012742403,0,0.849050012742403,1,0,"low MOD",0.31308897829807,"no"
447,0,1,3.81743546742128,0.835936231047745,0,0.835936231047745,1,0,"high MOD",0.471312480130717,"low"
448,0,1,2.14383762833694,0.902699095576878,0,0.902699095576878,1,0,"low MOD",0.19842907461102,"no"
449,0,1,3.36121268479782,0.817788638656363,0,0.817788638656363,1,0,"high MOD",0.405312265663581,"low"
450,0,1,3.39099456799853,0.641690298366169,0,0.641690298366169,1,0,"high MOD",0.450532172376812,"low"
451,0,1,2.27220372832133,0.699929587839683,0,0.699929587839683,1,0,"low MOD",0.264970668701816,"no"
452,0,1,2.81648131900451,0.589259718865181,0,0.589259718865181,1,0,"low MOD",0.374244883185652,"no"
453,0,1,2.00688538947008,0.873580783019447,0,0.873580783019447,1,0,"low MOD",0.184079109990909,"no"
454,0,1,3.02535607515271,0.871263875749717,0,0.871263875749717,1,0,"high MOD",0.341301578696637,"no"
455,0,1,3.59168580180337,0.650146414285779,0,0.650146414285779,1,0,"high MOD",0.479456335442262,"low"
456,0,1,2.19765248921323,0.628377640275245,0,0.628377640275245,1,0,"low MOD",0.270013235200056,"no"
457,0,1,1.62294192901071,0.96679947764164,0,0.96679947764164,1,0,"low MOD",0.103498878853577,"no"
458,0,1,2.81175575817741,0.555870382632527,0,0.555870382632527,1,0,"low MOD",0.381223105265941,"no"
459,0,1,3.62319335368406,0.835703608253051,0,0.835703608253051,1,0,"high MOD",0.44148276020069,"low"
460,0,1,3.09981550854166,0.93075889481331,0,0.93075889481331,1,0,"high MOD",0.339027256357183,"no"
461,0,1,3.29234488429467,0.995892571587846,0,0.995892571587846,1,0,"high MOD",0.353616311832753,"no"
462,0,1,2.10606203855619,0.826174851560724,0,0.826174851560724,1,0,"low MOD",0.210276886340785,"no"
463,0,1,3.30906524968379,0.807223921149546,0,0.807223921149546,1,0,"high MOD",0.399727595070688,"no"
464,0,1,2.8352164242104,0.662865328560739,0,0.662865328560739,1,0,"low MOD",0.360141297133738,"no"
465,0,1,2.67686594385239,0.820091470552607,0,0.820091470552607,1,0,"low MOD",0.29949672892669,"no"
466,0,1,1.86855147275182,0.946997216515412,0,0.946997216515412,1,0,"low MOD",0.145854715073646,"no"
467,0,1,2.60019649972502,0.971497090606033,0,0.971497090606033,1,0,"low MOD",0.252761671356303,"no"
468,0,1,3.56549556861779,0.93453348285403,0,0.93453348285403,1,0,"high MOD",0.409799283744115,"low"
469,0,1,2.46275303456762,0.957339161875116,0,0.957339161875116,1,0,"low MOD",0.234883737193069,"no"
470,0,1,3.21473907247408,0.709164170996616,0,0.709164170996616,1,0,"high MOD",0.407845048612178,"low"
471,0,1,2.29068750296602,0.801104945936667,0,0.801104945936667,1,0,"low MOD",0.244466166778618,"no"
472,0,1,1.46148355386638,0.818804264038808,0,0.818804264038808,1,0,"low MOD",0.112811870432026,"no"
473,0,1,2.692895376574,0.812258439234488,0,0.812258439234488,1,0,"low MOD",0.303770418111117,"no"
474,0,1,3.73428526258162,0.894246998896452,0,0.894246998896452,1,0,"high MOD",0.445063809882607,"low"
475,0,1,3.51699252000593,0.90835865298128,0,0.90835865298128,1,0,"high MOD",0.408377621620617,"low"
476,0,1,3.65253318439625,0.780171303108883,0,0.780171303108883,1,0,"high MOD",0.458811727651219,"low"
477,0,1,2.34534106707628,0.726005943007649,0,0.726005943007649,1,0,"low MOD",0.270204946548431,"no"
478,0,1,3.50605572509633,0.861301635285258,0,0.861301635285258,1,0,"high MOD",0.417554349564376,"low"
479,0,1,2.79783350285143,0.626003967915212,0,0.626003967915212,1,0,"low MOD",0.362896546304403,"no"
480,0,1,3.42946066597106,0.794524058992207,0,0.794524058992207,1,0,"high MOD",0.421180704228115,"low"
481,0,1,2.36703672670158,0.76060870919067,0,0.76060870919067,1,0,"low MOD",0.265557486602397,"no"
482,0,1,3.43865534252358,0.479390300169818,0,0.479390300169818,1,0,"high MOD",0.495318444964438,"low"
483,0,1,3.1862881667922,0.926795803818166,0,0.926795803818166,1,0,"high MOD",0.353245301702301,"no"
484,0,1,2.13110665511792,0.94311525211433,0,0.94311525211433,1,0,"low MOD",0.187143657991757,"no"
485,0,1,3.33022702028317,0.972202528860379,0,0.972202528860379,1,0,"high MOD",0.364911265691169,"no"
486,0,1,3.42434447755613,0.821858418653316,0,0.821858418653316,1,0,"high MOD",0.414085669165563,"low"
487,0,1,2.10179196844025,0.680525806349647,0,0.680525806349647,1,0,"low MOD",0.243231270602428,"no"
488,0,1,2.29521424523384,0.463912865369539,0,0.463912865369539,1,0,"low MOD",0.322976145719928,"no"
489,0,1,3.22466779813946,0.942291983980168,0,0.942291983980168,1,0,"high MOD",0.355573818795262,"no"
490,0,1,3.40265960179149,0.933861724397483,0,0.933861724397483,1,0,"high MOD",0.384902617722348,"no"
491,0,1,3.09502950351037,0.60298946438213,0,0.60298946438213,1,0,"high MOD",0.413930047221104,"low"
492,0,1,1.88507132557086,0.633481265903669,0,0.633481265903669,1,0,"low MOD",0.220746065648517,"no"
493,0,1,1.9988926172526,0.508675411136921,0,0.508675411136921,1,0,"low MOD",0.267058384699573,"no"
494,0,1,3.08359930872759,0.902378687074315,0,0.902378687074315,1,0,"high MOD",0.343081735094788,"no"
495,0,1,3.42070947722875,0.396024614997799,0,0.396024614997799,1,0,"high MOD",0.511795777651086,"low"
496,0,1,3.24061352451665,0.977183167187111,0,0.977183167187111,1,0,"high MOD",0.349975195959383,"no"
497,0,1,4.10326104255704,0.791382653412258,0,0.791382653412258,1,0,"high MOD",0.525567240375177,"low"
498,0,1,3.76760923162619,0.97146590277284,0,0.97146590277284,1,0,"high MOD",0.432370827302604,"low"
499,0,1,3.36471480806593,0.700582677663906,0,0.700582677663906,1,0,"high MOD",0.432898583318473,"low"
500,0,1,2.95101825523291,0.84226669809032,0,0.84226669809032,1,0,"low MOD",0.336556647399605,"no"
501,0,1,3.10042337719629,0.73627797358941,0,0.73627797358941,1,0,"high MOD",0.384000987201873,"no"
502,0,1,3.22492487605223,0.508121814438305,0,0.508121814438305,1,0,"high MOD",0.455806485291503,"low"
503,0,1,3.39357036821957,0.648846720077031,0,0.648846720077031,1,0,"high MOD",0.449276967400619,"low"
504,0,1,3.8546345287251,0.929693727353971,0,0.929693727353971,1,0,"high MOD",0.45539906733756,"low"
505,0,1,2.95694626198001,0.673151719913999,0,0.673151719913999,1,0,"low MOD",0.376495181862926,"no"
506,0,1,3.97822460290475,0.44892907379757,0,0.44892907379757,1,0,"high MOD",0.585358614185907,"low"
507,0,1,3.56051111771572,0.601787055946837,0,0.601787055946837,1,0,"high MOD",0.485820082122379,"low"
508,0,1,4.03418824131891,0.498476482156794,0,0.498476482156794,1,0,"high MOD",0.582534387397496,"low"
509,0,1,3.88259884707563,0.433989040478317,0,0.433989040478317,1,0,"high MOD",0.574094659439716,"low"
510,0,1,2.6434422036843,0.767661292097699,0,0.767661292097699,1,0,"low MOD",0.306453887005808,"no"
511,0,1,3.49128054255487,0.817674025098781,0,0.817674025098781,1,0,"high MOD",0.42534915460103,"low"
512,0,1,2.86439214463185,0.611153708551188,0,0.611153708551188,1,0,"low MOD",0.376563320277703,"no"
513,0,1,2.00808691890059,0.908128335990006,0,0.908128335990006,1,0,"low MOD",0.176291448448551,"no"
514,0,1,3.56414363200279,0.930210536581503,0,0.930210536581503,1,0,"high MOD",0.41058889648162,"low"
515,0,1,2.7035602930547,0.713476675295273,0,0.713476675295273,1,0,"low MOD",0.328206966171045,"no"
516,0,1,2.9854111518241,0.715853522141171,0,0.715853522141171,1,0,"low MOD",0.371020133632668,"no"
517,0,1,2.73845464727761,0.953722970527325,0,0.953722970527325,1,0,"low MOD",0.278133875613327,"no"
518,0,1,3.90502282614728,0.684057781237082,0,0.684057781237082,1,0,"high MOD",0.519836331429486,"low"
519,0,1,3.65789382258075,0.68243362365653,0,0.68243362365653,1,0,"high MOD",0.482191290322454,"low"
520,0,1,2.24298838079934,0.715232196294507,0,0.715232196294507,1,0,"low MOD",0.256944628670397,"no"
521,0,1,2.86554215497022,0.808176366802437,0,0.808176366802437,1,0,"low MOD",0.331273477656395,"no"
522,0,1,2.71241520344253,0.580207835446563,0,0.580207835446563,1,0,"low MOD",0.360323607734259,"no"
523,0,1,2.30748563853151,0.880243670290633,0,0.880243670290633,1,0,"low MOD",0.228787712783932,"no"
524,0,1,2.57757144933755,0.81328536017988,0,0.81328536017988,1,0,"low MOD",0.285791293702728,"no"
525,0,1,2.61674310536077,0.745814013587321,0,0.745814013587321,1,0,"low MOD",0.307388013073814,"no"
526,0,1,2.04687432554914,0.511325083354553,0,0.511325083354553,1,0,"low MOD",0.273828723156509,"no"
527,0,1,2.83594280590435,0.902366263017255,0,0.902366263017255,1,0,"low MOD",0.304983601750534,"no"
528,0,1,1.93202028506219,0.528341987474929,0,0.528341987474929,1,0,"low MOD",0.252231892899968,"no"
529,0,1,2.4759760326538,0.874350211538191,0,0.874350211538191,1,0,"low MOD",0.256069340822541,"no"
530,0,1,4.10070017541941,0.813729008610872,0,0.813729008610872,1,0,"high MOD",0.520016409615862,"low"
531,0,1,3.21606276985304,0.754880928628183,0,0.754880928628183,1,0,"high MOD",0.397498673370886,"no"
532,0,1,2.4565687815674,0.542808086503327,0,0.542808086503327,1,0,"low MOD",0.329593331048063,"no"
533,0,1,1.94430491759,0.517199772678944,0,0.517199772678944,1,0,"low MOD",0.25669311670332,"no"
534,0,1,2.33229575926355,0.711562545441361,0,0.711562545441361,1,0,"low MOD",0.271531067861771,"no"
535,0,1,2.38308479271433,0.434383708806775,0,0.434383708806775,1,0,"low MOD",0.34330911223141,"no"
536,0,1,2.98547149994355,0.907487529426776,0,0.907487529426776,1,0,"low MOD",0.326806185508212,"no"
537,0,1,1.77452924752074,0.769603390658101,0,0.769603390658101,1,0,"low MOD",0.17232679408209,"no"
538,0,1,3.05628271986975,0.787697142968835,0,0.787697142968835,1,0,"high MOD",0.365344154679461,"no"
539,0,1,2.46076657651468,0.720019203401514,0,0.720019203401514,1,0,"low MOD",0.289344272524986,"no"
540,0,1,3.32942544989852,0.400902805070054,0,0.400902805070054,1,0,"high MOD",0.496626344968221,"low"
541,0,1,3.84139889615217,0.742062300135651,0,0.742062300135651,1,0,"high MOD",0.496662376299798,"low"
542,0,1,2.0432427323753,0.823952732712152,0,0.823952732712152,1,0,"low MOD",0.201125174354935,"no"
543,0,1,3.22034595486214,0.601604760008361,0,0.601604760008361,1,0,"high MOD",0.4335290484384,"low"
544,0,1,2.81127992349495,0.460318320113224,0,0.460318320113224,1,0,"low MOD",0.403200375896172,"low"
545,0,1,2.69973063196543,0.845483011337032,0,0.845483011337032,1,0,"low MOD",0.297154786916905,"no"
546,0,1,2.93906089420163,0.917910563008321,0,0.917910563008321,1,0,"low MOD",0.317260776875253,"no"
547,0,1,3.48132157171743,0.892588518534476,0,0.892588518534476,1,0,"high MOD",0.406529045217803,"low"
548,0,1,2.20655979556028,0.820798155098861,0,0.820798155098861,1,0,"low MOD",0.226978855832614,"no"
549,0,1,3.22607301109545,0.350698540070358,0,0.350698540070358,1,0,"high MOD",0.492311569383063,"low"
550,0,1,2.42291367950937,0.317000679995779,0,0.317000679995779,1,0,"low MOD",0.376525024540877,"no"
551,0,1,3.22608790791776,0.74510289825914,0,0.74510289825914,1,0,"high MOD",0.401297470850622,"low"
552,0,1,2.92432071420815,0.968378548872704,0,0.968378548872704,1,0,"low MOD",0.30334659859986,"no"
553,0,1,2.58912491034826,0.93671045897035,0,0.93671045897035,1,0,"low MOD",0.259086034137344,"no"
554,0,1,2.66338821298047,0.978080770901754,0,0.978080770901754,1,0,"low MOD",0.260964162558129,"no"
555,0,1,2.79406643048959,0.840666044061529,0,0.840666044061529,1,0,"low MOD",0.312779594522661,"no"
556,0,1,3.34216518336106,0.510583722506765,0,0.510583722506765,1,0,"high MOD",0.473275323015525,"low"
557,0,1,3.42273974787156,0.674218266374991,0,0.674218266374991,1,0,"high MOD",0.447909592047549,"low"
558,0,1,2.48043068830794,0.792694016076134,0,0.792694016076134,1,0,"low MOD",0.27559840987596,"no"
559,0,1,2.28983647345848,0.933085264169445,0,0.933085264169445,1,0,"low MOD",0.213878242646818,"no"
560,0,1,2.54747540018523,0.969052748674236,0,0.969052748674236,1,0,"low MOD",0.245214811872905,"no"
561,0,1,3.98975451082393,0.898675615615175,0,0.898675615615175,1,0,"high MOD",0.483344782677102,"low"
562,0,1,3.17239303950374,0.818714580931352,0,0.818714580931352,1,0,"high MOD",0.376049410477955,"no"
563,0,1,3.14568896961695,0.653467948192757,0,0.653467948192757,1,0,"high MOD",0.410074930358125,"low"
564,0,1,3.67761199403338,0.556161944904155,0,0.556161944904155,1,0,"high MOD",0.514364473334945,"low"
565,0,1,2.97558828579148,0.394500904041339,0,0.394500904041339,1,0,"low MOD",0.443667219958381,"low"
566,0,1,2.49559641146621,0.680807247294461,0,0.680807247294461,1,0,"low MOD",0.303751621619156,"no"
567,0,1,2.5999890775004,0.700386238111948,0,0.700386238111948,1,0,"low MOD",0.315293803128073,"no"
568,0,1,2.24013888977207,0.586418382957994,0,0.586418382957994,1,0,"low MOD",0.286232510051551,"no"
569,0,1,2.31291926918889,0.9399978741684,0,0.9399978741684,1,0,"low MOD",0.215834224297892,"no"
570,0,1,2.95078050382582,0.646565517909838,0,0.646565517909838,1,0,"low MOD",0.381681881070932,"no"
571,0,1,2.81682622425523,0.748068392210401,0,0.748068392210401,1,0,"low MOD",0.337649790144559,"no"
572,0,1,3.15472504195605,0.811306740777935,0,0.811306740777935,1,0,"high MOD",0.375040758582946,"no"
573,0,1,2.55147954030234,0.925835765440074,0,0.925835765440074,1,0,"low MOD",0.255803983406497,"no"
574,0,1,2.91600373391847,0.870265326963557,0,0.870265326963557,1,0,"low MOD",0.324708575918944,"no"
575,0,1,3.72467617979725,0.562959795321771,0,0.562959795321771,1,0,"high MOD",0.52003638258686,"low"
576,0,1,3.51104886409546,0.588195215737444,0,0.588195215737444,1,0,"high MOD",0.4813470831522,"low"
577,0,1,2.75581627401313,0.950193546121477,0,0.950193546121477,1,0,"low MOD",0.281619377666294,"no"
578,0,1,2.75924507379088,0.765216674450405,0,0.765216674450405,1,0,"low MOD",0.324833855710042,"no"
579,0,1,1.95663450719328,0.592855915238632,0,0.592855915238632,1,0,"low MOD",0.24113086682082,"no"
580,0,1,3.14906412215694,0.605474733910877,0,0.605474733910877,1,0,"high MOD",0.421669541737019,"low"
581,0,1,3.57460387699685,0.67928923152607,0,0.67928923152607,1,0,"high MOD",0.470103081493499,"low"
582,0,1,1.47478881126123,0.895944886124593,0,0.895944886124593,1,0,"low MOD",0.0970571510883599,"no"
583,0,1,2.12976983040221,0.496873008383961,0,0.496873008383961,1,0,"low MOD",0.289916971973272,"no"
584,0,1,2.20184639263468,0.580209228897792,0,0.580209228897792,1,0,"low MOD",0.281774238351998,"no"
585,0,1,2.91519923680624,0.757284941653237,0,0.757284941653237,1,0,"low MOD",0.35065720374252,"no"
586,0,1,3.25977194935708,0.848315164410553,0,0.848315164410553,1,0,"high MOD",0.382661415806346,"no"
587,0,1,2.96184930615061,0.842066401798836,0,0.842066401798836,1,0,"low MOD",0.338269185146516,"no"
588,0,1,3.10345341250965,0.96725593090276,0,0.96725593090276,1,0,"high MOD",0.331164540947001,"no"
589,0,1,3.05891591126307,0.459929801087029,0,0.459929801087029,1,0,"high MOD",0.441387878405004,"low"
590,0,1,2.35427272528041,0.372831999935887,0,0.372831999935887,1,0,"low MOD",0.353080726981013,"no"
591,0,1,1.87317650109434,0.878374741823664,0,0.878374741823664,1,0,"low MOD",0.162402213593668,"no"
592,0,1,2.42234267580202,0.756298720569473,0,0.756298720569473,1,0,"low MOD",0.275060706915048,"no"
593,0,1,3.15052923803037,0.820179696542906,0,0.820179696542906,1,0,"high MOD",0.372347645110155,"no"
594,0,1,3.08382191722745,0.37819076100229,0,0.37819076100229,1,0,"high MOD",0.464082427034464,"low"
595,0,1,3.05933843913359,0.714051665812352,0,0.714051665812352,1,0,"high MOD",0.38280937544847,"no"
596,0,1,3.1436590551367,0.801991156145067,0,0.801991156145067,1,0,"high MOD",0.375488049372169,"no"
597,0,1,3.20563251187111,0.221389752682612,0,0.221389752682612,1,0,"high MOD",0.519007366591876,"low"
598,0,1,2.33517342518282,0.761621180224722,0,0.761621180224722,1,0,"low MOD",0.26042179305319,"no"
599,0,1,2.59190115884421,0.810214821162484,0,0.810214821162484,1,0,"low MOD",0.288704450323151,"no"
600,0,1,3.66306364588557,0.822946357154929,0,0.822946357154929,1,0,"high MOD",0.450560632331259,"low"
601,0,1,3.57491133842528,0.735202107942915,0,0.735202107942915,1,0,"high MOD",0.457247411770908,"low"
602,0,1,2.75812962001476,0.930385769020353,0,0.930385769020353,1,0,"low MOD",0.286546302536035,"no"
603,0,1,3.60342246467329,0.81988593687445,0,0.81988593687445,1,0,"high MOD",0.442091316824864,"low"
604,0,1,2.19279854196176,0.886624218480108,0,0.886624218480108,1,0,"low MOD",0.209671109883322,"no"
605,0,1,2.65720498127026,0.748797670107314,0,0.748797670107314,1,0,"low MOD",0.312924380939891,"no"
606,0,1,3.59407447159501,0.990686509197285,0,0.990686509197285,1,0,"high MOD",0.401237647353705,"low"
607,0,1,4.4183383931473,0.364261165260496,0,0.364261165260496,1,0,"high MOD",0.672607176193317,"high"
608,0,1,2.84128395283971,0.815622640441765,0,0.815622640441765,1,0,"low MOD",0.325823075719548,"no"
609,0,1,3.63282290854393,0.498884544148517,0,0.498884544148517,1,0,"high MOD",0.520691706510947,"low"
610,0,1,2.90036416505301,0.762555835863738,0,0.762555835863738,1,0,"low MOD",0.347158524808831,"no"
611,0,1,1.50870837704355,0.832913068212972,0,0.832913068212972,1,0,"low MOD",0.116821349957553,"no"
612,0,1,3.59561626453372,0.770132053972598,0,0.770132053972598,1,0,"high MOD",0.45237202824228,"low"
613,0,1,3.7698599015321,0.87141212358682,0,0.87141212358682,1,0,"high MOD",0.455806417869518,"low"
614,0,1,1.73556066615125,0.979150794084373,0,0.979150794084373,1,0,"low MOD",0.117974534619184,"no"
615,0,1,3.86582015466501,0.923399859371888,0,0.923399859371888,1,0,"high MOD",0.458572363939565,"low"
616,0,1,3.2627321324163,0.815767190460212,0,0.815767190460212,1,0,"high MOD",0.390627899496304,"no"
617,0,1,3.0652972506479,0.841159603765687,0,0.841159603765687,1,0,"high MOD",0.354393514615288,"no"
618,0,1,2.31012695437134,0.859164720921575,0,0.859164720921575,1,0,"low MOD",0.234058441998304,"no"
619,0,1,2.56094889412168,0.66900566661575,0,0.66900566661575,1,0,"low MOD",0.316529291415085,"no"
620,0,1,3.26417742154019,0.588630710160641,0,0.588630710160641,1,0,"high MOD",0.443266362507574,"low"
621,0,1,2.57804960131384,0.765634570720942,0,0.765634570720942,1,0,"low MOD",0.296861191574219,"no"
622,0,1,3.59963572867318,0.779488557200339,0,0.779488557200339,1,0,"high MOD",0.450831214288103,"low"
623,0,1,2.79757030952014,0.841301710769864,0,0.841301710769864,1,0,"low MOD",0.313171960517745,"no"
624,0,1,2.91374960779219,0.460416600639085,0,0.460416600639085,1,0,"low MOD",0.418942262589779,"low"
625,0,1,1.97646004396343,0.628528740077577,0,0.628528740077577,1,0,"low MOD",0.235948759053394,"no"
626,0,1,3.2186890214264,0.78505055715258,0,0.78505055715258,1,0,"high MOD",0.390940490107313,"no"
627,0,1,2.4313052236198,0.85550479846601,0,0.85550479846601,1,0,"low MOD",0.253545850141659,"no"
628,0,1,2.50949435630851,0.473611547460788,0,0.473611547460788,1,0,"low MOD",0.35370415924882,"no"
629,0,1,2.91663828615521,0.71939563988155,0,0.71939563988155,1,0,"low MOD",0.359622280974291,"no"
630,0,1,3.01300146843087,0.38298800226874,0,0.38298800226874,1,0,"high MOD",0.452079917696578,"low"
631,0,1,3.68736017733773,0.773429466251363,0,0.773429466251363,1,0,"high MOD",0.465725535070875,"low"
632,0,1,2.75444985557423,0.9822710467927,0,0.9822710467927,1,0,"low MOD",0.274006659290028,"no"
633,0,1,2.23450710488963,0.652367583178204,0,0.652367583178204,1,0,"low MOD",0.270147035403434,"no"
634,0,1,3.77191919914174,0.48163268815376,0,0.48163268815376,1,0,"high MOD",0.546072333370939,"low"
635,0,1,2.68121911631487,0.506598545470347,0,0.506598545470347,1,0,"low MOD",0.3725109689399,"no"
636,0,1,2.21119216662632,0.5300666356184,0,0.5300666356184,1,0,"low MOD",0.294783417415187,"no"
637,0,1,4.10626027052819,0.870245839688839,0,0.870245839688839,1,0,"high MOD",0.50782946322999,"low"
638,0,1,1.83919733658931,0.623015534919402,0,0.623015534919402,1,0,"low MOD",0.216103697570802,"no"
639,0,1,2.14356363278103,0.678971349541776,0,0.678971349541776,1,0,"low MOD",0.250016401302826,"no"
640,0,1,2.19675717340552,0.817468587954197,0,0.817468587954197,1,0,"low MOD",0.226239121765265,"no"
641,0,1,3.22697139512693,0.698284705599521,0,0.698284705599521,1,0,"high MOD",0.412237590265792,"low"
642,0,1,3.644376886212,0.877156656267442,0,0.877156656267442,1,0,"high MOD",0.435175677201667,"low"
643,0,1,3.64326896994452,0.973150687733089,0,0.973150687733089,1,0,"high MOD",0.412852759745367,"low"
644,0,1,2.32297641939361,0.409993755404374,0,0.409993755404374,1,0,"low MOD",0.339690120967238,"no"
645,0,1,3.70470893737342,0.374250250468558,0,0.374250250468558,1,0,"high MOD",0.560512855641628,"low"
646,0,1,3.22485194187924,0.78905345586852,0,0.78905345586852,1,0,"high MOD",0.390964885857917,"no"
647,0,1,2.44919708621094,0.922943284131899,0,0.922943284131899,1,0,"low MOD",0.240735716925091,"no"
648,0,1,3.08208712169179,0.566722767034807,0,0.566722767034807,1,0,"high MOD",0.420308149406088,"low"
649,0,1,2.33785858355659,0.733527849005162,0,0.733527849005162,1,0,"low MOD",0.267317970776745,"no"
650,0,1,2.95183373896311,0.816454758759987,0,0.816454758759987,1,0,"low MOD",0.342638707818943,"no"
651,0,1,3.59159227331251,0.481505025728106,0,0.481505025728106,1,0,"high MOD",0.518359189956977,"low"
652,0,1,3.29484943097496,0.775753786742218,0,0.775753786742218,1,0,"high MOD",0.404802884747944,"low"
653,0,1,2.95476427870362,0.944052013397802,0,0.944052013397802,1,0,"low MOD",0.31364403978568,"no"
654,0,1,2.82431593351217,0.912906647099619,0,0.912906647099619,1,0,"low MOD",0.300762455825037,"no"
655,0,1,2.56460008537285,0.943761218180698,0,0.943761218180698,1,0,"low MOD",0.253685885861817,"no"
656,0,1,3.1161444847453,0.750828212750999,0,0.750828212750999,1,0,"high MOD",0.383061871633663,"no"
657,0,1,3.70138249580296,0.569868978417739,0,0.569868978417739,1,0,"high MOD",0.514858312027131,"low"
658,0,1,3.41057425272282,0.518889019855181,0,0.518889019855181,1,0,"high MOD",0.481883188144623,"low"
659,0,1,2.75720651557708,0.397068353843063,0,0.397068353843063,1,0,"low MOD",0.409477536124998,"low"
660,0,1,2.38702017262411,0.81711785186536,0,0.81711785186536,1,0,"low MOD",0.255591291511703,"no"
661,0,1,3.68762796256741,0.581547371974239,0,0.581547371974239,1,0,"high MOD",0.510047216093239,"low"
662,0,1,3.22918594480046,0.632748963244663,0,0.632748963244663,1,0,"high MOD",0.427701923066687,"low"
663,0,1,2.41252192818304,0.83160762945367,0,0.83160762945367,1,0,"low MOD",0.256170843692697,"no"
664,0,1,3.79698610928392,0.982031220585978,0,0.982031220585978,1,0,"high MOD",0.434452196677686,"low"
665,0,1,2.22044366740135,0.731664399865168,0,0.731664399865168,1,0,"low MOD",0.249684164246707,"no"
666,0,1,2.01838878358476,0.293766679469524,0,0.293766679469524,1,0,"low MOD",0.319652117596996,"no"
667,0,1,2.63348326181633,0.834657357707208,0,0.834657357707208,1,0,"low MOD",0.289461111577771,"no"
668,0,1,4.27886418098022,0.849431868430574,0,0.849431868430574,1,0,"high MOD",0.539187135128363,"low"
669,0,1,3.22351796023535,0.742839240208195,0,0.742839240208195,1,0,"high MOD",0.40142447691124,"low"
670,0,1,3.25958852889114,0.382860214994739,0,0.382860214994739,1,0,"high MOD",0.490045877907543,"low"
671,0,1,3.03119557005064,0.547893803140171,0,0.547893803140171,1,0,"high MOD",0.416823825436983,"low"
672,0,1,3.47140819849535,0.701007457443256,0,0.701007457443256,1,0,"high MOD",0.449214924973918,"low"
673,0,1,2.52579956823999,0.874366646893461,0,0.874366646893461,1,0,"low MOD",0.263730707369199,"no"
674,0,1,2.1500889271546,0.785896306412496,0,0.785896306412496,1,0,"low MOD",0.226345302697824,"no"
675,0,1,1.84420531736721,0.355842499793678,0,0.355842499793678,1,0,"low MOD",0.27852947195026,"no"
676,0,1,2.73844689329844,0.690582709843656,0,0.690582709843656,1,0,"low MOD",0.338857358235839,"no"
677,0,1,2.63268464004998,0.994043442953743,0,0.994043442953743,1,0,"low MOD",0.252556842402979,"no"
678,0,1,1.90646282607522,0.846587258834309,0,0.846587258834309,1,0,"low MOD",0.174858759665194,"no"
679,0,1,3.5971929612609,0.566814698236924,0,0.566814698236924,1,0,"high MOD",0.499533986754694,"low"
680,0,1,3.06080631022795,0.780562565336632,0,0.780562565336632,1,0,"high MOD",0.367686532649692,"no"
681,0,1,2.28801568545547,0.545661112606535,0,0.545661112606535,1,0,"low MOD",0.30300369485318,"no"
682,0,1,3.9642856809701,0.759423049834489,0,0.759423049834489,1,0,"high MOD",0.51156170864898,"low"
683,0,1,3.84750173353908,0.770231000592092,0,0.770231000592092,1,0,"high MOD",0.491100805023221,"low"
684,0,1,3.69867987327024,0.890662857075901,0,0.890662857075901,1,0,"high MOD",0.440413167331752,"low"
685,0,1,3.34686574260418,0.866959197555992,0,0.866959197555992,1,0,"high MOD",0.391757991733876,"no"
686,0,1,4.05192615017142,0.533777808848092,0,0.533777808848092,1,0,"high MOD",0.577116836446043,"low"
687,0,1,3.52211971015659,0.657247273102788,0,0.657247273102788,1,0,"high MOD",0.467115200077294,"low"
688,0,1,2.90351722173836,0.616406247642832,0,0.616406247642832,1,0,"low MOD",0.38137043850371,"no"
689,0,1,3.65945130843402,0.575876983644532,0,0.575876983644532,1,0,"high MOD",0.507020897379573,"low"
690,0,1,3.90936141128689,0.895998527175185,0,0.895998527175185,1,0,"high MOD",0.471594403157556,"low"
691,0,1,3.12046401759163,0.633906227336093,0,0.633906227336093,1,0,"high MOD",0.410708411782691,"low"
692,0,1,3.20676650992191,0.555830514598803,0,0.555830514598803,1,0,"high MOD",0.442003190465185,"low"
693,0,1,2.43297653996429,0.981488827148687,0,0.981488827148687,1,0,"low MOD",0.224729738344809,"no"
694,0,1,2.41024203974608,0.763484258838652,0,0.763484258838652,1,0,"low MOD",0.271540869459709,"no"
695,0,1,3.63614136842603,0.849978314096255,0,0.849978314096255,1,0,"high MOD",0.440180599581792,"low"
696,0,1,2.92646973618548,0.625592858604996,0,0.625592858604996,1,0,"low MOD",0.382781607427382,"no"
697,0,1,2.65851185766039,0.930273922519841,0,0.930273922519841,1,0,"low MOD",0.271246303673943,"no"
698,0,1,3.10008613289069,0.858444790484644,0,0.858444790484644,1,0,"high MOD",0.355756761102111,"no"
699,0,1,3.85829192231868,0.672007520254067,0,0.672007520254067,1,0,"high MOD",0.51542779106732,"low"
700,0,1,3.7531896906335,0.957057260017063,0,0.957057260017063,1,0,"high MOD",0.433477507785832,"low"
701,0,1,2.69743287535998,0.574157611062239,0,0.574157611062239,1,0,"low MOD",0.35941483981025,"no"
702,0,1,4.11665225401158,0.668705300090353,0,0.668705300090353,1,0,"high MOD",0.555937585211699,"low"
703,0,1,3.5804916762558,0.165496181290673,0,0.165496181290673,1,0,"high MOD",0.589576523741506,"low"
704,0,1,3.46201565396818,0.577426014606478,0,0.577426014606478,1,0,"high MOD",0.476288712624379,"low"
705,0,1,3.55125700750697,0.842800996573631,0,0.842800996573631,1,0,"high MOD",0.428777771176389,"low"
706,0,1,3.21173452322722,0.908271474295949,0,0.908271474295949,1,0,"high MOD",0.361434971043584,"no"
707,0,1,2.9831865115089,0.345464832937309,0,0.345464832937309,1,0,"low MOD",0.456152194169682,"low"
708,0,1,3.0361467816894,0.75934776285703,0,0.75934776285703,1,0,"high MOD",0.368788482677516,"no"
709,0,1,1.56292943842842,0.811226341922183,0,0.811226341922183,1,0,"low MOD",0.1301676808531,"no"
710,0,1,3.33358635942589,0.49007252599673,0,0.49007252599673,1,0,"high MOD",0.476688856989353,"low"
711,0,1,2.80101032768647,0.809085045068706,0,0.809085045068706,1,0,"low MOD",0.321135809243601,"no"
712,0,1,3.22177726996317,0.707164750691191,0,0.707164750691191,1,0,"high MOD",0.409389252911751,"low"
713,0,1,4.38700558940558,0.891862398466179,0,0.891862398466179,1,0,"high MOD",0.546032614108663,"low"
714,0,1,2.77011834658398,0.893641651839585,0,0.893641651839585,1,0,"low MOD",0.296870133665324,"no"
715,0,1,3.17760093305937,0.837131735585994,0,0.837131735585994,1,0,"high MOD",0.37260051225852,"no"
716,0,1,2.09851918265369,0.743637190051578,0,0.743637190051578,1,0,"low MOD",0.228163599627127,"no"
717,0,1,3.32044560756831,0.79525322748368,0,0.79525322748368,1,0,"high MOD",0.40424088712966,"low"
718,0,1,3.92131174728908,0.524512877256077,0,0.524512877256077,1,0,"high MOD",0.559160374062302,"low"
719,0,1,1.77827467468841,0.933695759843499,0,0.933695759843499,1,0,"low MOD",0.135035543834333,"no"
720,0,1,2.35097579765741,0.876149730757086,0,0.876149730757086,1,0,"low MOD",0.236423261772582,"no"
721,0,1,3.52949820272223,0.948090303293832,0,0.948090303293832,1,0,"high MOD",0.401132730427921,"low"
722,0,1,3.09374816728888,0.911467671289523,0,0.911467671289523,1,0,"high MOD",0.342545640054553,"no"
723,0,1,3.67243641715182,0.838558470184797,0,0.838558470184797,1,0,"high MOD",0.448399801826865,"low"
724,0,1,2.88244515947936,0.926365898249172,0,0.926365898249172,1,0,"low MOD",0.306599432631632,"no"
725,0,1,3.09929810920082,0.710221042025619,0,0.710221042025619,1,0,"high MOD",0.389841007101906,"no"
726,0,1,3.4963223281694,0.614491395716198,0,0.614491395716198,1,0,"high MOD",0.473013113014631,"low"
727,0,1,2.51352418748617,0.835537471051289,0,0.835537471051289,1,0,"low MOD",0.270802766293729,"no"
728,0,1,1.87856664748977,0.960753779485178,0,0.960753779485178,1,0,"low MOD",0.144220919732615,"no"
729,0,1,2.47867706056802,0.372722511267824,0,0.372722511267824,1,0,"low MOD",0.372245122102505,"no"
730,0,1,2.26325336819612,0.427227624990255,0,0.427227624990255,1,0,"low MOD",0.326524912417036,"no"
731,0,1,1.69738673853956,0.92778954426512,0,0.92778954426512,1,0,"low MOD",0.123954218791058,"no"
732,0,1,3.24415921430146,0.366979211865085,0,0.366979211865085,1,0,"high MOD",0.491336984077513,"low"
733,0,1,2.90553950008668,0.796867513282578,0,0.796867513282578,1,0,"low MOD",0.340036650794279,"no"
734,0,1,2.10056664348551,0.496484510705282,0,0.496484510705282,1,0,"low MOD",0.285513827296552,"no"
735,0,1,2.6444923070392,0.121418378614353,0,0.121418378614353,1,0,"low MOD",0.455748421402718,"low"
736,0,1,4.24267515118525,0.784732329390033,0,0.784732329390033,1,0,"high MOD",0.548550254938492,"low"
737,0,1,2.83035441304418,0.866569014923115,0,0.866569014923115,1,0,"low MOD",0.312384752409155,"no"
738,0,1,3.19501553805897,0.528351810715712,0,0.528351810715712,1,0,"high MOD",0.446536587997755,"low"
739,0,1,3.63065178497811,0.496584092975553,0,0.496584092975553,1,0,"high MOD",0.520888560848427,"low"
740,0,1,2.11649986173842,0.709599739783775,0,0.709599739783775,1,0,"low MOD",0.238784654163501,"no"
741,0,1,2.01905838977525,0.800577802774452,0,0.800577802774452,1,0,"low MOD",0.202798720863626,"no"
742,0,1,3.58847527999686,0.943766282783778,0,0.943766282783778,1,0,"high MOD",0.411203977818645,"low"
743,0,1,2.28372471226389,0.954239346418903,0,0.954239346418903,1,0,"low MOD",0.208056260405467,"no"
744,0,1,3.52593477359251,0.890978954668839,0,0.890978954668839,1,0,"high MOD",0.413764052552193,"low"
745,0,1,3.74544766083403,0.929132514294522,0,0.929132514294522,1,0,"high MOD",0.438730598368037,"low"
746,0,1,2.32897783358805,0.634320966506345,0,0.634320966506345,1,0,"low MOD",0.288845597512082,"no"
747,0,1,3.67826285872039,0.666712035027495,0,0.666712035027495,1,0,"high MOD",0.488953047104484,"low"
748,0,1,3.10150091265804,0.8933836230149,0,0.8933836230149,1,0,"high MOD",0.347911612020876,"no"
749,0,1,3.45439005267313,0.446196719745176,0,0.446196719745176,1,0,"high MOD",0.505399226623902,"low"
750,0,1,2.87524338185056,0.594587985402965,0,0.594587985402965,1,0,"low MOD",0.382055600576325,"no"
751,0,1,2.34752725140877,0.462160951399153,0,0.462160951399153,1,0,"low MOD",0.33142858835539,"no"
752,0,1,3.52124167479103,0.470851422171681,0,0.470851422171681,1,0,"high MOD",0.509994544851309,"low"
753,0,1,2.15127077707674,0.381044306310772,0,0.381044306310772,1,0,"low MOD",0.319954510401627,"no"
754,0,1,1.60025415372129,0.84693274484184,0,0.84693274484184,1,0,"low MOD",0.127670005609004,"no"
755,0,1,2.03170130837698,0.913397272606439,0,0.913397272606439,1,0,"low MOD",0.178708522994973,"no"
756,0,1,2.68635325225873,0.802769659323466,0,0.802769659323466,1,0,"low MOD",0.304953655888236,"no"
757,0,1,3.49328778799806,0.921812548264693,0,0.921812548264693,1,0,"high MOD",0.40162599470785,"low"
758,0,1,3.18312792775883,0.813582971535035,0,0.813582971535035,1,0,"high MOD",0.378885149300966,"no"
759,0,1,2.4416207897627,0.862693147384683,0,0.862693147384683,1,0,"low MOD",0.253474010567027,"no"
760,0,1,3.35922044034886,0.673453012391025,0,0.673453012391025,1,0,"high MOD",0.438313987963434,"low"
761,0,1,3.95820705495052,0.933138629823212,0,0.933138629823212,1,0,"high MOD",0.47053832464857,"low"
762,0,1,3.86788569311041,0.913628967816218,0,0.913628967816218,1,0,"high MOD",0.461144960213244,"low"
763,0,1,1.99612211112076,0.860955638559891,0,0.860955638559891,1,0,"low MOD",0.185336715889373,"no"
764,0,1,3.72062036369733,0.805445988714845,0,0.805445988714845,1,0,"high MOD",0.463454058557702,"low"
765,0,1,2.68777837470687,0.996273955926051,0,0.996273955926051,1,0,"low MOD",0.260518067818123,"no"
766,0,1,2.1193806537028,0.848657409362056,0,0.848657409362056,1,0,"low MOD",0.207137621486111,"no"
767,0,1,3.22682858795069,0.516104333004457,0,0.516104333004457,1,0,"high MOD",0.454257244376,"low"
768,0,1,3.3102129727855,0.603619026932421,0,0.603619026932421,1,0,"high MOD",0.446889912674904,"low"
769,0,1,3.26536159584486,0.945776993930663,0,0.945776993930663,1,0,"high MOD",0.361030169992133,"no"
770,0,1,2.57825408212164,0.774344744829873,0,0.774344744829873,1,0,"low MOD",0.294882609981051,"no"
771,0,1,3.44760934378309,0.726033164832522,0,0.726033164832522,1,0,"high MOD",0.439778399466817,"low"
772,0,1,2.86119986946673,0.952504859325782,0,0.952504859325782,1,0,"low MOD",0.297298858535086,"no"
773,0,1,2.2292950269153,0.747812721443664,0,0.747812721443664,1,0,"low MOD",0.247319376115355,"no"
774,0,1,3.0997042326037,0.728305763897933,0,0.728305763897933,1,0,"high MOD",0.385730090270277,"no"
775,0,1,4.39949498940072,0.404416689415528,0,0.404416689415528,1,0,"high MOD",0.660441531581143,"high"
776,0,1,3.11382605892925,0.955875625471568,0,0.955875625471568,1,0,"high MOD",0.335386557034139,"no"
777,0,1,3.49320250002431,0.51478104247576,0,0.51478104247576,1,0,"high MOD",0.495543220970872,"low"
778,0,1,2.67241457979413,0.629261739584731,0,0.629261739584731,1,0,"low MOD",0.342849533910313,"no"
779,0,1,3.54761074490859,0.565271624577841,0,0.565271624577841,1,0,"high MOD",0.492262047391051,"low"
780,0,1,2.25357162747355,0.898197271333843,0,0.898197271333843,1,0,"low MOD",0.216350110841966,"no"
781,0,1,3.32542579963217,0.863597637968105,0,0.863597637968105,1,0,"high MOD",0.389235283489233,"no"
782,0,1,3.00160646402546,0.733989514269533,0,0.733989514269533,1,0,"high MOD",0.369326491172487,"no"
783,0,1,3.31308622082365,0.967360987346458,0,0.967360987346458,1,0,"high MOD",0.363391498431379,"no"
784,0,1,3.56074985088663,0.99900178423953,0,0.99900178423953,1,0,"high MOD",0.394191873004206,"no"
785,0,1,3.78052168726578,0.755347654571955,0,0.755347654571955,1,0,"high MOD",0.484230800831976,"low"
786,0,1,2.65074307271228,0.353640479779631,0,0.353640479779631,1,0,"low MOD",0.403120362006589,"low"
787,0,1,2.55674973994661,0.893332979669929,0,0.893332979669929,1,0,"low MOD",0.264115426221803,"no"
788,0,1,1.65765894843408,0.7335334338181,0,0.7335334338181,1,0,"low MOD",0.162670584262605,"no"
789,0,1,3.78143422289082,0.676579178820927,0,0.676579178820927,1,0,"high MOD",0.502548531486066,"low"
790,0,1,3.82365840151239,0.567506875326887,0,0.567506875326887,1,0,"high MOD",0.534215090541856,"low"
791,0,1,2.7177879454417,0.84706267150716,0,0.84706267150716,1,0,"low MOD",0.299568298181686,"no"
792,0,1,2.33987927498566,0.454578864001488,0,0.454578864001488,1,0,"low MOD",0.332001689074374,"no"
793,0,1,2.68680254845495,0.961339333365283,0,0.961339333365283,1,0,"low MOD",0.268429776678004,"no"
794,0,1,3.67321852283902,0.380597155504129,0,0.380597155504129,1,0,"high MOD",0.554203506089665,"low"
795,0,1,2.19243412059656,0.985625274647241,0,0.985625274647241,1,0,"low MOD",0.186768647480877,"no"
796,0,1,3.87061953968594,0.901016053363425,0,0.901016053363425,1,0,"high MOD",0.464476224560124,"low"
797,0,1,1.90981837817729,0.973828347389403,0,0.973828347389403,1,0,"low MOD",0.146011670322029,"no"
798,0,1,3.93378902110278,0.606744082611272,0,0.606744082611272,1,0,"high MOD",0.54210352264398,"low"
799,0,1,2.97137503525608,0.790817526449745,0,0.790817526449745,1,0,"low MOD",0.351561345474071,"no"
800,0,1,3.25810831278645,0.843430622933594,0,0.843430622933594,1,0,"high MOD",0.383532673597855,"no"
801,0,1,3.47137957053313,0.683187560913857,0,0.683187560913857,1,0,"high MOD",0.453322804486515,"low"
802,0,1,3.5609006759101,0.889935091606449,0,0.889935091606449,1,0,"high MOD",0.41938431361545,"low"
803,0,1,3.60427808733217,0.834033898350101,0,0.834033898350101,1,0,"high MOD",0.438958036893387,"low"
804,0,1,2.73079635221155,0.573485945116903,0,0.573485945116903,1,0,"low MOD",0.364702682236337,"no"
805,0,1,3.51916826639196,0.547217056532018,0,0.547217056532018,1,0,"high MOD",0.492052720245221,"low"
806,0,1,2.74745921394625,0.684777047306636,0,0.684777047306636,1,0,"low MOD",0.341583637382507,"no"
807,0,1,2.30364858964187,0.714550802476088,0,0.714550802476088,1,0,"low MOD",0.266434213219652,"no"
808,0,1,3.2170692684885,0.933313387355289,0,0.933313387355289,1,0,"high MOD",0.356476798070087,"no"
809,0,1,3.97178381103886,0.939890575686652,0,0.939890575686652,1,0,"high MOD",0.471068915001366,"low"
810,0,1,1.81640026764248,0.988431841967438,0,0.988431841967438,1,0,"low MOD",0.128269616106357,"no"
811,0,1,2.75511840289354,0.727486734533037,0,0.727486734533037,1,0,"low MOD",0.332905892475998,"no"
812,0,1,2.4886479388018,0.985459254491137,0,0.985459254491137,1,0,"low MOD",0.232378316471553,"no"
813,0,1,3.61389958583338,0.716287229559281,0,0.716287229559281,1,0,"high MOD",0.467610575614532,"low"
814,0,1,2.84118387255361,0.875632552303008,0,0.875632552303008,1,0,"low MOD",0.311959237553707,"no"
815,0,1,3.64116597195302,0.712255646816226,0,0.712255646816226,1,0,"high MOD",0.47273576949672,"low"
816,0,1,3.36399867512288,0.402116707173971,0,0.402116707173971,1,0,"high MOD",0.501665171440295,"low"
817,0,1,3.54296613174325,0.520377694774833,0,0.520377694774833,1,0,"high MOD",0.501907629166308,"low"
818,0,1,2.99053791407478,0.7217164077582,0,0.7217164077582,1,0,"low MOD",0.37045589268269,"no"
819,0,1,3.16293876797744,0.521091932354173,0,0.521091932354173,1,0,"high MOD",0.443277056837874,"low"
820,0,1,2.51219922684011,0.513233262837189,0,0.513233262837189,1,0,"low MOD",0.344976820397588,"no"
821,0,1,3.57955131302837,0.551333148379483,0,0.551333148379483,1,0,"high MOD",0.50039255237833,"low"
822,0,1,3.74798334129627,0.894575558031765,0,0.894575558031765,1,0,"high MOD",0.447095385269019,"low"
823,0,1,2.84504220805472,0.64325827667268,0,0.64325827667268,1,0,"low MOD",0.366177660468569,"no"
824,0,1,3.23909911159274,0.841033082423041,0,0.841033082423041,1,0,"high MOD",0.381161459685873,"no"
825,0,1,1.77729567198448,0.654968206051755,0,0.654968206051755,1,0,"low MOD",0.199206671216438,"no"
826,0,1,2.7327438219463,0.418738690397267,0,0.418738690397267,1,0,"low MOD",0.400713197900061,"low"
827,0,1,3.19221947379214,0.982371153461508,0,0.982371153461508,1,0,"high MOD",0.341332729784597,"no"
828,0,1,3.47802564820174,0.734023591592337,0,0.734023591592337,1,0,"high MOD",0.442613886278959,"low"
829,0,1,3.18463458527082,0.911870285081807,0,0.911870285081807,1,0,"high MOD",0.356435255022787,"no"
830,0,1,2.44767955986145,0.312683989767716,0,0.312683989767716,1,0,"low MOD",0.381331319263057,"no"
831,0,1,3.03348597319372,0.824411923635315,0,0.824411923635315,1,0,"high MOD",0.353364321190884,"no"
832,0,1,3.33984403238889,0.719239252635357,0,0.719239252635357,1,0,"high MOD",0.424766946682439,"low"
833,0,1,2.8063814554538,0.711352329964649,0,0.711352329964649,1,0,"low MOD",0.344515840077973,"no"
834,0,1,4.00590312011996,0.895743253262304,0,0.895743253262304,1,0,"high MOD",0.486505883111769,"low"
835,0,1,3.29899728087144,0.932429890860636,0,0.932429890860636,1,0,"high MOD",0.36928499147392,"no"
836,0,1,4.0377009012765,0.580326592346758,0,0.580326592346758,1,0,"high MOD",0.564186309654825,"low"
837,0,1,2.80944709040138,0.892726425952297,0,0.892726425952297,1,0,"low MOD",0.30313191561122,"no"
838,0,1,3.94795023290914,0.570685133955939,0,0.570685133955939,1,0,"high MOD",0.552603466457728,"low"
839,0,1,3.4886610059073,0.555572452508637,0,0.555572452508637,1,0,"high MOD",0.485431127252977,"low"
840,0,1,2.36690930447789,0.700564194432988,0,0.700564194432988,1,0,"low MOD",0.279394309665909,"no"
841,0,1,2.62977249195961,0.929359550878764,0,0.929359550878764,1,0,"low MOD",0.267035871637148,"no"
842,0,1,3.95224837803619,0.915714050132693,0,0.915714050132693,1,0,"high MOD",0.473642661974946,"low"
843,0,1,2.58870759091091,0.611651316246821,0,0.611651316246821,1,0,"low MOD",0.334035479467797,"no"
844,0,1,2.52135531064321,0.677990863978886,0,0.677990863978886,1,0,"low MOD",0.308364463796135,"no"
845,0,1,3.78130030307739,0.848568094681657,0,0.848568094681657,1,0,"high MOD",0.462838178623832,"low"
846,0,1,2.54915771748377,0.847955966954018,0,0.847955966954018,1,0,"low MOD",0.273419041085037,"no"
847,0,1,2.605252752158,0.63707904643326,0,0.63707904643326,1,0,"low MOD",0.330712951155094,"no"
848,0,1,1.40312109596314,0.896390304530784,0,0.896390304530784,1,0,"low MOD",0.0859285598718399,"no"
849,0,1,2.41965038396727,0.88382745895458,0,0.88382745895458,1,0,"low MOD",0.245216799313139,"no"
850,0,1,2.82730788418028,0.953922269135494,0,0.953922269135494,1,0,"low MOD",0.291757612381082,"no"
851,0,1,2.68417376213345,0.853931974660486,0,0.853931974660486,1,0,"low MOD",0.292811661560419,"no"
852,0,1,3.80982314063357,0.683059693121314,0,0.683059693121314,1,0,"high MOD",0.505420553992554,"low"
853,0,1,2.83486620612111,0.637867092361687,0,0.637867092361687,1,0,"low MOD",0.365856241165935,"no"
854,0,1,2.51218214673257,0.975029870156364,0,0.975029870156364,1,0,"low MOD",0.238405744845849,"no"
855,0,1,3.08997162250071,0.965088147895329,0,0.965088147895329,1,0,"high MOD",0.329590677024264,"no"
856,0,1,2.64513770371032,0.320743752902914,0,0.320743752902914,1,0,"low MOD",0.409849549900916,"low"
857,0,1,2.63102990587838,0.699889334077162,0,0.699889334077162,1,0,"low MOD",0.320183985348097,"no"
858,0,1,3.41578566848913,0.919230144427899,0,0.919230144427899,1,0,"high MOD",0.390298531053428,"no"
859,0,1,2.68722015958015,0.92665881904517,0,0.92665881904517,1,0,"low MOD",0.276497220155753,"no"
860,0,1,1.65755157568469,0.59895001723557,0,0.59895001723557,1,0,"low MOD",0.193711776897129,"no"
861,0,1,4.24006498204196,0.510890455112123,0,0.510890455112123,1,0,"high MOD",0.611342969134427,"high"
862,0,1,2.36570916481198,0.833565261731157,0,0.833565261731157,1,0,"low MOD",0.248517118802345,"no"
863,0,1,2.13630265211587,0.738161459336842,0,0.738161459336842,1,0,"low MOD",0.235240071247786,"no"
864,0,1,3.39861628006356,0.846162598812252,0,0.846162598812252,1,0,"high MOD",0.404518827976182,"low"
865,0,1,2.17452682774768,0.968116501174585,0,0.968116501174585,1,0,"low MOD",0.188054165536277,"no"
866,0,1,2.47023222219631,0.831898720201707,0,0.831898720201707,1,0,"low MOD",0.264982175675961,"no"
867,0,1,2.22530187298469,0.530034113798849,0,0.530034113798849,1,0,"low MOD",0.296961646505602,"no"
868,0,1,1.76606665463487,0.936409923351708,0,0.936409923351708,1,0,"low MOD",0.132531041478047,"no"
869,0,1,1.71619865164016,0.861553960393367,0,0.861553960393367,1,0,"low MOD",0.142133494007709,"no"
870,0,1,2.68014646781026,0.850408474134348,0,0.850408474134348,1,0,"low MOD",0.293005193324422,"no"
871,0,1,2.93761945551813,0.803807424512303,0,0.803807424512303,1,0,"low MOD",0.343370510576873,"no"
872,0,1,3.05841247342375,0.636902372976193,0,0.636902372976193,1,0,"high MOD",0.40047060214761,"low"
873,0,1,4.41997728575614,0.888911010196454,0,0.888911010196454,1,0,"high MOD",0.551786272378686,"low"
874,0,1,2.33126948246019,0.819719368415745,0,0.819719368415745,1,0,"low MOD",0.24641391228255,"no"
875,0,1,4.12985983386115,0.841053227330651,0,0.841053227330651,1,0,"high MOD",0.518196921979257,"low"
876,0,1,3.63309731058374,0.959697440523786,0,0.959697440523786,1,0,"high MOD",0.414392484584317,"low"
877,0,1,2.41705625664593,0.610654393010011,0,0.610654393010011,1,0,"low MOD",0.307857641097063,"no"
878,0,1,2.61573526848487,0.68077454375295,0,0.68077454375295,1,0,"low MOD",0.322242069670068,"no"
879,0,1,4.11528360171589,0.77583610592758,0,0.77583610592758,1,0,"high MOD",0.53100452966531,"low"
880,0,1,2.64450591826259,0.815867468530548,0,0.815867468530548,1,0,"low MOD",0.295493033148734,"no"
881,0,1,2.63943630602045,0.876306572480477,0,0.876306572480477,1,0,"low MOD",0.280765607276883,"no"
882,0,1,2.33322924809747,0.881742067477862,0,0.881742067477862,1,0,"low MOD",0.232402484135489,"no"
883,0,1,1.56351707070594,0.759257072188355,0,0.759257072188355,1,0,"low MOD",0.142250994218986,"no"
884,0,1,3.37248899338507,0.794473420963386,0,0.794473420963386,1,0,"high MOD",0.412427517221538,"low"
885,0,1,4.22048944225065,0.550464562261622,0,0.550464562261622,1,0,"high MOD",0.599198861362803,"low"
886,0,1,4.03181053594038,0.55248621610524,0,0.55248621610524,1,0,"high MOD",0.569704801812695,"low"
887,0,1,2.54659359142761,0.481241938357674,0,0.481241938357674,1,0,"low MOD",0.357650874444785,"no"
888,0,1,3.14918270379417,0.479123136354172,0,0.479123136354172,1,0,"high MOD",0.450845846040448,"low"
889,0,1,3.97260400147387,0.875382449994197,0,0.875382449994197,1,0,"high MOD",0.486081588689627,"low"
890,0,1,2.9797931666722,0.991084313120121,0,0.991084313120121,1,0,"low MOD",0.306641030306464,"no"
891,0,1,2.84539364656559,0.685856617686695,0,0.685856617686695,1,0,"low MOD",0.356401341543931,"no"
892,0,1,2.62229504493862,0.924328524699462,0,0.924328524699462,1,0,"low MOD",0.267046501213758,"no"
893,0,1,3.67374931458539,0.566058244281044,0,0.566058244281044,1,0,"high MOD",0.511486453563666,"low"
894,0,1,2.40401943252095,0.88584262208061,0,0.88584262208061,1,0,"low MOD",0.242346999907698,"no"
895,0,1,3.35716436280065,0.83353897877447,0,0.83353897877447,1,0,"high MOD",0.401054753021377,"low"
896,0,1,3.41909570156458,0.959892250649811,0,0.959892250649811,1,0,"high MOD",0.381424203936902,"no"
897,0,1,4.03437376864275,0.444745774451723,0,0.444745774451723,1,0,"high MOD",0.594962324148486,"low"
898,0,1,2.10294108803221,0.987845224455584,0,0.987845224455584,1,0,"low MOD",0.172488192515205,"no"
899,0,1,2.44731380619144,0.99066509091602,0,0.99066509091602,1,0,"low MOD",0.224817872279601,"no"
900,0,1,3.32398683677245,0.701567784823406,0,0.701567784823406,1,0,"high MOD",0.426405409159592,"low"
901,0,1,3.42929342297365,0.392566570215519,0,0.392566570215519,1,0,"high MOD",0.513914395023134,"low"
902,0,1,2.75540272667359,0.66208973120712,0,0.66208973120712,1,0,"low MOD",0.34804125074814,"no"
903,0,1,4.62821111333045,0.652007259515353,0,0.652007259515353,1,0,"high MOD",0.63849234216268,"high"
904,0,1,3.00334014278192,0.621577097399009,0,0.621577097399009,1,0,"high MOD",0.395534537951294,"no"
905,0,1,2.02006605434291,0.611337678862677,0,0.611337678862677,1,0,"low MOD",0.246624544007523,"no"
906,0,1,3.73441491594737,0.906797172121067,0,0.906797172121067,1,0,"high MOD",0.442187562733195,"low"
907,0,1,3.06906606598647,0.936130025298381,0,0.936130025298381,1,0,"high MOD",0.333057081236754,"no"
908,0,1,2.25208653968073,0.982151174613305,0,0.982151174613305,1,0,"low MOD",0.196747658117041,"no"
909,0,1,2.64091839329837,0.540456856124554,0,0.540456856124554,1,0,"low MOD",0.358497401401775,"no"
910,0,1,3.22564558935398,0.839982619755896,0,0.839982619755896,1,0,"high MOD",0.379334101495406,"no"
911,0,1,2.63608946972705,0.861922767940086,0,0.861922767940086,1,0,"low MOD",0.283570048894911,"no"
912,0,1,2.41115561546506,0.491586807447835,0,0.491586807447835,1,0,"low MOD",0.334426985275894,"no"
913,0,1,2.48404329616999,0.805587386039096,0,0.805587386039096,1,0,"low MOD",0.273178802632515,"no"
914,0,1,3.11082862050428,0.644334677094888,0,0.644334677094888,1,0,"high MOD",0.406819477671069,"low"
915,0,1,2.4241853663095,0.900933048768769,0,0.900933048768769,1,0,"low MOD",0.241967045100976,"no"
916,0,1,3.67924578921555,0.918156201070267,0,0.918156201070267,1,0,"high MOD",0.431078690401561,"low"
917,0,1,1.70023674718479,0.871382490248174,0,0.871382490248174,1,0,"low MOD",0.137409694125004,"no"
918,0,1,3.25569956422807,0.938567370856822,0,0.938567370856822,1,0,"high MOD",0.361207462760437,"no"
919,0,1,3.70974707955986,0.915126878536485,0,0.915126878536485,1,0,"high MOD",0.436470271039252,"low"
920,0,1,3.34497846527789,0.730030240472094,0,0.730030240472094,1,0,"high MOD",0.42306663147227,"low"
921,0,1,1.84726188051232,0.798644835845265,0,0.798644835845265,1,0,"low MOD",0.176814557960681,"no"
922,0,1,3.44010967294117,0.687748798007482,0,0.687748798007482,1,0,"high MOD",0.447459457835376,"low"
923,0,1,2.6072872918892,0.290391280932055,0,0.290391280932055,1,0,"low MOD",0.411030826229402,"low"
924,0,1,1.47275432721247,0.533052507906609,0,0.533052507906609,1,0,"low MOD",0.180488548515777,"no"
925,0,1,2.86170656935404,0.811731987779468,0,0.811731987779468,1,0,"low MOD",0.329862859643821,"no"
926,0,1,3.5186301224141,0.756374576932627,0,0.756374576932627,1,0,"high MOD",0.443702808771563,"low"
927,0,1,2.37781684363815,0.692688865090742,0,0.692688865090742,1,0,"low MOD",0.282889776308005,"no"
928,0,1,1.66508411623492,0.762797623092766,0,0.762797623092766,1,0,"low MOD",0.157059643322426,"no"
929,0,1,3.73876758569758,0.701198223620067,0,0.701198223620067,1,0,"high MOD",0.490303115425766,"low"
930,0,1,3.21418291171257,0.606741356414262,0,0.606741356414262,1,0,"high MOD",0.431395519552489,"low"
931,0,1,3.39912209730269,0.828792208415825,0,0.828792208415825,1,0,"high MOD",0.408605197642915,"low"
932,0,1,3.34762484698688,0.712349962906727,0,0.712349962906727,1,0,"high MOD",0.427553831173353,"low"
933,0,1,3.93432310985491,0.791568684781584,0,0.791568684781584,1,0,"high MOD",0.499533858874235,"low"
934,0,1,3.8859290046395,0.849527444277972,0,0.849527444277972,1,0,"high MOD",0.478713513572699,"low"
935,0,1,3.87756569629319,0.717710073989969,0,0.717710073989969,1,0,"high MOD",0.507846243893574,"low"
936,0,1,2.87293574842521,0.697311254236961,0,0.697311254236961,1,0,"low MOD",0.357995210318426,"no"
937,0,1,3.76837652157205,0.898819483447805,0,0.898819483447805,1,0,"high MOD",0.449253430215437,"low"
938,0,1,2.83323351135861,0.83263169741701,0,0.83263169741701,1,0,"low MOD",0.32065937926663,"no"
939,0,1,3.56624156044711,0.520763394155471,0,0.520763394155471,1,0,"high MOD",0.505399456802138,"low"
940,0,1,4.12179312042209,0.861345635802925,0,0.861345635802925,1,0,"high MOD",0.512273025648877,"low"
941,0,1,2.56583426046207,0.500559922317105,0,0.500559922317105,1,0,"low MOD",0.356152981074832,"no"
942,0,1,3.02962692704071,0.789890018273816,0,0.789890018273816,1,0,"high MOD",0.36073721532769,"no"
943,0,1,3.71934007890807,0.936841980842743,0,0.936841980842743,1,0,"high MOD",0.432934939637532,"low"
944,0,1,3.21919591830468,0.191782189542608,0,0.191782189542608,1,0,"high MOD",0.527926559075503,"low"
945,0,1,1.8786915300482,0.942842827508479,0,0.942842827508479,1,0,"low MOD",0.14837342904392,"no"
946,0,1,2.21137105566607,0.862891738258058,0,0.862891738258058,1,0,"low MOD",0.218005145889073,"no"
947,0,1,3.63318792472566,0.943721097028184,0,0.943721097028184,1,0,"high MOD",0.418093273720521,"low"
948,0,1,3.383222276681,0.894379620563924,0,0.894379620563924,1,0,"high MOD",0.391023514743864,"no"
949,0,1,3.2096129787553,0.710983590211594,0,0.710983590211594,1,0,"high MOD",0.406636552836601,"low"
950,0,1,3.45902438533884,0.875824083508885,0,0.875824083508885,1,0,"high MOD",0.406967424627002,"low"
951,0,1,2.86811541450821,0.424357449746258,0,0.424357449746258,1,0,"low MOD",0.420242959982896,"low"
952,0,1,3.14897862348814,0.470316230441142,0,0.470316230441142,1,0,"high MOD",0.452846811973296,"low"
953,0,1,3.08911079819035,0.910847183475481,0,0.910847183475481,1,0,"high MOD",0.341975388150327,"no"
954,0,1,1.92602533764031,0.805537336346924,0,0.805537336346924,1,0,"low MOD",0.187341435864604,"no"
955,0,1,4.59793121024568,0.951488683115689,0,0.951488683115689,1,0,"high MOD",0.564722797780331,"low"
956,0,1,2.31738694824084,0.754655647507639,0,0.754655647507639,1,0,"low MOD",0.259292842612212,"no"
957,0,1,2.52404844709304,0.481441563272397,0,0.481441563272397,1,0,"low MOD",0.354136323412992,"no"
958,0,1,2.6806838146819,0.957879749030706,0,0.957879749030706,1,0,"low MOD",0.268286798636283,"no"
959,0,1,2.1830593981373,0.590012264293229,0,0.590012264293229,1,0,"low MOD",0.27662169256884,"no"
960,0,1,1.37094226293899,0.877232227944832,0,0.877232227944832,1,0,"low MOD",0.085399064772576,"no"
961,0,1,2.56428843776003,0.702707911740678,0,0.702707911740678,1,0,"low MOD",0.309265626176771,"no"
962,0,1,3.67973332229726,0.625509550433362,0,0.625509550433362,1,0,"high MOD",0.498687537945726,"low"
963,0,1,3.53088094159042,0.962539547361511,0,0.962539547361511,1,0,"high MOD",0.39801101854587,"no"
964,0,1,3.56876413135967,0.961172708131794,0,0.961172708131794,1,0,"high MOD",0.40415462602492,"low"
965,0,1,2.75661055027232,0.594104392031922,0,0.594104392031922,1,0,"low MOD",0.363915994188375,"no"
966,0,1,3.89738559969899,0.787672751149398,0,0.787672751149398,1,0,"high MOD",0.494750226611522,"low"
967,0,1,3.64167964871671,0.964649382593642,0,0.964649382593642,1,0,"high MOD",0.414570088434807,"low"
968,0,1,3.09057073372634,0.750120987989481,0,0.750120987989481,1,0,"high MOD",0.379290654114172,"no"
969,0,1,2.72814534173669,0.727990244936662,0,0.727990244936662,1,0,"low MOD",0.32863999605103,"no"
970,0,1,2.51034043715792,0.522748320208424,0,0.522748320208424,1,0,"low MOD",0.34249507028389,"no"
971,0,1,3.94569159431578,0.684559079839974,0,0.684559079839974,1,0,"high MOD",0.525977380700895,"low"
972,0,1,2.02172073003394,0.551670586488998,0,0.551670586488998,1,0,"low MOD",0.26064843850776,"no"
973,0,1,4.37238172181653,0.91182407751981,0,0.91182407751981,1,0,"high MOD",0.539176247005664,"low"
974,0,1,1.94190706012988,0.953639140110332,0,0.953639140110332,1,0,"low MOD",0.155607438456058,"no"
975,0,1,2.08993067922414,0.449838248215114,0,0.449838248215114,1,0,"low MOD",0.29464204721561,"no"
976,0,1,1.60118083334919,0.599352035077441,0,0.599352035077441,1,0,"low MOD",0.184946581651236,"no"
977,0,1,2.6767047751604,0.793131686774193,0,0.793131686774193,1,0,"low MOD",0.305693422307555,"no"
978,0,1,3.42272648972638,0.327689835786895,0,0.327689835786895,1,0,"high MOD",0.527875651699391,"low"
979,0,1,3.79836358682373,0.631843312927237,0,0.631843312927237,1,0,"high MOD",0.515476710374288,"low"
980,0,1,3.31474156387138,0.954293665015473,0,0.954293665015473,1,0,"high MOD",0.366661702515103,"no"
981,0,1,2.81192132956942,0.864314528381471,0,0.864314528381471,1,0,"low MOD",0.310069159538033,"no"
982,0,1,3.85951218173643,0.948041755439554,0,0.948041755439554,1,0,"high MOD",0.451915315165707,"low"
983,0,1,2.59540485394434,0.869420306183754,0,0.869420306183754,1,0,"low MOD",0.275580676102878,"no"
984,0,1,3.96661792737871,0.840004613700975,0,0.840004613700975,1,0,"high MOD",0.493324770281115,"low"
985,0,1,3.71945853675143,0.806017710238914,0,0.806017710238914,1,0,"high MOD",0.463143380214317,"low"
986,0,1,3.26589742109282,0.750997689098549,0,0.750997689098549,1,0,"high MOD",0.406061674991539,"low"
987,0,1,2.33138596851628,0.797774330223181,0,0.797774330223181,1,0,"low MOD",0.251496072797154,"no"
988,0,1,2.47628627494886,0.91474557307662,0,0.91474557307662,1,0,"low MOD",0.246795063897528,"no"
989,0,1,2.74647075930951,0.418440943418069,0,0.418440943418069,1,0,"low MOD",0.402893745258832,"low"
990,0,1,2.00148176853304,0.675020636361379,0,0.675020636361379,1,0,"low MOD",0.22906935599861,"no"
991,0,1,1.73454617349642,0.762283565934468,0,0.762283565934468,1,0,"low MOD",0.167864742245341,"no"
992,0,1,2.66129496448566,0.915299984796986,0,0.915299984796986,1,0,"low MOD",0.275129998044643,"no"
993,0,1,2.08829763879789,0.958118020593382,0,0.958118020593382,1,0,"low MOD",0.177095478139665,"no"
994,0,1,2.97890789242888,0.646687989757303,0,0.646687989757303,1,0,"low MOD",0.385980908891219,"no"
995,0,1,3.85020880109264,0.700323211363863,0,0.700323211363863,1,0,"high MOD",0.507649843699514,"low"
996,0,1,3.94429357414559,0.424756476648891,0,0.424756476648891,1,0,"high MOD",0.585716747564963,"low"
997,0,1,4.14634375242933,0.614766835952883,0,0.614766835952883,1,0,"high MOD",0.572952845923077,"low"
998,0,1,3.43574443339612,0.878925740580484,0,0.878925740580484,1,0,"high MOD",0.402670126542369,"low"
999,0,1,2.89624419847501,0.524388570746977,0,0.524388570746977,1,0,"low MOD",0.401486360362237,"low"
1000,0,1,4.23879912084806,0.874491344682138,0,0.874491344682138,1,0,"high MOD",0.527240323665362,"low"
1,1,1,2.44756073963716,0.858217505259155,1,0.00686574004207324,1,0,"low MOD",0.451886481472931,"low"
2,1,1,4.0003119039422,0.877281739040342,1,0.00701825391232273,1,0,"high MOD",0.690736080472879,"high"
3,1,1,2.69667084893598,0.963289196752929,1,0.00770631357402343,1,0,"low MOD",0.490017135165377,"low"
4,1,1,2.72708200635041,0.937902621394372,1,0.00750322097115497,1,0,"low MOD",0.494742642291334,"low"
5,1,1,2.13055442530406,0.470014371321101,1,0.00376011497056881,1,0,"low MOD",0.403832961976648,"low"
6,1,1,3.20597977125731,0.716157450398927,1,0.00572925960319141,1,0,"high MOD",0.56882859720808,"low"
7,1,1,1.79602448826862,0.939955377753843,1,0.00751964302203074,1,0,"low MOD",0.351499234420858,"no"
8,1,1,1.8158408169984,0.710917799287541,1,0.00568734239430032,1,0,"low MOD",0.354970738985685,"no"
9,1,1,2.06519039545141,0.413996355397841,1,0.00331197084318273,1,0,"low MOD",0.393880375259482,"no"
10,1,1,2.4961017902211,0.620965364703327,1,0.00496772291762661,1,0,"low MOD",0.459792339360717,"low"
11,1,1,3.07427535045149,0.846439208508218,1,0.00677151366806574,1,0,"high MOD",0.548325858453753,"low"
12,1,1,2.65454399817766,0.840028667530714,1,0.00672022934024571,1,0,"low MOD",0.48376363910266,"low"
13,1,1,3.23160605419,0.461194756537778,1,0.00368955805230222,1,0,"high MOD",0.573241802632546,"low"
14,1,1,2.35251891487352,0.93374212979309,1,0.00746993703834472,1,0,"low MOD",0.437125232202462,"low"
15,1,1,3.32371628547022,0.632497737915307,1,0.00505998190332245,1,0,"high MOD",0.587096355786959,"low"
16,1,1,3.84672798281584,0.92807391722793,1,0.00742459133782343,1,0,"high MOD",0.667014014739862,"high"
17,1,1,3.40126912354743,0.578826493212657,1,0.00463061194570125,1,0,"high MOD",0.599126647019827,"low"
18,1,1,3.74393254946921,0.762955966436931,1,0.00610364773149544,1,0,"high MOD",0.651504165826457,"high"
19,1,1,2.44173661947023,0.780031268075967,1,0.00624025014460773,1,0,"low MOD",0.451134806808204,"low"
20,1,1,3.71737105202333,0.777243714455975,1,0.0062179497156478,1,0,"high MOD",0.647391404223055,"high"
21,1,1,2.4819319428383,0.587997175548438,1,0.0047039774043875,1,0,"low MOD",0.457673227189494,"low"
22,1,1,2.66634979398113,0.810536160970339,1,0.00648428928776271,1,0,"low MOD",0.485634363084536,"low"
23,1,1,1.50254667800787,0.830941195620146,1,0.00664752956496116,1,0,"low MOD",0.306550059024682,"no"
24,1,1,4.03310723281252,0.845590508673486,1,0.00676472406938789,1,0,"high MOD",0.695840022570528,"high"
25,1,1,4.14395866163048,0.517682134439246,1,0.00414145707551397,1,0,"high MOD",0.713499457848801,"high"
26,1,1,2.74675524325828,0.914530131746783,1,0.00731624105397426,1,0,"low MOD",0.497812443334972,"low"
27,1,1,1.83391221394471,0.858621971932466,1,0.00686897577545972,1,0,"low MOD",0.35747826927408,"no"
28,1,1,2.4318600010925,0.835511508357456,1,0.00668409206685965,1,0,"low MOD",0.449512901998801,"low"
29,1,1,1.88531794108496,0.846479702567386,1,0.00677183762053909,1,0,"low MOD",0.365409259177561,"no"
30,1,1,3.7155188370088,0.764781289244698,1,0.00611825031395758,1,0,"high MOD",0.647129455621209,"high"
31,1,1,3.21697831920301,0.466736369092252,1,0.00373389095273802,1,0,"high MOD",0.570981151195984,"low"
32,1,1,2.83654577298969,0.828436883732446,1,0.00662749506985957,1,0,"low MOD",0.511785312366908,"low"
33,1,1,1.73262305056111,0.620234353650542,1,0.00496187482920433,1,0,"low MOD",0.342335421279585,"no"
34,1,1,3.0807553864601,0.755126023156091,1,0.00604100818524872,1,0,"high MOD",0.549491365258804,"low"
35,1,1,3.21122190694911,0.685294739985951,1,0.0054823579198876,1,0,"high MOD",0.569692056933736,"low"
36,1,1,2.85717087090891,0.662338143089008,1,0.00529870514471206,1,0,"low MOD",0.51526504818336,"low"
37,1,1,2.81500481468762,0.890607362785921,1,0.00712485890228736,1,0,"low MOD",0.508356542512952,"low"
38,1,1,3.10543145867658,0.832236586774406,1,0.00665789269419524,1,0,"high MOD",0.553145326097736,"low"
39,1,1,2.89052683624408,0.526033558686181,1,0.00420826846948945,1,0,"low MOD",0.520648374390745,"low"
40,1,1,3.35595645606487,0.853782437185131,1,0.00683025949748105,1,0,"high MOD",0.591647856433637,"low"
41,1,1,2.79414374998591,0.358440883714901,1,0.00286752706971921,1,0,"low MOD",0.506129609135589,"low"
42,1,1,3.79799478298972,0.95511889613882,1,0.00764095116911055,1,0,"high MOD",0.659466670190163,"high"
43,1,1,3.23637566613839,0.082826089368064,1,0.000662608714944512,1,0,"high MOD",0.574674115856303,"low"
44,1,1,3.20933096332209,0.779696986945877,1,0.00623757589556701,1,0,"high MOD",0.569226861458268,"low"
45,1,1,2.92012325505357,0.879881278942552,1,0.00703905023154041,1,0,"low MOD",0.524548412262501,"low"
46,1,1,2.92085549591467,0.81934850274592,1,0.00655478802196736,1,0,"low MOD",0.524772817520264,"low"
47,1,1,3.22258984789733,0.845971369352226,1,0.00676777095481781,1,0,"high MOD",0.571144337148477,"low"
48,1,1,3.4908594879506,0.928516099728292,1,0.00742812879782633,1,0,"high MOD",0.612264199192902,"high"
49,1,1,2.81101914396924,0.796215102137524,1,0.00636972081710018,1,0,"low MOD",0.507917625037475,"low"
50,1,1,3.81876232739726,0.87746587883501,1,0.00701972703068007,1,0,"high MOD",0.662805036438652,"high"
51,1,1,3.77621644481518,0.755637952849839,1,0.0060451036227987,1,0,"high MOD",0.656484429135536,"high"
52,1,1,3.13721073223802,0.597144450382363,1,0.0047771556030589,1,0,"high MOD",0.55846846135899,"low"
53,1,1,3.33481015282251,0.891256502786675,1,0.0071300520222934,1,0,"high MOD",0.588325396121396,"low"
54,1,1,2.62676245085687,0.514718779220644,1,0.00411775023376515,1,0,"low MOD",0.480090127000957,"low"
55,1,1,2.1817833974181,0.643779480506699,1,0.00515023584405359,1,0,"low MOD",0.411393545177234,"low"
56,1,1,2.91515359485844,0.60116650265,1,0.0048093320212,1,0,"low MOD",0.52429839951179,"low"
57,1,1,3.11810377285754,0.904915021642458,1,0.00723932017313966,1,0,"high MOD",0.554960737322743,"low"
58,1,1,2.39645315984636,0.95323376047284,1,0.00762587008378271,1,0,"low MOD",0.443848362264721,"low"
59,1,1,2.37511712799076,0.961425624261811,1,0.00769140499409448,1,0,"low MOD",0.440550772384557,"low"
60,1,1,3.79573693893788,0.823723989012113,1,0.0065897919120969,1,0,"high MOD",0.659361884779958,"high"
61,1,1,4.13196860663539,0.767656381968858,1,0.00614125105575086,1,0,"high MOD",0.711193343084887,"high"
62,1,1,1.94416448275159,0.958193611639005,1,0.00766554889311204,1,0,"low MOD",0.374256332217219,"no"
63,1,1,1.87830630918871,0.917107731730025,1,0.0073368618538402,1,0,"low MOD",0.364200156370454,"no"
64,1,1,2.15866081036524,0.566810940385221,1,0.00453448752308176,1,0,"low MOD",0.407978319858557,"low"
65,1,1,3.06469135028774,0.920416755882792,1,0.00736333404706233,1,0,"high MOD",0.546714822956484,"low"
66,1,1,3.50982706070378,0.804619089522724,1,0.00643695271618179,1,0,"high MOD",0.615411020250693,"high"
67,1,1,3.59820210251191,0.832006560975871,1,0.00665605248780696,1,0,"high MOD",0.628956619043107,"high"
68,1,1,3.59941607644997,0.750832715785101,1,0.00600666172628081,1,0,"high MOD",0.629293243670854,"high"
69,1,1,2.63339557191067,0.792664933720643,1,0.00634131946976514,1,0,"low MOD",0.480597475800927,"low"
70,1,1,2.73631417771162,0.786046385205046,1,0.00628837108164036,1,0,"low MOD",0.49644332632141,"low"
71,1,1,3.43472933391349,0.386604796730566,1,0.00309283837384452,1,0,"high MOD",0.604629242515804,"high"
72,1,1,1.84940513993754,0.745281015638142,1,0.00596224812510513,1,0,"low MOD",0.360071041192289,"no"
73,1,1,3.55254403949426,0.739518947255385,1,0.00591615157804308,1,0,"high MOD",0.622103048019568,"high"
74,1,1,3.56201889155835,0.397382231342542,1,0.00317905785074033,1,0,"high MOD",0.624192354581883,"high"
75,1,1,3.48387607628693,0.719504050976606,1,0.00575603240781284,1,0,"high MOD",0.611575696565417,"high"
76,1,1,3.00446017209189,0.529099328921788,1,0.0042327946313743,1,0,"high MOD",0.538170920022282,"low"
77,1,1,3.10341253244331,0.932942582717085,1,0.00746354066173668,1,0,"high MOD",0.552648803300108,"low"
78,1,1,2.93744806637867,0.84864279204917,1,0.00678914233639336,1,0,"low MOD",0.527271438903705,"low"
79,1,1,2.37766505130613,0.895175155696582,1,0.00716140124557265,1,0,"low MOD",0.441065069144272,"low"
80,1,1,3.71135572933514,0.378715653386612,1,0.00302972522709289,1,0,"high MOD",0.647201714076077,"high"
81,1,1,3.12800393117083,0.772291761226386,1,0.00617833408981109,1,0,"high MOD",0.556728681544017,"low"
82,1,1,2.48750572883494,0.465379387110903,1,0.00372303509688723,1,0,"low MOD",0.458757104029171,"low"
83,1,1,2.32402825976663,0.88915729932646,1,0.00711325839461168,1,0,"low MOD",0.432824364949955,"low"
84,1,1,2.76598706253336,0.843724940128187,1,0.00674979952102549,1,0,"low MOD",0.500901902038742,"low"
85,1,1,2.78137847749233,0.852699860266002,1,0.00682159888212801,1,0,"low MOD",0.503253242949098,"low"
86,1,1,2.99538058604998,0.906819635644426,1,0.0072545570851554,1,0,"low MOD",0.536076730834191,"low"
87,1,1,1.7547715769194,0.895795128920037,1,0.00716636103136029,1,0,"low MOD",0.345234159288055,"no"
88,1,1,3.00046723664494,0.89679944514565,1,0.00717439556116519,1,0,"high MOD",0.536877791277415,"low"
89,1,1,2.88040735691349,0.800595039433157,1,0.00640476031546525,1,0,"low MOD",0.518584648683122,"low"
90,1,1,4.31113253768603,0.733383978549675,1,0.00586707182839739,1,0,"high MOD",0.738820296914375,"high"
91,1,1,2.3078195852005,0.553650714420778,1,0.00442920571536622,1,0,"low MOD",0.430950119481147,"low"
92,1,1,3.59255147078778,0.7751989886654,1,0.0062015919093232,1,0,"high MOD",0.62819216660366,"high"
93,1,1,1.84366315108119,0.854482787471814,1,0.00683586229977451,1,0,"low MOD",0.358986055020235,"no"
94,1,1,2.31428251740266,0.675419967783725,1,0.0054033597422698,1,0,"low MOD",0.431719611967578,"low"
95,1,1,2.77500995722947,0.605385133451718,1,0.00484308106761374,1,0,"low MOD",0.502730051635085,"low"
96,1,1,2.01111412867993,0.636096832389954,1,0.00508877465911963,1,0,"low MOD",0.3851509179525,"no"
97,1,1,2.99320469961609,0.847356143872449,1,0.00677884915097959,1,0,"low MOD",0.535851757829173,"low"
98,1,1,2.93054188206466,0.562488115421161,1,0.00449990492336928,1,0,"low MOD",0.526737234566093,"low"
99,1,1,3.44557661382766,0.772834483774796,1,0.00618267587019837,1,0,"high MOD",0.605585015388055,"high"
100,1,1,3.01057418610154,0.953449798417208,1,0.00762759838733766,1,0,"high MOD",0.538328121310852,"low"
101,1,1,3.49131004173721,0.840953230099155,1,0.00672762584079324,1,0,"high MOD",0.612495169688619,"high"
102,1,1,3.18443192618183,0.953217991557367,1,0.00762574393245893,1,0,"high MOD",0.565075893889714,"low"
103,1,1,3.04804526661668,0.964820543605745,1,0.00771856434884596,1,0,"high MOD",0.544071910783601,"low"
104,1,1,3.06356065574066,0.967667830482463,1,0.0077413426438597,1,0,"high MOD",0.546453637196133,"low"
105,1,1,2.23547392854028,0.799140129724414,1,0.00639312103779531,1,0,"low MOD",0.419366807228244,"low"
106,1,1,2.90500720958752,0.712319939355077,1,0.00569855951484062,1,0,"low MOD",0.522532210817732,"low"
107,1,1,2.93481606497068,0.817681928045133,1,0.00654145542436106,1,0,"low MOD",0.52692367412833,"low"
108,1,1,2.72661569246949,0.971912474776413,1,0.0077752997982113,1,0,"low MOD",0.494608114272643,"low"
109,1,1,3.79789721947776,0.850173870224855,1,0.00680139096179884,1,0,"high MOD",0.659645405082317,"high"
110,1,1,3.69937625263358,0.581089697416526,1,0.0046487175793322,1,0,"high MOD",0.644985104040705,"high"
111,1,1,4.05896249813305,0.655095422375374,1,0.00524076337900299,1,0,"high MOD",0.700169438933006,"high"
112,1,1,3.33093234632747,0.906908173955825,1,0.0072552653916466,1,0,"high MOD",0.587699915113847,"low"
113,1,1,2.49692881940766,0.447683363644194,1,0.00358146690915355,1,0,"low MOD",0.460239479852912,"low"
114,1,1,3.27199578315815,0.622716776968355,1,0.00498173421574684,1,0,"high MOD",0.579157412589928,"low"
115,1,1,3.45047810526038,0.678724858030958,1,0.00542979886424766,1,0,"high MOD",0.606512831840617,"high"
116,1,1,4.18582193198702,0.855217032593422,1,0.00684173626074737,1,0,"high MOD",0.719316819630138,"high"
117,1,1,3.456952489192,0.80550386627868,1,0.00644403093022943,1,0,"high MOD",0.607274837353331,"high"
118,1,1,3.51566814598845,0.921418086981035,1,0.00737134469584828,1,0,"high MOD",0.616094019837643,"high"
119,1,1,2.73343397606657,0.697926922308131,1,0.00558341537846504,1,0,"low MOD",0.496162900461365,"low"
120,1,1,2.90066114230089,0.946098365860962,1,0.00756878692688769,1,0,"low MOD",0.521431994140086,"low"
121,1,1,2.48880843517009,0.825191184129764,1,0.00660152947303811,1,0,"low MOD",0.458293252455466,"low"
122,1,1,3.9895455626329,0.931875746208739,1,0.0074550059696699,1,0,"high MOD",0.688978931335137,"high"
123,1,1,3.20596365565803,0.812569294667614,1,0.00650055435734091,1,0,"high MOD",0.568648126788002,"low"
124,1,1,2.53811289274227,0.492488084590598,1,0.00393990467672478,1,0,"low MOD",0.466492774727259,"low"
125,1,1,3.04452870683774,0.856580094115069,1,0.00685264075292055,1,0,"high MOD",0.543730730108978,"low"
126,1,1,3.49002562979147,0.760031558576093,1,0.00608025246860874,1,0,"high MOD",0.612446961705931,"high"
127,1,1,3.1442827776773,0.809939299569775,1,0.0064795143965582,1,0,"high MOD",0.559163616320379,"low"
128,1,1,3.33207364616437,0.972003198668162,1,0.00777602558934529,1,0,"high MOD",0.587755324273901,"low"
129,1,1,4.24881874162202,0.595069070454872,1,0.00476055256363897,1,0,"high MOD",0.729488909657932,"high"
130,1,1,3.50304631193764,0.482724633938459,1,0.00386179707150767,1,0,"high MOD",0.614962094820058,"high"
131,1,1,3.29052376351552,0.57204902063363,1,0.00457639216506904,1,0,"high MOD",0.582101411579679,"low"
132,1,1,2.36535837560647,0.806149723530896,1,0.00644919778824717,1,0,"low MOD",0.439336089065246,"low"
133,1,1,2.65792757404562,0.974715094144192,1,0.00779772075315353,1,0,"low MOD",0.484035537371675,"low"
134,1,1,3.38068408770049,0.578997876591613,1,0.0046319830127329,1,0,"high MOD",0.595959402027907,"low"
135,1,1,2.08955626247436,0.573505596507475,1,0.0045880447720598,1,0,"low MOD",0.397334491587118,"no"
136,1,1,3.84162819763823,0.531266600532121,1,0.00425013280425697,1,0,"high MOD",0.666961999758745,"high"
137,1,1,3.81949429938306,0.518249947847917,1,0.00414599958278333,1,0,"high MOD",0.663580815385982,"high"
138,1,1,1.8239965830806,0.907422645777624,1,0.00725938116622099,1,0,"low MOD",0.355862694050964,"no"
139,1,1,2.90687006892313,0.845308953468263,1,0.0067624716277461,1,0,"low MOD",0.522573286381771,"low"
140,1,1,3.29895887818107,0.680113630121746,1,0.00544090904097397,1,0,"high MOD",0.583199617633787,"low"
141,1,1,3.2537619523859,0.439325060249771,1,0.00351460048199817,1,0,"high MOD",0.576690777178907,"low"
142,1,1,2.26100637639464,0.738675993461368,1,0.00590940794769094,1,0,"low MOD",0.423406502226631,"low"
143,1,1,4.00821672628196,0.439343046825392,1,0.00351474437460313,1,0,"high MOD",0.6927607091877,"high"
144,1,1,3.46215879473931,0.724097702939312,1,0.00579278162351449,1,0,"high MOD",0.608226095739082,"high"
145,1,1,3.5339447220634,0.819516472210345,1,0.00655613177768276,1,0,"high MOD",0.619093926830289,"high"
146,1,1,2.80327072465789,0.820083813606549,1,0.00656067050885239,1,0,"low MOD",0.506681495214556,"low"
147,1,1,3.55363763292852,0.627519180264786,1,0.00502015344211829,1,0,"high MOD",0.622478061963898,"high"
148,1,1,2.6557995231523,0.676712511952735,1,0.00541370009562188,1,0,"low MOD",0.484258303539826,"low"
149,1,1,3.12644700137559,0.695394099557632,1,0.00556315279646105,1,0,"high MOD",0.556631118797062,"low"
150,1,1,2.92904090185146,0.557098285942769,1,0.00445678628754215,1,0,"low MOD",0.526516264987716,"low"
151,1,1,2.31330925186828,0.899182269064265,1,0.00719345815251411,1,0,"low MOD",0.431156779175309,"low"
152,1,1,3.15815863207517,0.831538639744572,1,0.00665230911795657,1,0,"high MOD",0.561258487445883,"low"
153,1,1,2.67355521516653,0.905520339206877,1,0.00724416271365501,1,0,"low MOD",0.486567534014777,"low"
154,1,1,2.24698937044022,0.868996305134873,1,0.00695197044107898,1,0,"low MOD",0.421009448427476,"low"
155,1,1,2.8447264667914,0.923141748454893,1,0.00738513398763914,1,0,"low MOD",0.512869040893837,"low"
156,1,1,2.89825236683498,0.256667533391095,1,0.00205334026712876,1,0,"low MOD",0.522334208682198,"low"
157,1,1,3.05795416755376,0.872618216535151,1,0.0069809457322812,1,0,"high MOD",0.54576657676236,"low"
158,1,1,3.25639698429027,0.607607502772347,1,0.00486086002217877,1,0,"high MOD",0.576785491424154,"low"
159,1,1,3.48257881997194,0.545309812897896,1,0.00436247850318316,1,0,"high MOD",0.611697708033411,"high"
160,1,1,2.75349254148334,0.709097062900707,1,0.00567277650320566,1,0,"low MOD",0.499228211804389,"low"
161,1,1,3.92673978508401,0.853545887562413,1,0.0068283671004993,1,0,"high MOD",0.679461112989732,"high"
162,1,1,4.36418999070764,0.830395488702998,1,0.00664316390962398,1,0,"high MOD",0.746803883822031,"high"
163,1,1,2.49158392588146,0.90580870085901,1,0.00724646960687207,1,0,"low MOD",0.45857141868787,"low"
164,1,1,3.47744389069987,0.94736800282316,1,0.00757894402258528,1,0,"high MOD",0.610165457640921,"high"
165,1,1,2.79124087392648,0.840700025194702,1,0.00672560020155761,1,0,"low MOD",0.504792688249868,"low"
166,1,1,2.78482229347547,0.92342989323365,1,0.00738743914586919,1,0,"low MOD",0.503652482270256,"low"
167,1,1,2.08514150813089,0.876174908905274,1,0.00700939927124219,1,0,"low MOD",0.396096524496004,"no"
168,1,1,4.14127249206879,0.610864462926927,1,0.00488691570341541,1,0,"high MOD",0.712914172079025,"high"
169,1,1,2.70440670055862,0.971406490605215,1,0.00777125192484171,1,0,"low MOD",0.491192280410979,"low"
170,1,1,2.66752745786817,0.926991789273592,1,0.00741593431418873,1,0,"low MOD",0.485600547137982,"low"
171,1,1,2.60548263451047,0.63053727906447,1,0.00504429823251576,1,0,"low MOD",0.476602490332569,"low"
172,1,1,3.20584831604335,0.465617125668762,1,0.0037249370053501,1,0,"high MOD",0.569270909313128,"low"
173,1,1,3.4480037156636,0.86200389636452,1,0.00689603117091616,1,0,"high MOD",0.605793795216496,"high"
174,1,1,3.0108214790588,0.891755286761482,1,0.00713404229409185,1,0,"high MOD",0.538480063941178,"low"
175,1,1,1.42027405196715,0.950740781275781,1,0.00760592625020624,1,0,"low MOD",0.293671563475668,"no"
176,1,1,3.41094830543284,0.81891575785833,1,0.00655132606286664,1,0,"high MOD",0.600172510205929,"high"
177,1,1,2.64983656529043,0.554294325889781,1,0.00443435460711824,1,0,"low MOD",0.48356692821227,"low"
178,1,1,2.73896674321876,0.616884501714626,1,0.00493507601371701,1,0,"low MOD",0.497163712184337,"low"
179,1,1,4.06576532738907,0.80661792429442,1,0.00645294339435536,1,0,"high MOD",0.700936294199621,"high"
180,1,1,4.00538338061644,0.629157614752802,1,0.00503326091802241,1,0,"high MOD",0.691974382959909,"high"
181,1,1,4.23271701897881,0.990129155538535,1,0.00792103324430828,1,0,"high MOD",0.726282379863438,"high"
182,1,1,2.81979790400445,0.814496492111793,1,0.00651597193689434,1,0,"low MOD",0.509234453246016,"low"
183,1,1,3.87261501520919,0.492696801697616,1,0.00394157441358093,1,0,"high MOD",0.671800408244434,"high"
184,1,1,2.69972778322635,0.765930868694616,1,0.00612744694955693,1,0,"low MOD",0.490851786584925,"low"
185,1,1,2.88146346750491,0.672317902774514,1,0.00537854322219611,1,0,"low MOD",0.518983946564864,"low"
186,1,1,4.09494429483307,0.819235710455217,1,0.00655388568364173,1,0,"high MOD",0.705402071739631,"high"
187,1,1,2.91815771549226,0.780660388442815,1,0.00624528310754252,1,0,"low MOD",0.524429198589377,"low"
188,1,1,2.19861569756152,0.941799142397587,1,0.0075343931391807,1,0,"low MOD",0.413432939669653,"low"
189,1,1,3.00350395920522,0.388566409498075,1,0.0031085312759846,1,0,"high MOD",0.538283255737115,"low"
190,1,1,2.45392484179364,0.790828305529232,1,0.00632662644423385,1,0,"low MOD",0.45298998494266,"low"
191,1,1,3.15616977478006,0.75745260818907,1,0.00605962086551256,1,0,"high MOD",0.561089283612583,"low"
192,1,1,3.09290393119548,0.860656228667469,1,0.00688524982933975,1,0,"high MOD",0.55116554714638,"low"
193,1,1,3.40899522457272,0.26908316914453,1,0.00215266535315624,1,0,"high MOD",0.600887111775843,"high"
194,1,1,2.04827578857317,0.769711611323405,1,0.00615769289058724,1,0,"low MOD",0.390621422959583,"no"
195,1,1,3.36702407362554,0.567675525704695,1,0.00454140420563756,1,0,"high MOD",0.593878764202628,"low"
196,1,1,3.74722164837021,0.779962861096585,1,0.00623970288877268,1,0,"high MOD",0.651978783698008,"high"
197,1,1,2.32045870365747,0.852033075789694,1,0.00681626460631755,1,0,"low MOD",0.432343739499692,"low"
198,1,1,4.23674754225116,0.517056940676154,1,0.00413645552540923,1,0,"high MOD",0.727775824455853,"high"
199,1,1,2.44037598882182,0.851294486073388,1,0.0068103558885871,1,0,"low MOD",0.450793916152145,"low"
200,1,1,3.18645738074699,0.937922010653535,1,0.00750337608522827,1,0,"high MOD",0.565415741018331,"low"
201,1,1,2.61520896007905,0.886294264678994,1,0.00709035411743194,1,0,"low MOD",0.477626681369677,"low"
202,1,1,3.89984335180668,0.738396912031388,1,0.0059071752962511,1,0,"high MOD",0.675535782901893,"high"
203,1,1,3.01516008771353,0.890241628317865,1,0.00712193302654291,1,0,"high MOD",0.539150336642111,"low"
204,1,1,3.6220506072937,0.436746192574005,1,0.00349396954059204,1,0,"high MOD",0.633355331228125,"high"
205,1,1,3.30168737565254,0.677589276677625,1,0.00542071421342099,1,0,"high MOD",0.58362404682037,"low"
206,1,1,2.41930456826291,0.802528647540075,1,0.0064202291803206,1,0,"low MOD",0.44764218838345,"low"
207,1,1,2.97878046103092,0.93871115887993,1,0.00750968927103944,1,0,"low MOD",0.533463988788363,"low"
208,1,1,2.4610622187243,0.918507625842634,1,0.00734806100674107,1,0,"low MOD",0.453852327263721,"low"
209,1,1,2.69631176498284,0.853452049963673,1,0.00682761639970938,1,0,"low MOD",0.490164667751273,"low"
210,1,1,2.32501279419108,0.968859098506331,1,0.00775087278805065,1,0,"low MOD",0.432828690001385,"low"
211,1,1,3.26252635458858,0.640156361159357,1,0.00512125088927485,1,0,"high MOD",0.57766838126995,"low"
212,1,1,3.6799068382519,0.641000963135597,1,0.00512800770508477,1,0,"high MOD",0.641879204106811,"high"
213,1,1,1.93229908828933,0.705124087855045,1,0.00564099270284036,1,0,"low MOD",0.37289809219001,"no"
214,1,1,3.6465141730012,0.508611419221191,1,0.00406889135376953,1,0,"high MOD",0.636986282457007,"high"
215,1,1,3.22079788866979,0.908046108478154,1,0.00726436886782523,1,0,"high MOD",0.570754051595084,"low"
216,1,1,4.23350627907748,0.689880028061867,1,0.00551904022449493,1,0,"high MOD",0.726958110575497,"high"
217,1,1,2.15720111677942,0.730769934787796,1,0.00584615947830237,1,0,"low MOD",0.407451058086456,"low"
218,1,1,2.48405033395023,0.795058141034199,1,0.00636046512827359,1,0,"low MOD",0.457616867116587,"low"
219,1,1,3.7951687809865,0.785080935193015,1,0.00628064748154411,1,0,"high MOD",0.659345816886797,"high"
220,1,1,1.63782995046339,0.445366630153711,1,0.00356293304122969,1,0,"low MOD",0.3280747001387,"no"
221,1,1,2.41997966909732,0.811063458254678,1,0.00648850766603742,1,0,"low MOD",0.447730293476656,"low"
222,1,1,3.47510181587205,0.731411149549333,1,0.00585128919639466,1,0,"high MOD",0.610203828011917,"high"
223,1,1,3.1741102405432,0.848020923639923,1,0.00678416738911938,1,0,"high MOD",0.563682152224542,"low"
224,1,1,2.6601674280828,0.62596948219397,1,0.00500775585755176,1,0,"low MOD",0.485023968353303,"low"
225,1,1,2.82566892529631,0.637407593546355,1,0.00509926074837083,1,0,"low MOD",0.510464620642116,"low"
226,1,1,2.54720811603618,0.736228467552635,1,0.00588982774042107,1,0,"low MOD",0.467442057603931,"low"
227,1,1,2.67392646426872,0.865533437627537,1,0.00692426750102029,1,0,"low MOD",0.486698471233413,"low"
228,1,1,3.72423544302175,0.7811682041373,1,0.00624934563309839,1,0,"high MOD",0.648440219164939,"high"
229,1,1,2.69975645724593,0.742661048036958,1,0.00594128838429566,1,0,"low MOD",0.490899157641459,"low"
230,1,1,2.36106294718512,0.598764801519622,1,0.00479011841215698,1,0,"low MOD",0.439058118394906,"low"
231,1,1,3.4715116977997,0.545060364710596,1,0.00436048291768476,1,0,"high MOD",0.609995534372796,"high"
232,1,1,2.84753066156424,0.19947736197407,1,0.00159581889579256,1,0,"low MOD",0.5146364512647,"low"
233,1,1,2.96329589748978,0.366006580666873,1,0.00292805264533498,1,0,"low MOD",0.53213904900335,"low"
234,1,1,2.49108565373187,0.366402470205091,1,0.00293121976164073,1,0,"low MOD",0.459490588321448,"low"
235,1,1,3.12400557165036,0.456217377283942,1,0.00364973901827154,1,0,"high MOD",0.556697071249684,"low"
236,1,1,2.70661593188433,0.286167211289195,1,0.00228933769031355,1,0,"low MOD",0.49279721928444,"low"
237,1,1,3.40714760182282,0.793665398931165,1,0.00634932319144931,1,0,"high MOD",0.599634402620868,"low"
238,1,1,4.27829550144697,0.372688961799418,1,0.00298151169439535,1,0,"high MOD",0.73443434367775,"high"
239,1,1,3.71169660769535,0.505454243557975,1,0.0040436339484638,1,0,"high MOD",0.647020177965024,"high"
240,1,1,2.02163461050654,0.597649857865005,1,0.00478119886292004,1,0,"low MOD",0.386840432648024,"no"
241,1,1,3.40741972848481,0.539163170825153,1,0.00431330536660122,1,0,"high MOD",0.600146118528448,"high"
242,1,1,2.5072165234942,0.588759056375387,1,0.00471007245100309,1,0,"low MOD",0.461561756125799,"low"
243,1,1,2.31181449068775,0.809044172962397,1,0.00647235338369917,1,0,"low MOD",0.431093224709569,"low"
244,1,1,3.63537771566055,0.768697548089249,1,0.00614958038471399,1,0,"high MOD",0.634792822320536,"high"
245,1,1,2.84616232473283,0.864541103553897,1,0.00691632882843117,1,0,"low MOD",0.513198127921566,"low"
246,1,1,3.34169682218517,0.590676388306812,1,0.0047254111064545,1,0,"high MOD",0.589939800850075,"low"
247,1,1,2.62768779040849,0.653611345516402,1,0.00522889076413121,1,0,"low MOD",0.479976069886507,"low"
248,1,1,3.97218993961776,0.843935118989086,1,0.00675148095191269,1,0,"high MOD",0.686471187413829,"high"
249,1,1,3.38333848326205,0.628259797259615,1,0.00502607837807692,1,0,"high MOD",0.596276825491529,"low"
250,1,1,2.56321872528222,0.737418434607454,1,0.00589934747685963,1,0,"low MOD",0.469903031394913,"low"
251,1,1,2.81010625257207,0.706184500859635,1,0.00564947600687708,1,0,"low MOD",0.507943390547963,"low"
252,1,1,3.26392517553757,0.795861294961362,1,0.00636689035969089,1,0,"high MOD",0.577596129230466,"low"
253,1,1,2.99891863964551,0.991611507673255,1,0.00793289206138604,1,0,"low MOD",0.536464507931297,"low"
254,1,1,2.25873961621639,0.712223277666438,1,0.0056977862213315,1,0,"low MOD",0.423106605674521,"low"
255,1,1,3.64723889319589,0.635013900704091,1,0.00508011120563272,1,0,"high MOD",0.636864419444222,"high"
256,1,1,2.17581799543435,0.344899178581019,1,0.00275919342864815,1,0,"low MOD",0.411027570044827,"low"
257,1,1,3.7287405709836,0.525417010598638,1,0.0042033360847891,1,0,"high MOD",0.649605471824064,"high"
258,1,1,2.41810425026172,0.397600969304175,1,0.0031808077544334,1,0,"low MOD",0.448205082866164,"low"
259,1,1,2.52413727915421,0.510769788220956,1,0.00408615830576765,1,0,"low MOD",0.464308929491624,"low"
260,1,1,2.94667048521419,0.711715950537432,1,0.00569372760429945,1,0,"low MOD",0.528943060585806,"low"
261,1,1,2.9505886822907,0.894964027284235,1,0.00715971221827388,1,0,"low MOD",0.529207555994352,"low"
262,1,1,2.65354501416167,0.451385927175556,1,0.00361108741740444,1,0,"low MOD",0.484327443543933,"low"
263,1,1,3.20777490421293,0.840990962527871,1,0.00672792770022296,1,0,"high MOD",0.5688743096404,"low"
264,1,1,2.79126076323044,0.67975333147092,1,0.00543802665176735,1,0,"low MOD",0.505092880500429,"low"
265,1,1,3.65473278563682,0.981862096802616,1,0.00785489677442093,1,0,"high MOD",0.637376990842336,"high"
266,1,1,3.55328957895477,0.889836983566102,1,0.00711869586852882,1,0,"high MOD",0.621940236177228,"high"
267,1,1,2.38538795797797,0.921326336934287,1,0.00737061069547429,1,0,"low MOD",0.442204929528425,"low"
268,1,1,3.08474942755524,0.806410041906043,1,0.00645128033524834,1,0,"high MOD",0.550011154931134,"low"
269,1,1,3.01329897004791,0.815663376048215,1,0.00652530700838572,1,0,"high MOD",0.539001693774666,"low"
270,1,1,3.37430910538557,0.868406123347116,1,0.00694724898677692,1,0,"high MOD",0.594444343370062,"low"
271,1,1,2.57972646237764,0.542372012830598,1,0.00433897610264478,1,0,"low MOD",0.472802768957488,"low"
272,1,1,2.60150868200688,0.760340408767822,1,0.00608272327014257,1,0,"low MOD",0.47575147647718,"low"
273,1,1,3.58646577735553,0.790555669840873,1,0.00632444535872698,1,0,"high MOD",0.627227555279606,"high"
274,1,1,3.43602262441613,0.384596120480905,1,0.00307676896384724,1,0,"high MOD",0.604831918610825,"high"
275,1,1,2.11496240954719,0.570435573918768,1,0.00456348459135014,1,0,"low MOD",0.401248797332333,"low"
276,1,1,2.28537946300964,0.802749896525558,1,0.00642199917220446,1,0,"low MOD",0.427037917577128,"low"
277,1,1,3.19365167632311,0.500961851324812,1,0.00400769481059849,1,0,"high MOD",0.56732925140111,"low"
278,1,1,3.93620088579949,0.915451699623154,1,0.00732361359698523,1,0,"high MOD",0.680802379292924,"high"
279,1,1,4.31759383512905,0.706730564726156,1,0.00565384451780924,1,0,"high MOD",0.739863548977282,"high"
280,1,1,2.2545516439964,0.500837298012268,1,0.00400669838409814,1,0,"low MOD",0.422852553295423,"low"
281,1,1,2.63064506289689,0.905843415859609,1,0.00724674732687687,1,0,"low MOD",0.479965375677935,"low"
282,1,1,3.03669949479599,0.697620477987916,1,0.00558096382390333,1,0,"high MOD",0.542819699855405,"low"
283,1,1,3.28928761939295,0.973405935864906,1,0.00778724748691925,1,0,"high MOD",0.581170268948088,"low"
284,1,1,4.14858656696941,0.463036016971084,1,0.00370428813576867,1,0,"high MOD",0.7143123284255,"high"
285,1,1,3.25710141620668,0.772638853842004,1,0.00618111083073603,1,0,"high MOD",0.576589192301627,"low"
286,1,1,3.79864728713858,0.624218623758026,1,0.00499374899006421,1,0,"high MOD",0.660177948254382,"high"
287,1,1,3.7504868377823,0.673003638384001,1,0.005384029107072,1,0,"high MOD",0.65267858371103,"high"
288,1,1,4.05147612938374,0.864119396164643,1,0.00691295516931714,1,0,"high MOD",0.698631799481502,"high"
289,1,1,2.22931970234711,0.728667340478165,1,0.00582933872382532,1,0,"low MOD",0.418550106809442,"low"
290,1,1,3.8870128229552,0.570894605045047,1,0.00456715684036037,1,0,"high MOD",0.673871090414563,"high"
291,1,1,4.35646917148154,0.734748480721631,1,0.00587798784577304,1,0,"high MOD",0.745792644571213,"high"
292,1,1,1.62379152537866,0.694169561878342,1,0.00555335649502673,1,0,"low MOD",0.325455613944018,"no"
293,1,1,1.87984538912679,0.850426299214771,1,0.00680341039371816,1,0,"low MOD",0.364560042082494,"no"
294,1,1,4.66460871537971,0.950112315743909,1,0.00760089852595126,1,0,"high MOD",0.792801133475505,"high"
295,1,1,4.00826807596831,0.669073511030113,1,0.0053525880882409,1,0,"high MOD",0.692344491359377,"high"
296,1,1,2.99916602470381,0.314815235268566,1,0.00251852188214853,1,0,"low MOD",0.537752037212398,"low"
297,1,1,3.34790321996381,0.700156648112,1,0.005601253184896,1,0,"high MOD",0.59069251387484,"low"
298,1,1,3.18143564230838,0.631233099119471,1,0.00504986479295576,1,0,"high MOD",0.565209360787531,"low"
299,1,1,3.44522116648303,0.607358905883857,1,0.00485887124707085,1,0,"high MOD",0.605835824555757,"high"
300,1,1,2.84982419990305,0.697259578395965,1,0.00557807662716771,1,0,"low MOD",0.51407032076343,"low"
301,1,1,2.91410877246561,0.777931168746772,1,0.00622344934997417,1,0,"low MOD",0.523811322837023,"low"
302,1,1,4.25564614081811,0.570218683155152,1,0.00456174946524121,1,0,"high MOD",0.730585156403116,"high"
303,1,1,3.90284515288018,0.700336961461094,1,0.00560269569168875,1,0,"high MOD",0.676067862975792,"high"
304,1,1,2.88043241963876,0.557390432791154,1,0.00445912346232923,1,0,"low MOD",0.519037497606963,"low"
305,1,1,3.39374614037787,0.770811812688609,1,0.00616649450150887,1,0,"high MOD",0.597614830557785,"low"
306,1,1,3.19385785766111,0.77074527534478,1,0.00616596220275823,1,0,"high MOD",0.566862909901072,"low"
307,1,1,2.40766774728958,0.790691226888442,1,0.00632552981510754,1,0,"low MOD",0.445873761933371,"low"
308,1,1,3.18688080024897,0.300723794079008,1,0.00240579035263206,1,0,"high MOD",0.566657248418465,"low"
309,1,1,2.85558186648596,0.455152732860638,1,0.0036412218628851,1,0,"low MOD",0.515403082106405,"low"
310,1,1,3.47368066367101,0.901578870223975,1,0.0072126309617918,1,0,"high MOD",0.609671033419742,"high"
311,1,1,3.20873641077702,0.948825833717912,1,0.00759060666974329,1,0,"high MOD",0.568823153964986,"low"
312,1,1,3.61935011546184,0.722321020161031,1,0.00577856816128825,1,0,"high MOD",0.632412655879986,"high"
313,1,1,1.87463439227603,0.776675640651829,1,0.00621340512521463,1,0,"low MOD",0.363894505321263,"no"
314,1,1,1.6381003902097,0.627232253652203,1,0.00501785802921762,1,0,"low MOD",0.327780554333211,"no"
315,1,1,3.38702501765235,0.895699720121441,1,0.00716559776097152,1,0,"high MOD",0.596350249386291,"low"
316,1,1,3.75771911148577,0.796235090182202,1,0.00636988072145761,1,0,"high MOD",0.653563736985166,"high"
317,1,1,3.99627176109006,0.849756315966506,1,0.00679805052773204,1,0,"high MOD",0.690165336199763,"high"
318,1,1,3.58054509226479,0.584471347749852,1,0.00467577078199881,1,0,"high MOD",0.626697144014121,"high"
319,1,1,1.93640276395677,0.71194048080925,1,0.00569552384647399,1,0,"low MOD",0.373516842798009,"no"
320,1,1,3.08252905684519,0.785500543085363,1,0.0062840043446829,1,0,"high MOD",0.549708161588949,"low"
321,1,1,3.37947508535249,0.592971958613933,1,0.00474377566891146,1,0,"high MOD",0.595747603361404,"low"
322,1,1,2.788936316446,0.880819243917986,1,0.00704655395134388,1,0,"low MOD",0.504364074695228,"low"
323,1,1,3.59137089780863,0.88546326119314,1,0.00708370608954512,1,0,"high MOD",0.627806975180664,"high"
324,1,1,3.91766373862994,0.62918240302357,1,0.00503345922418856,1,0,"high MOD",0.678479007660562,"high"
325,1,1,2.64006283506346,0.826963569503588,1,0.0066157085560287,1,0,"low MOD",0.481559888035295,"low"
326,1,1,3.39918665191319,0.751928192003326,1,0.00601542553602661,1,0,"high MOD",0.598486694401408,"low"
327,1,1,3.87333613317422,0.800998411327002,1,0.00640798729061601,1,0,"high MOD",0.67134217726743,"high"
328,1,1,3.5555390287142,0.785078324100525,1,0.00628062659280419,1,0,"high MOD",0.622479705973075,"high"
329,1,1,3.63591842600392,0.663364130190567,1,0.00530691304152453,1,0,"high MOD",0.635070470221789,"high"
330,1,1,3.33811145612523,0.677662824418539,1,0.00542130259534831,1,0,"high MOD",0.589227615728031,"low"
331,1,1,3.57267817448885,0.929336039126235,1,0.00743468831300988,1,0,"high MOD",0.624850175695282,"high"
332,1,1,3.43605263839976,0.690179318249,1,0.00552143454599199,1,0,"high MOD",0.604272382550888,"high"
333,1,1,3.03006593044738,0.551852972305738,1,0.0044148237784459,1,0,"high MOD",0.542068260735339,"low"
334,1,1,2.64528030127181,0.566409264687877,1,0.00453127411750302,1,0,"low MOD",0.482843598476239,"low"
335,1,1,2.34096551572843,0.540902185424997,1,0.00432721748339997,1,0,"low MOD",0.436073029154359,"low"
336,1,1,3.64992665517537,0.75793619041659,1,0.00606348952333272,1,0,"high MOD",0.637050987829288,"high"
337,1,1,2.2381778855043,0.474305486928094,1,0.00379444389542475,1,0,"low MOD",0.420382495332486,"low"
338,1,1,2.29937260224472,0.883364894331437,1,0.00706691915465149,1,0,"low MOD",0.429041880540422,"low"
339,1,1,2.40924363135082,0.695645641041039,1,0.00556516512832831,1,0,"low MOD",0.446291674408974,"low"
340,1,1,2.06210852119192,0.922931728468048,1,0.00738345382774438,1,0,"low MOD",0.392466667761586,"no"
341,1,1,2.66668383336513,0.781785222925718,1,0.00625428178340574,1,0,"low MOD",0.48573883241385,"low"
342,1,1,4.16643192551124,0.499490247920766,1,0.00399592198336612,1,0,"high MOD",0.716990468082491,"high"
343,1,1,3.45096091264565,0.590120641150345,1,0.00472096512920276,1,0,"high MOD",0.606750686915669,"high"
344,1,1,2.54332372930517,0.834919582092257,1,0.00667935665673805,1,0,"low MOD",0.466662260664624,"low"
345,1,1,2.94485791793485,0.611908942910273,1,0.00489527154328218,1,0,"low MOD",0.528848463172296,"low"
346,1,1,1.78812008303328,0.612072569779175,1,0.0048965805582334,1,0,"low MOD",0.350888494183989,"no"
347,1,1,2.56829911871566,0.59760808595593,1,0.00478086468764744,1,0,"low MOD",0.470942741797567,"low"
348,1,1,3.69956373610163,0.89907502581835,1,0.00719260020654679,1,0,"high MOD",0.644426897814125,"high"
349,1,1,3.68615700846836,0.864153655641577,1,0.00691322924513261,1,0,"high MOD",0.642428794553948,"high"
350,1,1,3.56109513698717,0.97697295640621,1,0.00781578365124968,1,0,"high MOD",0.622980224847738,"high"
351,1,1,3.4857525229112,0.915869345983196,1,0.00732695476786557,1,0,"high MOD",0.611501860116832,"high"
352,1,1,2.63344625085501,0.893507389016492,1,0.00714805911213193,1,0,"low MOD",0.480419101874895,"low"
353,1,1,2.68086353392471,0.90804890952302,1,0.00726439127618416,1,0,"low MOD",0.487687222616989,"low"
354,1,1,3.89563330746594,0.74777958613763,1,0.00598223668910104,1,0,"high MOD",0.67487076191266,"high"
355,1,1,3.66839614589348,0.443775356522923,1,0.00355020285218338,1,0,"high MOD",0.640472437171571,"high"
356,1,1,3.87272096402573,0.683017304308415,1,0.00546413843446732,1,0,"high MOD",0.671465347134466,"high"
357,1,1,1.73013658766464,0.940434282313293,1,0.00752347425850634,1,0,"low MOD",0.341361750196443,"no"
358,1,1,2.87000177805704,0.832438706348716,1,0.00665950965078972,1,0,"low MOD",0.516925002089362,"low"
359,1,1,1.71580577962314,0.942762535268725,1,0.0075421002821498,1,0,"low MOD",0.339152712184602,"no"
360,1,1,3.25683588264216,0.654118093543923,1,0.00523294474835138,1,0,"high MOD",0.576767148541483,"low"
361,1,1,2.90970690962222,0.899665190608229,1,0.00719732152486583,1,0,"low MOD",0.522909373436141,"low"
362,1,1,4.11128311220441,0.934454978453264,1,0.0074756398276261,1,0,"high MOD",0.707703023455841,"high"
363,1,1,2.95002839257601,0.666922514867702,1,0.00533538011894161,1,0,"low MOD",0.529542357291938,"low"
364,1,1,3.01338955931942,0.343612873429348,1,0.00274890298743479,1,0,"high MOD",0.539887108436656,"low"
365,1,1,2.51165031742871,0.647697500901327,1,0.00518158000721061,1,0,"low MOD",0.462135068833522,"low"
366,1,1,3.4249431911844,0.794707441058122,1,0.00635765952846497,1,0,"high MOD",0.602370261829492,"high"
367,1,1,1.7633112805507,0.762753034264229,1,0.00610202427411383,1,0,"low MOD",0.346793576021465,"no"
368,1,1,2.82729894815704,0.696130727545158,1,0.00556904582036126,1,0,"low MOD",0.510606981450231,"low"
369,1,1,2.85129434800347,0.183917906206211,1,0.00147134324964968,1,0,"low MOD",0.515244205096769,"low"
370,1,1,4.11283296728181,0.723568148523584,1,0.00578854518818867,1,0,"high MOD",0.708330792230697,"high"
371,1,1,3.43710417891298,0.789847023126941,1,0.00631877618501552,1,0,"high MOD",0.604250156097762,"high"
372,1,1,4.0810726295553,0.700232608481891,1,0.00560186086785512,1,0,"high MOD",0.703487667423619,"high"
373,1,1,3.41789938862103,0.861516701207927,1,0.00689213360966341,1,0,"high MOD",0.601163259724083,"high"
374,1,1,2.76682073697205,0.70041409346512,1,0.00560331274772096,1,0,"low MOD",0.501294733515457,"low"
375,1,1,3.86894549313796,0.793104662275129,1,0.00634483729820102,1,0,"high MOD",0.670681267260102,"high"
376,1,1,2.25994490015439,0.297064100334029,1,0.00237651280267223,1,0,"low MOD",0.424058481684674,"low"
377,1,1,3.2635190470067,0.85481810668333,1,0.00683854485346664,1,0,"high MOD",0.577424804573307,"low"
378,1,1,2.21224875528129,0.844365495005865,1,0.00675492396004692,1,0,"low MOD",0.41571021066788,"low"
379,1,1,3.85748561037081,0.791498172526102,1,0.00633198538020881,1,0,"high MOD",0.668921174200076,"high"
380,1,1,2.23437277246582,0.384488027763192,1,0.00307590422210554,1,0,"low MOD",0.419962910174256,"low"
381,1,1,3.82489213809587,0.796589080002564,1,0.00637271264002051,1,0,"high MOD",0.663897395251667,"high"
382,1,1,3.48480413590945,0.43405300323508,1,0.00347242402588064,1,0,"high MOD",0.612245461518558,"high"
383,1,1,4.39476406360144,0.934293942944741,1,0.00747435154355792,1,0,"high MOD",0.751315774813247,"high"
384,1,1,2.65275703393664,0.624522884664901,1,0.0049961830773192,1,0,"low MOD",0.483886578357025,"low"
385,1,1,2.81533234220874,0.716946719544688,1,0.0057355737563575,1,0,"low MOD",0.5087275356268,"low"
386,1,1,3.68274147025462,0.631243846339015,1,0.00504995077071212,1,0,"high MOD",0.642333314476701,"high"
387,1,1,3.43169946837722,0.884508344519216,1,0.00707606675615373,1,0,"high MOD",0.603243902806614,"high"
388,1,1,3.0618273785651,0.741409242295137,1,0.00593127393836109,1,0,"high MOD",0.546604687331932,"low"
389,1,1,2.87217261927022,0.674024432417875,1,0.00539219545934299,1,0,"low MOD",0.517551434781723,"low"
390,1,1,1.88711772352412,0.786738802161494,1,0.00629391041729195,1,0,"low MOD",0.365796439676643,"no"
391,1,1,2.13313250268821,0.959411522033841,1,0.00767529217627072,1,0,"low MOD",0.403326086834431,"low"
392,1,1,1.57538349105048,0.930032518895556,1,0.00744026015116444,1,0,"low MOD",0.317572784742113,"no"
393,1,1,2.50763415141808,0.308456906218788,1,0.0024676552497503,1,0,"low MOD",0.462143487468224,"low"
394,1,1,2.45223145983059,0.963340430196401,1,0.0077067234415712,1,0,"low MOD",0.45241098071819,"low"
395,1,1,2.990452125071,0.802737108311101,1,0.00642189686648881,1,0,"low MOD",0.535510658426349,"low"
396,1,1,3.92675510576359,0.947651554397297,1,0.00758121243517837,1,0,"high MOD",0.679289736478588,"high"
397,1,1,4.15341647657139,0.880218562007492,1,0.00704174849605993,1,0,"high MOD",0.714285208281123,"high"
398,1,1,3.46537856846849,0.853434038702385,1,0.00682747230961907,1,0,"high MOD",0.608482670769856,"high"
399,1,1,2.46085888906078,0.792482231716366,1,0.00633985785373092,1,0,"low MOD",0.454053708043106,"low"
400,1,1,2.38160083146484,0.707571859820994,1,0.00566057487856795,1,0,"low MOD",0.442016918330306,"low"
401,1,1,2.66894394146128,0.926904275836012,1,0.00741523420668809,1,0,"low MOD",0.485818629254039,"low"
402,1,1,3.05005875955136,0.696547659365464,1,0.00557238127492371,1,0,"high MOD",0.544876951944457,"low"
403,1,1,2.92107238672809,0.974153616634577,1,0.00779322893307661,1,0,"low MOD",0.524520391281304,"low"
404,1,1,3.37737242842917,0.676131075865643,1,0.00540904860692514,1,0,"high MOD",0.595270593156736,"low"
405,1,1,1.70797441271261,0.881370043267325,1,0.0070509603461386,1,0,"low MOD",0.338061226491293,"no"
406,1,1,2.87170751804934,0.789854846591345,1,0.00631883877273076,1,0,"low MOD",0.517266039983114,"low"
407,1,1,2.52001742062239,0.254838008404612,1,0.00203870406723689,1,0,"low MOD",0.464147594541774,"low"
408,1,1,2.40338285513749,0.949316482375954,1,0.00759453185900763,1,0,"low MOD",0.444921701130612,"low"
409,1,1,1.86512751108781,0.708226485295504,1,0.00566581188236403,1,0,"low MOD",0.36255827588681,"no"
410,1,1,3.20631251862794,0.491331448006983,1,0.00393065158405586,1,0,"high MOD",0.569294852500286,"low"
411,1,1,3.12371684493555,0.780023387632389,1,0.00624018710105911,1,0,"high MOD",0.556054856043686,"low"
412,1,1,3.20092021155935,0.443266463673134,1,0.00354613170938507,1,0,"high MOD",0.56855400215312,"low"
413,1,1,2.80524629321332,0.815910716109757,1,0.00652728572887805,1,0,"low MOD",0.506993133018461,"low"
414,1,1,2.90801225990039,0.673891381669121,1,0.00539113105335297,1,0,"low MOD",0.523065471280055,"low"
415,1,1,3.13221467670416,0.530050287530925,1,0.0042404023002474,1,0,"high MOD",0.557823703577506,"low"
416,1,1,2.99200242775337,0.747844064199472,1,0.00598275251359578,1,0,"low MOD",0.535850507535842,"low"
417,1,1,1.90194899850606,0.852548515532391,1,0.00682038812425913,1,0,"low MOD",0.367956679433795,"no"
418,1,1,3.13742639942773,0.62726646836029,1,0.00501813174688232,1,0,"high MOD",0.558446031047294,"low"
419,1,1,2.3496803286467,0.381050498001599,1,0.00304840398401279,1,0,"low MOD",0.437708880410875,"low"
420,1,1,2.38130353338674,0.650712679494342,1,0.00520570143595473,1,0,"low MOD",0.442076150958894,"low"
421,1,1,2.45392547216932,0.682779251468584,1,0.00546223401174867,1,0,"low MOD",0.453189557100261,"low"
422,1,1,3.04360263318621,0.805718989606579,1,0.00644575191685263,1,0,"high MOD",0.543682154663221,"low"
423,1,1,2.73002445491676,0.635627724184431,1,0.00508502179347544,1,0,"low MOD",0.495753372650238,"low"
424,1,1,2.47899462384791,0.747671320169373,1,0.00598137056135498,1,0,"low MOD",0.456926548923981,"low"
425,1,1,3.64871727419791,0.748497004049198,1,0.00598797603239358,1,0,"high MOD",0.636882355407588,"high"
426,1,1,3.60686094880653,0.950380128880501,1,0.007603041031044,1,0,"high MOD",0.63007021342461,"high"
427,1,1,3.97948252248363,0.798628809168594,1,0.00638903047334875,1,0,"high MOD",0.687676765657477,"high"
428,1,1,1.65453454409565,0.407103930329748,1,0.00325683144263798,1,0,"low MOD",0.33071527645103,"no"
429,1,1,2.03196317958309,0.731493876720314,1,0.00585195101376251,1,0,"low MOD",0.388182346624991,"no"
430,1,1,2.6674050247329,0.32286995119498,1,0.00258295960955984,1,0,"low MOD",0.486697013125932,"low"
431,1,1,3.61518501498401,0.661016049369968,1,0.00528812839495974,1,0,"high MOD",0.631885049598703,"high"
432,1,1,3.02710140486206,0.959067076955735,1,0.00767253661564588,1,0,"high MOD",0.540860399990553,"low"
433,1,1,3.22965520850494,0.295226144419917,1,0.00236180915535933,1,0,"high MOD",0.573248076118755,"low"
434,1,1,3.62127512341725,0.882377721168687,1,0.00705902176934949,1,0,"high MOD",0.632413321655881,"high"
435,1,1,3.984983095672,0.880641942964539,1,0.00704513554371631,1,0,"high MOD",0.688371598824065,"high"
436,1,1,3.49404202202292,0.812443750099335,1,0.00649955000079468,1,0,"high MOD",0.612968107234112,"high"
437,1,1,3.21556458258551,0.884795173499479,1,0.00707836138799583,1,0,"high MOD",0.569991852385157,"low"
438,1,1,2.85917674101808,0.388059166112425,1,0.0031044733288994,1,0,"low MOD",0.516080004773035,"low"
439,1,1,3.25196137363605,0.350343424829106,1,0.00280274739863285,1,0,"high MOD",0.576578038852015,"low"
440,1,1,4.22769214107347,0.839579147391871,1,0.00671663317913496,1,0,"high MOD",0.725787260200733,"high"
441,1,1,4.53917901400103,0.633939928954904,1,0.00507151943163923,1,0,"high MOD",0.774087959208242,"high"
442,1,1,2.86710463111368,0.937984636368679,1,0.00750387709094943,1,0,"low MOD",0.516284433150348,"low"
443,1,1,2.12901924907032,0.451762517176206,1,0.00361410013740964,1,0,"low MOD",0.403630476748339,"low"
444,1,1,2.43448436508766,0.794066270332659,1,0.00635253016266127,1,0,"low MOD",0.449993164591333,"low"
445,1,1,2.5558946935887,0.935754912336819,1,0.00748603929869455,1,0,"low MOD",0.468410097637024,"low"
446,1,1,2.93419455651148,0.7938688065566,1,0.0063509504524528,1,0,"low MOD",0.526872020128123,"low"
447,1,1,3.5660407607288,0.997888111767191,1,0.00798310489413753,1,0,"high MOD",0.623702477444246,"high"
448,1,1,3.85165446810014,0.895647877536731,1,0.00716518302029384,1,0,"high MOD",0.667831799010723,"high"
449,1,1,2.63497430619864,0.970128963286784,1,0.00776103170629427,1,0,"low MOD",0.480512732098338,"low"
450,1,1,2.2407774545502,0.966483818270601,1,0.0077318705461648,1,0,"low MOD",0.419873792112454,"low"
451,1,1,3.51595156310294,0.667538971685501,1,0.005340311773484,1,0,"high MOD",0.616606322375802,"high"
452,1,1,2.75070164855507,0.538074632180729,1,0.00430459705744583,1,0,"low MOD",0.49911457737983,"low"
453,1,1,2.66012505781248,0.792673975149518,1,0.00634139180119614,1,0,"low MOD",0.484709687709336,"low"
454,1,1,3.01639624932972,0.616053823591224,1,0.00492843058872979,1,0,"high MOD",0.539846708222558,"low"
455,1,1,3.74369552976589,0.867671615575535,1,0.00694137292460427,1,0,"high MOD",0.651274380058305,"high"
456,1,1,2.82702142974062,0.974393359579948,1,0.00779514687663958,1,0,"low MOD",0.510050570680871,"low"
457,1,1,3.4699466672096,0.766465644368067,1,0.00613172515494453,1,0,"high MOD",0.609346012227259,"high"
458,1,1,3.99754639261303,0.704778365387677,1,0.00563822692310141,1,0,"high MOD",0.690629084958212,"high"
459,1,1,3.02432828689959,0.81446932258737,1,0.00651575458069896,1,0,"high MOD",0.540700716158237,"low"
460,1,1,1.53068957876383,0.96990295724838,1,0.00775922365798703,1,0,"low MOD",0.310623191273362,"no"
461,1,1,2.84490031641049,0.977859368723492,1,0.00782287494978793,1,0,"low MOD",0.51279476984397,"low"
462,1,1,3.14912742963705,0.57883961788239,1,0.00463071694305911,1,0,"high MOD",0.560335592957302,"low"
463,1,1,3.18478719230698,0.946149205812921,1,0.00756919364650337,1,0,"high MOD",0.565143600282649,"low"
464,1,1,3.45448476954602,0.789408576078713,1,0.0063152686086297,1,0,"high MOD",0.606924902558934,"high"
465,1,1,2.90763164918153,0.623791295443224,1,0.00499033036354579,1,0,"low MOD",0.523099408251725,"low"
466,1,1,2.24703403914606,0.747408571932068,1,0.00597926857545654,1,0,"low MOD",0.421240790197366,"low"
467,1,1,3.32107567655562,0.478444882157689,1,0.00382755905726151,1,0,"high MOD",0.586974513533805,"low"
468,1,1,3.06988504133057,0.972768155555503,1,0.00778214524444402,1,0,"high MOD",0.547417203609831,"low"
469,1,1,3.68292854911724,0.765697859525149,1,0.00612558287620119,1,0,"high MOD",0.642113873046607,"high"
470,1,1,3.81322615526573,0.848668833081583,1,0.00678935066465266,1,0,"high MOD",0.662006481425962,"high"
471,1,1,4.08498708960249,0.677000057984737,1,0.00541600046387789,1,0,"high MOD",0.704132782908718,"high"
472,1,1,3.6572053784729,0.835439815541262,1,0.00668351852433009,1,0,"high MOD",0.638027707797908,"high"
473,1,1,3.78043226637271,0.770126589059379,1,0.00616101271247503,1,0,"high MOD",0.657106268816,"high"
474,1,1,2.62142611341153,0.561278243578846,1,0.00449022594863077,1,0,"low MOD",0.479183196075166,"low"
475,1,1,3.45064450107582,0.837867688833565,1,0.00670294151066852,1,0,"high MOD",0.606244629047664,"high"
476,1,1,2.76640573403599,0.874440284498651,1,0.0069955222759892,1,0,"low MOD",0.500909607788001,"low"
477,1,1,4.24280096627261,0.725881782341895,1,0.00580705425873515,1,0,"high MOD",0.72832159767454,"high"
478,1,1,2.40371997059739,0.577686158964253,1,0.00462148927171402,1,0,"low MOD",0.445659651798434,"low"
479,1,1,2.66614327795509,0.690878395927797,1,0.00552702716742237,1,0,"low MOD",0.485823498031378,"low"
480,1,1,2.75194092634517,0.617628546432947,1,0.00494102837146357,1,0,"low MOD",0.499158366736611,"low"
481,1,1,3.66171572899865,0.878855639927463,1,0.0070308451194197,1,0,"high MOD",0.638641455587619,"high"
482,1,1,2.49920904001642,0.677680992049749,1,0.00542144793639799,1,0,"low MOD",0.460165672017203,"low"
483,1,1,4.30139176048503,0.816335792847016,1,0.00653068634277613,1,0,"high MOD",0.737168573995518,"high"
484,1,1,4.31632302008819,0.302917890067708,1,0.00242334312054166,1,0,"high MOD",0.740413539293442,"high"
485,1,1,2.57604330710769,0.860595300342983,1,0.00688476240274386,1,0,"low MOD",0.471648640539011,"low"
486,1,1,2.54992844762136,0.554356413750444,1,0.00443485131000355,1,0,"low MOD",0.468196333947131,"low"
487,1,1,3.22129206388555,0.72636344637713,1,0.00581090757101703,1,0,"high MOD",0.571165492696774,"low"
488,1,1,3.15073941095521,0.942549357487922,1,0.00754039485990337,1,0,"high MOD",0.559912125948516,"low"
489,1,1,3.74229175871455,0.689583942993283,1,0.00551667154394626,1,0,"high MOD",0.651387192522867,"high"
490,1,1,3.84409359136365,0.522488496952339,1,0.00417990797561871,1,0,"high MOD",0.667357496830804,"high"
491,1,1,2.29841464631773,0.651898279701056,1,0.00521518623760845,1,0,"low MOD",0.429321825686357,"low"
492,1,1,3.86895976193048,0.789179349224608,1,0.00631343479379686,1,0,"high MOD",0.670690709190736,"high"
493,1,1,2.79889117314623,0.539990201975298,1,0.00431992161580238,1,0,"low MOD",0.506524813957312,"low"
494,1,1,2.36288572484548,0.86375563190391,1,0.00691004505523127,1,0,"low MOD",0.438849331886559,"low"
495,1,1,3.53078742261586,0.75209380524404,1,0.00601675044195231,1,0,"high MOD",0.618732661069681,"high"
496,1,1,2.24020760061833,0.881910862043641,1,0.00705528689634912,1,0,"low MOD",0.419942256965201,"low"
497,1,1,2.86758899130502,0.862482728020652,1,0.00689986182416521,1,0,"low MOD",0.516498338241349,"low"
498,1,1,4.24887014364578,0.68045313020573,1,0.00544362504164584,1,0,"high MOD",0.729339185551278,"high"
499,1,1,2.15819974941751,0.929724368234723,1,0.00743779494587778,1,0,"low MOD",0.407237393384414,"low"
500,1,1,2.29896451477545,0.449450237145695,1,0.00359560189716556,1,0,"low MOD",0.429780171066108,"low"
501,1,1,2.67328677397473,0.500501359455492,1,0.00400401087564393,1,0,"low MOD",0.487273962717118,"low"
502,1,1,2.01597347223461,0.713839900885514,1,0.00571071920708411,1,0,"low MOD",0.385754983603689,"no"
503,1,1,3.23119007690355,0.857686181794546,1,0.00686148945435636,1,0,"high MOD",0.572445821957233,"low"
504,1,1,3.38203810657131,0.685060101891663,1,0.0054804808151333,1,0,"high MOD",0.595971905438248,"low"
505,1,1,3.11681185748753,0.637441959075605,1,0.00509953567260483,1,0,"high MOD",0.555255777535173,"low"
506,1,1,3.4955593024876,0.729033099719737,1,0.00583226479775789,1,0,"high MOD",0.613355523890918,"high"
507,1,1,1.84914290885761,0.872694313331038,1,0.0069815545066483,1,0,"low MOD",0.359795473399636,"no"
508,1,1,3.35673307213311,0.533098109286902,1,0.00426478487429521,1,0,"high MOD",0.592359368434102,"low"
509,1,1,3.85168943027366,0.684961948827497,1,0.00547969559061997,1,0,"high MOD",0.668226136444266,"high"
510,1,1,2.6619201772944,0.769013636349222,1,0.00615210909079377,1,0,"low MOD",0.485029540562801,"low"
511,1,1,2.76499413987793,0.986422334150845,1,0.00789137867320675,1,0,"low MOD",0.500485703364326,"low"
512,1,1,2.22260038183811,0.836191927957147,1,0.00668953542365717,1,0,"low MOD",0.417317858261943,"low"
513,1,1,3.70702725486623,0.717493834751818,1,0.00573995067801454,1,0,"high MOD",0.645910358284493,"high"
514,1,1,3.80345545533159,0.526941969164323,1,0.00421553575331458,1,0,"high MOD",0.661097254107941,"high"
515,1,1,2.16262161085634,0.656915504417425,1,0.0052553240353394,1,0,"low MOD",0.40842132689282,"low"
516,1,1,2.70998878346286,0.70392014310262,1,0.00563136114482096,1,0,"low MOD",0.492544883345482,"low"
517,1,1,3.48062995778892,0.61409233704017,1,0.00491273869632136,1,0,"high MOD",0.611270899960683,"high"
518,1,1,3.39279904575197,0.872921902030743,1,0.00698337521624594,1,0,"high MOD",0.597280612758092,"low"
519,1,1,2.26810441871682,0.796909674223676,1,0.0063752773937894,1,0,"low MOD",0.424391000404021,"low"
520,1,1,1.84425895760929,0.401411462022429,1,0.00321129169617943,1,0,"low MOD",0.35991415693308,"no"
521,1,1,2.77945210830211,0.934697107468248,1,0.00747757685974598,1,0,"low MOD",0.502805498924998,"low"
522,1,1,3.50635043419409,0.583734805771974,1,0.00466987844617579,1,0,"high MOD",0.615283941003819,"high"
523,1,1,2.45267701965272,0.898781420898606,1,0.00719025136718885,1,0,"low MOD",0.452598714246452,"low"
524,1,1,3.83538385220229,0.773838428323633,1,0.00619070742658906,1,0,"high MOD",0.665553506317294,"high"
525,1,1,3.5189876514195,0.434863048173573,1,0.00347890438538858,1,0,"high MOD",0.61750296843714,"high"
526,1,1,2.74519584167665,0.877413194470083,1,0.00701930555576066,1,0,"low MOD",0.497641058975847,"low"
527,1,1,3.32957591309737,0.346092957142641,1,0.00276874365714113,1,0,"high MOD",0.588526584247948,"low"
528,1,1,3.04089169618147,0.731331454466469,1,0.00585065163573175,1,0,"high MOD",0.543402418265826,"low"
529,1,1,3.29404119870946,0.95090069234628,1,0.00760720553877023,1,0,"high MOD",0.581943136984817,"low"
530,1,1,2.71751776521447,0.863225574829004,1,0.00690580459863203,1,0,"low MOD",0.49340908589485,"low"
531,1,1,1.81137063674858,0.494700984059665,1,0.00395760787247731,1,0,"low MOD",0.354682188452286,"no"
532,1,1,1.82150181916647,0.865138705166094,1,0.00692110964132875,1,0,"low MOD",0.355556946877611,"no"
533,1,1,3.22430821208484,0.996314944100166,1,0.00797051955280133,1,0,"high MOD",0.571131143500868,"low"
534,1,1,1.83296501727674,0.545598263472077,1,0.00436478610777662,1,0,"low MOD",0.357910436633088,"no"
535,1,1,3.63941782125225,0.958769896815096,1,0.00767015917452077,1,0,"high MOD",0.635063474229302,"high"
536,1,1,2.40007189050046,0.585451357594181,1,0.00468361086075344,1,0,"low MOD",0.445084072955281,"low"
537,1,1,2.93262946901992,0.670340145307112,1,0.00536272116245689,1,0,"low MOD",0.526859290350189,"low"
538,1,1,3.91494352491554,0.862639948666314,1,0.00690111958933051,1,0,"high MOD",0.67762951469716,"high"
539,1,1,2.98063079691666,0.931814468148891,1,0.00745451574519113,1,0,"low MOD",0.533761388199827,"low"
540,1,1,3.01295657627106,0.802267662913707,1,0.00641814130330965,1,0,"high MOD",0.538973748356322,"low"
541,1,1,2.46378603997439,0.446394903383759,1,0.00357115922707007,1,0,"low MOD",0.455142969405198,"low"
542,1,1,2.10275537251126,0.73510169958687,1,0.00588081359669496,1,0,"low MOD",0.399066792633264,"no"
543,1,1,1.77963170733196,0.849341092811389,1,0.00679472874249111,1,0,"low MOD",0.349144556033573,"no"
544,1,1,2.86473048159068,0.638035450902534,1,0.00510428360722027,1,0,"low MOD",0.516472931719977,"low"
545,1,1,2.62765219273704,0.734344358187423,1,0.00587475486549938,1,0,"low MOD",0.479821547759814,"low"
546,1,1,3.44955836409146,0.715340772317766,1,0.00572272617854212,1,0,"high MOD",0.606303734588253,"high"
547,1,1,3.06668593409363,0.87128175565638,1,0.00697025404525103,1,0,"high MOD",0.547112392773193,"low"
548,1,1,3.78272672839371,0.929453867781362,1,0.00743563094225089,1,0,"high MOD",0.657165120304667,"high"
549,1,1,2.78781545646863,0.793183078418515,1,0.00634546462734812,1,0,"low MOD",0.504353424542709,"low"
550,1,1,2.81545138409855,0.723409227908613,1,0.0057872738232689,1,0,"low MOD",0.508733918979023,"low"
551,1,1,2.6788760351075,0.862889450930045,1,0.00690311560744035,1,0,"low MOD",0.48746482487636,"low"
552,1,1,3.26937224714916,0.727754853658899,1,0.00582203882927118,1,0,"high MOD",0.578559875216194,"low"
553,1,1,2.75190665375365,0.626340619372199,1,0.00501072495497759,1,0,"low MOD",0.499137010203258,"low"
554,1,1,2.39792775982119,0.889693021938707,1,0.00711754417550965,1,0,"low MOD",0.444192529778142,"low"
555,1,1,3.89977301529845,0.877227343925479,1,0.00701781875140383,1,0,"high MOD",0.675268659564822,"high"
556,1,1,3.91485940463311,0.553449563573508,1,0.00442759650858806,1,0,"high MOD",0.678187386133881,"high"
557,1,1,2.95125693173935,0.72389377438835,1,0.0057911501951068,1,0,"low MOD",0.529626185607182,"low"
558,1,1,2.70010077180786,0.973192120748797,1,0.00778553696599037,1,0,"low MOD",0.490526533285981,"low"
559,1,1,1.98788780075123,0.868572568726615,1,0.00694858054981291,1,0,"low MOD",0.381148450757925,"no"
560,1,1,3.0138109150429,0.743705920341588,1,0.0059496473627327,1,0,"high MOD",0.539213299076738,"low"
561,1,1,2.53362327401141,0.976117900197229,1,0.00780894320157783,1,0,"low MOD",0.464909209109084,"low"
562,1,1,1.77337573506447,0.800634126411279,1,0.00640507301129023,1,0,"low MOD",0.348272019315006,"no"
563,1,1,3.07104490427192,0.528366283339123,1,0.00422693026671298,1,0,"high MOD",0.548416078287977,"low"
564,1,1,2.40778663264147,0.792343232790409,1,0.00633874586232327,1,0,"low MOD",0.445889002130459,"low"
565,1,1,2.87163619369576,0.461208176962945,1,0.00368966541570356,1,0,"low MOD",0.517861799318801,"low"
566,1,1,2.63932335255413,0.991928256918216,1,0.00793542605534572,1,0,"low MOD",0.481141571303249,"low"
567,1,1,2.31060384419792,0.608540516919506,1,0.00486832413535605,1,0,"low MOD",0.431277131999214,"low"
568,1,1,2.88303335062623,0.518427751076628,1,0.00414742200861302,1,0,"low MOD",0.519509571940509,"low"
569,1,1,2.20324978798079,0.721248963925593,1,0.00576999171140474,1,0,"low MOD",0.41455304621749,"low"
570,1,1,2.94927460176998,0.603960450844744,1,0.00483168360675795,1,0,"low MOD",0.529542627132284,"low"
571,1,1,3.22157579604407,0.516675380580875,1,0.004133403044647,1,0,"high MOD",0.571596260227246,"low"
572,1,1,3.75968475813074,0.785867713568166,1,0.00628694170854533,1,0,"high MOD",0.653885283933526,"high"
573,1,1,3.66525261828229,0.982452674800248,1,0.00785962139840198,1,0,"high MOD",0.638994336336105,"high"
574,1,1,2.73176561480313,0.780807930285556,1,0.00624646344228445,1,0,"low MOD",0.495753218406108,"low"
575,1,1,2.77157487219654,0.929645757064291,1,0.00743716605651433,1,0,"low MOD",0.501602942017195,"low"
576,1,1,2.74114830845582,0.453803788452331,1,0.00363043030761865,1,0,"low MOD",0.497800409691446,"low"
577,1,1,3.05167447033753,0.694256479778173,1,0.00555405183822538,1,0,"high MOD",0.545129752704645,"low"
578,1,1,3.975427140845,0.546722485609079,1,0.00437377988487263,1,0,"high MOD",0.687517918618107,"high"
579,1,1,2.67976699928911,0.869627267079772,1,0.00695701813663817,1,0,"low MOD",0.487589457243715,"low"
580,1,1,3.42682823863272,0.787394854014527,1,0.00629915883211621,1,0,"high MOD",0.602673769289931,"high"
581,1,1,2.88848708680429,0.901531213536883,1,0.00721224970829506,1,0,"low MOD",0.5196413403449,"low"
582,1,1,3.07953532521543,0.623038939080255,1,0.00498431151264204,1,0,"high MOD",0.549547516607149,"low"
583,1,1,1.69223014562799,0.917711052764544,1,0.00734168842211635,1,0,"low MOD",0.335571940460741,"no"
584,1,1,2.04551021802718,0.786514450680605,1,0.00629211560544484,1,0,"low MOD",0.390164929941386,"no"
585,1,1,2.34518639866683,0.858269160104609,1,0.00686615328083687,1,0,"low MOD",0.436136487499319,"low"
586,1,1,2.04941575142896,0.781422307899533,1,0.00625137846319626,1,0,"low MOD",0.390775182112949,"no"
587,1,1,3.18130295509423,0.713987174623228,1,0.00571189739698582,1,0,"high MOD",0.565036170615193,"low"
588,1,1,2.38752633168914,0.498095605956658,1,0.00398476484765326,1,0,"low MOD",0.443315259141179,"low"
589,1,1,3.47359292749873,0.89415363530636,1,0.00715322908245087,1,0,"high MOD",0.609671243673085,"high"
590,1,1,2.7359929432055,0.794177374366483,1,0.00635341899493186,1,0,"low MOD",0.496378894571247,"low"
591,1,1,1.82859392768316,0.903295827999425,1,0.00722636662399539,1,0,"low MOD",0.356577596576487,"no"
592,1,1,1.99845190530142,0.316881267129857,1,0.00253505013703885,1,0,"low MOD",0.383792204630132,"no"
593,1,1,4.04989037107432,0.770501833865724,1,0.00616401467092579,1,0,"high MOD",0.698560669087374,"high"
594,1,1,4.38832977695513,0.787896682850783,1,0.00630317346280626,1,0,"high MOD",0.750596156424756,"high"
595,1,1,3.37711251582019,0.949168754780604,1,0.00759335003824483,1,0,"high MOD",0.594726537040435,"low"
596,1,1,2.93880720878378,0.727861902492732,1,0.00582289521994185,1,0,"low MOD",0.527703517839056,"low"
597,1,1,2.6471569319949,0.46270791548138,1,0.00370166332385104,1,0,"low MOD",0.483323759539866,"low"
598,1,1,2.13110015553174,0.729492648477547,1,0.00583594118782037,1,0,"low MOD",0.403437883653848,"low"
599,1,1,3.80962985493368,0.548181128612017,1,0.00438544902889614,1,0,"high MOD",0.662007950983129,"high"
600,1,1,3.32706663822011,0.849395435590027,1,0.00679516348472021,1,0,"high MOD",0.587211368152774,"low"
601,1,1,3.97556576768521,0.735616578458348,1,0.00588493262766678,1,0,"high MOD",0.687190518268263,"high"
602,1,1,3.13005534536283,0.731980154224795,1,0.00585584123379835,1,0,"high MOD",0.557118705155712,"low"
603,1,1,3.00394688966175,0.907582014587645,1,0.00726065611670116,1,0,"high MOD",0.537393216228722,"low"
604,1,1,2.81084737462282,0.472065940101764,1,0.00377652752081411,1,0,"low MOD",0.5084896282064,"low"
605,1,1,2.48020921447442,0.696758202520741,1,0.00557406562016593,1,0,"low MOD",0.457207402468334,"low"
606,1,1,2.27206223547969,0.960497664345541,1,0.00768398131476432,1,0,"low MOD",0.424697886693468,"low"
607,1,1,3.51594683778295,0.715800014065601,1,0.0057264001125248,1,0,"high MOD",0.616516498094486,"high"
608,1,1,2.4619819891467,0.671224916459185,1,0.00536979933167348,1,0,"low MOD",0.454450352330644,"low"
609,1,1,3.759155836503,0.588898505698027,1,0.00471118804558421,1,0,"high MOD",0.654167546836096,"high"
610,1,1,3.13050981111212,0.501727186616007,1,0.00401381749292805,1,0,"high MOD",0.557613705365036,"low"
611,1,1,2.2072751140275,0.856495203825127,1,0.00685196163060101,1,0,"low MOD",0.414922641781785,"low"
612,1,1,2.07574874519835,0.534525289652266,1,0.00427620231721812,1,0,"low MOD",0.395282221803465,"no"
613,1,1,2.98975000477617,0.576362234185569,1,0.00461089787348455,1,0,"low MOD",0.535820562763991,"low"
614,1,1,2.45861844083554,0.91917388464977,1,0.00735339107719816,1,0,"low MOD",0.453475131418422,"low"
615,1,1,2.87721371842603,0.745501761821403,1,0.00596401409457122,1,0,"low MOD",0.518195030351411,"low"
616,1,1,1.9708935985774,0.458501948511384,1,0.00366801558809107,1,0,"low MOD",0.379291011568502,"no"
617,1,1,3.63908281700341,0.510219154687718,1,0.00408175323750174,1,0,"high MOD",0.63584002879187,"high"
618,1,1,1.69488218813222,0.487139509286579,1,0.00389711607429263,1,0,"low MOD",0.336774848310889,"no"
619,1,1,2.80954210387443,0.687653015482804,1,0.00550122412386243,1,0,"low MOD",0.507890810413637,"low"
620,1,1,2.5682819973471,0.716061244662082,1,0.00572848995729666,1,0,"low MOD",0.470721424986332,"low"
621,1,1,2.99548619688783,0.990810945026783,1,0.00792648756021426,1,0,"low MOD",0.535937917776539,"low"
622,1,1,3.83362018316092,0.757213766964063,1,0.0060577101357125,1,0,"high MOD",0.66531286430113,"high"
623,1,1,2.26262569157561,0.918707052145421,1,0.00734965641716337,1,0,"low MOD",0.423323262607671,"low"
624,1,1,2.56520244895838,0.398520441921155,1,0.00318816353536924,1,0,"low MOD",0.470833877485434,"low"
625,1,1,1.7230532962661,0.723024474881946,1,0.00578419579905557,1,0,"low MOD",0.340673385010388,"no"
626,1,1,3.94181448902669,0.871911980057665,1,0.00697529584046131,1,0,"high MOD",0.681746391579384,"high"
627,1,1,3.07457554411728,0.925917808002736,1,0.00740734246402188,1,0,"high MOD",0.548225312372499,"low"
628,1,1,2.73296420644932,0.65212666631342,1,0.00521701333050736,1,0,"low MOD",0.496175182531316,"low"
629,1,1,3.19447102087674,0.630438133054521,1,0.00504350506443616,1,0,"high MOD",0.56721627127386,"low"
630,1,1,2.19446465937271,0.882391121781983,1,0.00705912897425586,1,0,"low MOD",0.412903994755589,"low"
631,1,1,3.40542941612237,0.895884831362947,1,0.00716707865090357,1,0,"high MOD",0.599181353560926,"low"
632,1,1,3.02002092918066,0.967506002764567,1,0.00774004802211653,1,0,"high MOD",0.539755516484228,"low"
633,1,1,2.84025933491485,0.917166098263659,1,0.00733732878610927,1,0,"low MOD",0.51219282180549,"low"
634,1,1,3.50734239418871,0.954258768545481,1,0.00763407014836384,1,0,"high MOD",0.614752505994794,"high"
635,1,1,2.83188536914151,0.614793468468835,1,0.00491834774775068,1,0,"low MOD",0.511462745772289,"low"
636,1,1,2.82056009620422,0.825511310133529,1,0.00660409048106823,1,0,"low MOD",0.509331378535788,"low"
637,1,1,1.97303564426657,0.530666738750549,1,0.00424533391000439,1,0,"low MOD",0.379487329754086,"no"
638,1,1,3.2079663358825,0.933620032347692,1,0.00746896025878153,1,0,"high MOD",0.568732753152974,"low"
639,1,1,1.76837555372999,0.738978818419363,1,0.0059118305473549,1,0,"low MOD",0.347616585832148,"no"
640,1,1,2.87041725735831,0.869868268313229,1,0.00695894614650583,1,0,"low MOD",0.516919821252084,"low"
641,1,1,3.35947122967346,0.828326727686635,1,0.00662661382149308,1,0,"high MOD",0.592235585990957,"low"
642,1,1,3.46507648745012,0.66246743687115,1,0.0052997394949692,1,0,"high MOD",0.608788750493488,"high"
643,1,1,2.87568209276015,0.885878728707424,1,0.00708702982965939,1,0,"low MOD",0.517700238156255,"low"
644,1,1,3.17661438658939,0.778729856795265,1,0.00622983885436212,1,0,"high MOD",0.564195327431977,"low"
645,1,1,1.98888313011613,0.799835725043188,1,0.0063986858003455,1,0,"low MOD",0.381428477140864,"no"
646,1,1,2.50915998411634,0.376746296575085,1,0.00301397037260068,1,0,"low MOD",0.462252158239606,"low"
647,1,1,2.6471723412635,0.473120969873664,1,0.00378496775898931,1,0,"low MOD",0.483306906096157,"low"
648,1,1,1.55380121618397,0.604989339677117,1,0.00483991471741694,1,0,"low MOD",0.31485251447813,"no"
649,1,1,2.67928995632721,0.952131804734679,1,0.00761705443787743,1,0,"low MOD",0.487363749949291,"low"
650,1,1,3.23811444742517,0.357255675868973,1,0.00285804540695179,1,0,"high MOD",0.574434981433038,"low"
651,1,1,3.02777725930487,0.766566796050302,1,0.00613253436840241,1,0,"high MOD",0.541319762731117,"low"
652,1,1,3.85278749413673,0.811860458787136,1,0.00649488367029708,1,0,"high MOD",0.668160795174044,"high"
653,1,1,3.31333282937995,0.923610841021578,1,0.00738888672817262,1,0,"high MOD",0.584961461428875,"low"
654,1,1,1.58471373854895,0.993868078149189,1,0.00795094462519351,1,0,"low MOD",0.318890357170947,"no"
655,1,1,3.05970993713096,0.871007421179705,1,0.00696805936943764,1,0,"high MOD",0.546039668934893,"low"
656,1,1,3.66116639419002,0.443567824967318,1,0.00354854259973854,1,0,"high MOD",0.63936055081391,"high"
657,1,1,2.99328796316827,0.982043259034958,1,0.00785634607227966,1,0,"low MOD",0.535615914470747,"low"
658,1,1,3.86153767687965,0.353252641662072,1,0.00282602113329657,1,0,"high MOD",0.670353637719955,"high"
659,1,1,3.32811016809647,0.807345193465649,1,0.00645876154772519,1,0,"high MOD",0.587449542426905,"low"
660,1,1,2.36453638749548,0.812827291063451,1,0.0065026183285076,1,0,"low MOD",0.43919730153888,"low"
661,1,1,3.40005723647734,0.876552510193442,1,0.00701242008154753,1,0,"high MOD",0.598390554823849,"low"
662,1,1,3.53333200433258,0.498306157271544,1,0.00398644925817235,1,0,"high MOD",0.619592666222358,"high"
663,1,1,2.29790938154037,0.585305906866069,1,0.00468244725492855,1,0,"low MOD",0.42936703240892,"low"
664,1,1,2.00178858816799,0.705207918690353,1,0.00564166334952282,1,0,"low MOD",0.383588629714416,"no"
665,1,1,2.62885138519023,0.679118485841376,1,0.00543294788673101,1,0,"low MOD",0.480107994363097,"low"
666,1,1,2.84598750342995,0.712802017141719,1,0.00570241613713375,1,0,"low MOD",0.5134513660345,"low"
667,1,1,1.7765501304573,0.476198854593921,1,0.00380959083675137,1,0,"low MOD",0.349359345261873,"no"
668,1,1,2.78807334728322,0.68534514373696,1,0.00548276114989567,1,0,"low MOD",0.504592185470519,"low"
669,1,1,2.46411910124573,0.984354235436433,1,0.00787483388349146,1,0,"low MOD",0.454201053910846,"low"
670,1,1,3.91132461976738,0.55915345869957,1,0.00447322766959656,1,0,"high MOD",0.677633042809691,"high"
671,1,1,2.03088211241509,0.973039048683887,1,0.0077843123894711,1,0,"low MOD",0.387570099050905,"no"
672,1,1,3.35016321477483,0.686141853212964,1,0.00548913482570371,1,0,"high MOD",0.591066078851734,"low"
673,1,1,2.86907512167309,0.978965038697109,1,0.00783172030957686,1,0,"low MOD",0.516511929416727,"low"
674,1,1,3.97122618088217,0.614435824063721,1,0.00491548659250976,1,0,"high MOD",0.68674660784514,"high"
675,1,1,2.93482156609603,0.736344728746023,1,0.00589075782996818,1,0,"low MOD",0.527074681438627,"low"
676,1,1,2.3232835577949,0.691096715315079,1,0.00552877372252063,1,0,"low MOD",0.433075445724788,"low"
677,1,1,2.2543916000084,0.884040574634186,1,0.00707232459707348,1,0,"low MOD",0.422120478940429,"low"
678,1,1,3.91178142533021,0.812509251791377,1,0.00650007401433102,1,0,"high MOD",0.677235586816724,"high"
679,1,1,2.09239493673189,0.731876924816483,1,0.00585501539853186,1,0,"low MOD",0.397478832866783,"no"
680,1,1,1.92738267071216,0.573992135254268,1,0.00459193708203414,1,0,"low MOD",0.372383810013709,"no"
681,1,1,3.42443325344791,0.402715522446054,1,0.00322172417956843,1,0,"high MOD",0.603015487258239,"high"
682,1,1,3.55303892408874,0.687633240776733,1,0.00550106592621386,1,0,"high MOD",0.622274973107603,"high"
683,1,1,3.63208128903063,0.64262668219795,1,0.0051410134575836,1,0,"high MOD",0.634518425976039,"high"
684,1,1,3.83456964177126,0.45639934097928,1,0.00365119472783423,1,0,"high MOD",0.666014284566078,"high"
685,1,1,3.27906525970805,0.593806006235285,1,0.00475044804988228,1,0,"high MOD",0.580298398097419,"low"
686,1,1,3.263210412325,0.687055143984207,1,0.00549644115187365,1,0,"high MOD",0.577687038553414,"low"
687,1,1,1.96835288729622,0.609221399291896,1,0.00487377119433517,1,0,"low MOD",0.37862188161611,"no"
688,1,1,2.42430504835345,0.377104057790279,1,0.00301683246232223,1,0,"low MOD",0.44919689225538,"low"
689,1,1,3.40995104854421,0.719707015886308,1,0.00575765612709046,1,0,"high MOD",0.600202240669781,"high"
690,1,1,2.91943810651715,0.64437451223007,1,0.00515499609784056,1,0,"low MOD",0.524877786518521,"low"
691,1,1,3.26008278425441,0.75480743555898,1,0.00603845948447183,1,0,"high MOD",0.577080783850415,"low"
692,1,1,3.83034112717436,0.713122619093867,1,0.00570498095275093,1,0,"high MOD",0.664889793191574,"high"
693,1,1,2.16078776188197,0.75924242776713,1,0.00607393942213704,1,0,"low MOD",0.407950285038272,"low"
694,1,1,1.8107026095065,0.632452189966054,1,0.00505961751972843,1,0,"low MOD",0.354325105111832,"no"
695,1,1,1.80836113247845,0.766838553264434,1,0.00613470842611547,1,0,"low MOD",0.353716779975274,"no"
696,1,1,3.8177130281304,0.663204463424892,1,0.00530563570739913,1,0,"high MOD",0.663039165318354,"high"
697,1,1,2.6809575978093,0.688635452860502,1,0.00550908362288401,1,0,"low MOD",0.488106764980765,"low"
698,1,1,3.23406462482111,0.743453110570137,1,0.00594762488456109,1,0,"high MOD",0.573098951922195,"low"
699,1,1,3.37434304111887,0.778419308262461,1,0.00622735446609969,1,0,"high MOD",0.59461569375688,"low"
700,1,1,2.7429074991476,0.486107438309535,1,0.00388885950647628,1,0,"low MOD",0.498011416905829,"low"
701,1,1,3.42467371768979,0.731063212173653,1,0.00584850569738922,1,0,"high MOD",0.602446301406724,"high"
702,1,1,1.80368475930754,0.833505293940416,1,0.00666804235152333,1,0,"low MOD",0.352874260889269,"no"
703,1,1,2.35552138632934,0.747685307433445,1,0.00598148245946756,1,0,"low MOD",0.437930640406175,"low"
704,1,1,3.18694425219792,0.62171742901696,1,0.00497373943213568,1,0,"high MOD",0.566074406623034,"low"
705,1,1,4.31114075264804,0.837855752669967,1,0.00670284602135973,1,0,"high MOD",0.738628689787077,"high"
706,1,1,3.37063549841336,0.863143847300397,1,0.00690515077840317,1,0,"high MOD",0.593888888037808,"low"
707,1,1,1.79208735935537,0.854886822877531,1,0.00683909458302024,1,0,"low MOD",0.351050571920129,"no"
708,1,1,3.30686280319366,0.990310325489714,1,0.00792248260391771,1,0,"high MOD",0.583842935275043,"low"
709,1,1,2.26861990024369,0.722561545213614,1,0.00578049236170891,1,0,"low MOD",0.424607563338635,"low"
710,1,1,2.6809269944838,0.58221740706293,1,0.00465773925650343,1,0,"low MOD",0.488298520861392,"low"
711,1,1,2.58050068692913,0.521073367650101,1,0.00416858694120081,1,0,"low MOD",0.472961201002666,"low"
712,1,1,3.35677516950929,0.148184632148691,1,0.00118547705718953,1,0,"high MOD",0.593076454449771,"low"
713,1,1,3.31475358668785,0.597896171100901,1,0.00478316936880721,1,0,"high MOD",0.585781358866867,"low"
714,1,1,2.03187257577954,0.558444041066849,1,0.00446755232853479,1,0,"low MOD",0.38848788419796,"no"
715,1,1,3.30506180017326,0.69296762987215,1,0.00554374103897719,1,0,"high MOD",0.58411479824843,"low"
716,1,1,2.99417499680556,0.857741979907905,1,0.00686193583926323,1,0,"low MOD",0.535981860468718,"low"
717,1,1,2.93511699405135,0.891720854298647,1,0.00713376683438917,1,0,"low MOD",0.526833283661503,"low"
718,1,1,3.22428753778852,0.7874426792144,1,0.00629954143371519,1,0,"high MOD",0.571513573175069,"low"
719,1,1,2.25346858816563,0.360411228488221,1,0.00288328982790576,1,0,"low MOD",0.422945177449811,"low"
720,1,1,2.65232067915651,0.706525161811235,1,0.00565220129448988,1,0,"low MOD",0.483668058033043,"low"
721,1,1,3.80209360731992,0.550779186458583,1,0.00440623349166866,1,0,"high MOD",0.660843731858834,"high"
722,1,1,3.13069399276632,0.695702102368007,1,0.00556561681894406,1,0,"high MOD",0.557283933467369,"low"
723,1,1,2.86235751289068,0.803444773562339,1,0.00642755818849871,1,0,"low MOD",0.515802488555067,"low"
724,1,1,3.36252149768716,0.744489845873411,1,0.00595591876698728,1,0,"high MOD",0.592859633774873,"low"
725,1,1,2.6738030293804,0.866084960633188,1,0.0069286796850655,1,0,"low MOD",0.486678463054276,"low"
726,1,1,2.99837442799185,0.975904163397112,1,0.00780723330717689,1,0,"low MOD",0.536409781235551,"low"
727,1,1,3.41989909196645,0.827751011937015,1,0.00662200809549611,1,0,"high MOD",0.601533243049725,"high"
728,1,1,3.118297229996,0.93583361185317,1,0.00748666889482535,1,0,"high MOD",0.554933419485195,"low"
729,1,1,2.69247360457997,0.290238080136392,1,0.00232190464109113,1,0,"low MOD",0.490613961172051,"low"
730,1,1,2.60008985525919,0.62521480117803,1,0.00500171840942423,1,0,"low MOD",0.475782658099239,"low"
731,1,1,2.47912904025877,0.658473626941409,1,0.00526778901553126,1,0,"low MOD",0.457111901036226,"low"
732,1,1,2.49227724828737,0.710595613568125,1,0.00568476490854499,1,0,"low MOD",0.459038477065316,"low"
733,1,1,2.65199629581699,0.942460705513144,1,0.00753968564410515,1,0,"low MOD",0.483182579592436,"low"
734,1,1,3.00868101334894,0.851149687871303,1,0.00680919750297042,1,0,"high MOD",0.538225725706844,"low"
735,1,1,3.59054517670337,0.81360988136119,1,0.00650887905088952,1,0,"high MOD",0.627812593558006,"high"
736,1,1,3.96904269458235,0.700704942338658,1,0.00560563953870926,1,0,"high MOD",0.686251420811429,"high"
737,1,1,2.46647076483634,0.929492011767952,1,0.00743593609414361,1,0,"low MOD",0.454664132414635,"low"
738,1,1,2.25694884348368,0.718230679203934,1,0.00574584543363147,1,0,"low MOD",0.422820011589728,"low"
739,1,1,2.41153146356737,0.436785385510308,1,0.00349428308408246,1,0,"low MOD",0.4471215444525,"low"
740,1,1,3.40158969719086,0.664675114885686,1,0.00531740091908549,1,0,"high MOD",0.599017476278804,"low"
741,1,1,2.70886729431505,0.741585315871935,1,0.00593268252697548,1,0,"low MOD",0.492302810849936,"low"
742,1,1,3.86623242385298,0.842408891969181,1,0.00673927113575345,1,0,"high MOD",0.670172848792207,"high"
743,1,1,3.73737073485347,0.906660988416141,1,0.00725328790732913,1,0,"high MOD",0.650229354306536,"high"
744,1,1,3.8672320417032,0.962558917823723,1,0.00770047134258978,1,0,"high MOD",0.670104820721434,"high"
745,1,1,3.36496793292003,0.344931646215741,1,0.00275945316972593,1,0,"high MOD",0.593973654333145,"low"
746,1,1,2.74335379692643,0.760560799523568,1,0.00608448639618854,1,0,"low MOD",0.497573394974176,"low"
747,1,1,3.26543049524582,0.649699337265657,1,0.00519759469812526,1,0,"high MOD",0.578097554338251,"low"
748,1,1,1.92280276964771,0.903725375256081,1,0.00722980300204864,1,0,"low MOD",0.371070471560713,"no"
749,1,1,2.99328531812275,0.695984219230351,1,0.0055678737538428,1,0,"low MOD",0.536143616537229,"low"
750,1,1,1.77723741506962,0.856042781662963,1,0.0068483422533037,1,0,"low MOD",0.348763831029179,"no"
751,1,1,1.52990592813059,0.816210993526671,1,0.00652968794821336,1,0,"low MOD",0.310786368647426,"no"
752,1,1,3.53325840268186,0.888682937848797,1,0.00710946350279038,1,0,"high MOD",0.618860647296565,"high"
753,1,1,2.02831385561072,0.695241106827382,1,0.00556192885461905,1,0,"low MOD",0.387687840358275,"no"
754,1,1,2.89348178000694,0.638784829680903,1,0.00511027863744722,1,0,"low MOD",0.520894824930887,"low"
755,1,1,2.91834254106632,0.896398419126544,1,0.00717118735301235,1,0,"low MOD",0.524243963082584,"low"
756,1,1,3.26744934446895,0.857809718503465,1,0.00686247774802771,1,0,"high MOD",0.578023942745678,"low"
757,1,1,2.13990079908376,0.677950181053712,1,0.00542360144842969,1,0,"low MOD",0.404886984140172,"low"
758,1,1,1.47742953280046,0.519661544063289,1,0.00415729235250631,1,0,"low MOD",0.303260552964878,"no"
759,1,1,2.98522089236928,0.65747218625274,1,0.00525977749002192,1,0,"low MOD",0.534974034789884,"low"
760,1,1,2.58522186058244,0.68602301484047,1,0.00548818411872375,1,0,"low MOD",0.473383012985285,"low"
761,1,1,3.72786972996169,0.747576565103131,1,0.00598061252082504,1,0,"high MOD",0.649061355566223,"high"
762,1,1,3.17867440881866,0.415439306695606,1,0.00332351445356485,1,0,"high MOD",0.565182944175125,"low"
763,1,1,1.79790087525589,0.865561179237897,1,0.00692448943390317,1,0,"low MOD",0.351925252477698,"no"
764,1,1,1.48439746273054,0.894550342221844,1,0.00715640273777475,1,0,"low MOD",0.303640439788289,"no"
765,1,1,3.25530838715238,0.531082597843061,1,0.00424866078274449,1,0,"high MOD",0.576759291688964,"low"
766,1,1,2.58947288006691,0.844070567608949,1,0.00675256454087159,1,0,"low MOD",0.473745235885477,"low"
767,1,1,3.11812955135688,0.910485307432946,1,0.00728388245946356,1,0,"high MOD",0.554954419641182,"low"
768,1,1,2.90853033059351,0.859684586723444,1,0.00687747669378755,1,0,"low MOD",0.522802171623513,"low"
769,1,1,1.78744381347133,0.82312553413833,1,0.00658500427310663,1,0,"low MOD",0.350394816471026,"no"
770,1,1,2.55425151932831,0.591663860211219,1,0.00473331088168975,1,0,"low MOD",0.468792546616273,"low"
771,1,1,3.01004170607892,0.759853745432527,1,0.00607882996346021,1,0,"high MOD",0.538603609405189,"low"
772,1,1,4.33831901192937,0.953375736948715,1,0.00762700589558972,1,0,"high MOD",0.742596692782459,"high"
773,1,1,3.03717323409323,0.798110071750557,1,0.00638488057400445,1,0,"high MOD",0.542707063574189,"low"
774,1,1,2.8117624197611,0.782861541197988,1,0.0062628923295839,1,0,"low MOD",0.508056627887189,"low"
775,1,1,3.43684243303859,0.766226320845079,1,0.00612981056676062,1,0,"high MOD",0.604253494952068,"high"
776,1,1,3.48954540122418,0.448590450522584,1,0.00358872360418067,1,0,"high MOD",0.61294804858737,"high"
777,1,1,2.9608464077835,0.83495998252066,1,0.00667967986016527,1,0,"low MOD",0.530896444306654,"low"
778,1,1,1.9678770196497,0.893473821919711,1,0.00714779057535768,1,0,"low MOD",0.37802389750564,"no"
779,1,1,1.95330613850892,0.821135770612967,1,0.00656908616490373,1,0,"low MOD",0.375915770655625,"no"
780,1,1,3.10172915163616,0.74658043109296,1,0.00597264344874368,1,0,"high MOD",0.552733874840468,"low"
781,1,1,2.45517588193483,0.596559371760862,1,0.00477247497408689,1,0,"low MOD",0.453541102995953,"low"
782,1,1,2.35340962724605,0.183128601413027,1,0.00146502881130421,1,0,"low MOD",0.438648012927553,"low"
783,1,1,1.78780154622591,0.82981026231546,1,0.00663848209852368,1,0,"low MOD",0.350437511242788,"no"
784,1,1,2.34892841318525,0.809894796992025,1,0.0064791583759362,1,0,"low MOD",0.436801488557131,"low"
785,1,1,3.42439392859427,0.676356102846698,1,0.00541084882277358,1,0,"high MOD",0.602504254670786,"high"
786,1,1,3.36463839811822,0.900756015272872,1,0.00720604812218297,1,0,"high MOD",0.592896819374607,"low"
787,1,1,3.255857656403,0.736908061172605,1,0.00589526448938083,1,0,"high MOD",0.576463809179835,"low"
788,1,1,2.91748085915915,0.793865048762401,1,0.00635092039009921,1,0,"low MOD",0.524300689011384,"low"
789,1,1,4.37943478055401,0.71096981173158,1,0.00568775849385264,1,0,"high MOD",0.749369714278959,"high"
790,1,1,2.26313675629087,0.62330094360291,1,0.00498640754882328,1,0,"low MOD",0.423947253071943,"low"
791,1,1,2.40191230697329,0.564777292542916,1,0.00451821834034332,1,0,"low MOD",0.445405381455812,"low"
792,1,1,3.93957989000195,0.314818351072187,1,0.0025185468085775,1,0,"high MOD",0.68243108765986,"high"
793,1,1,1.7810179968072,0.799741166335452,1,0.00639792933068361,1,0,"low MOD",0.349449400432489,"no"
794,1,1,3.66485811773516,0.732330070746856,1,0.00585864056597485,1,0,"high MOD",0.639395408751723,"high"
795,1,1,2.77735223929506,0.809689468029813,1,0.0064775157442385,1,0,"low MOD",0.502713225489032,"low"
796,1,1,3.40508638990659,0.447523962716211,1,0.00358019170172969,1,0,"high MOD",0.599956323439076,"low"
797,1,1,3.67298902978345,0.998818922110506,1,0.00799055137688405,1,0,"high MOD",0.640154338879712,"high"
798,1,1,2.2997875490407,0.777221140868176,1,0.0062177691269454,1,0,"low MOD",0.429301676207735,"low"
799,1,1,3.27846352309196,0.575831992217864,1,0.00460665593774291,1,0,"high MOD",0.580239006028515,"low"
800,1,1,3.30114846236698,0.729506931241783,1,0.00583605544993426,1,0,"high MOD",0.583445289106474,"low"
801,1,1,3.25067771446344,0.611572854027227,1,0.00489258283221781,1,0,"high MOD",0.575898283110017,"low"
802,1,1,3.15228718732067,0.80397252006864,1,0.00643178016054911,1,0,"high MOD",0.560406079550746,"low"
803,1,1,4.65690528562772,0.733993917010316,1,0.00587195133608253,1,0,"high MOD",0.792014978249785,"high"
804,1,1,3.00042783331221,0.648035240714989,1,0.0051842819257199,1,0,"high MOD",0.53733098621902,"low"
805,1,1,2.88853181818598,0.773334832475053,1,0.00618667865980042,1,0,"low MOD",0.519884892337889,"low"
806,1,1,3.47884616033324,0.581356740350175,1,0.0046508539228014,1,0,"high MOD",0.611056904530622,"high"
807,1,1,2.68748996138841,0.558837251073109,1,0.00447069800858487,1,0,"low MOD",0.489351371442389,"low"
808,1,1,3.21364132844994,0.687478889070977,1,0.00549983111256781,1,0,"high MOD",0.570060243350937,"low"
809,1,1,2.66259529894835,0.638104128659876,1,0.00510483302927901,1,0,"low MOD",0.485375084523758,"low"
810,1,1,2.59129677828955,0.97708364381558,1,0.00781666915052463,1,0,"low MOD",0.473780273009809,"low"
811,1,1,2.67086963488704,0.782276103577227,1,0.00625820882861781,1,0,"low MOD",0.486381895637557,"low"
812,1,1,3.07145637857361,0.798517193285193,1,0.00638813754628154,1,0,"high MOD",0.547980641885259,"low"
813,1,1,3.5444010213662,0.937896272783223,1,0.00750317018226578,1,0,"high MOD",0.620484040937355,"high"
814,1,1,3.12852832574879,0.630445895636167,1,0.00504356716508933,1,0,"high MOD",0.557071226923255,"low"
815,1,1,2.66657596045027,0.750125023570141,1,0.00600100018856113,1,0,"low MOD",0.485780686179605,"low"
816,1,1,3.11914762699003,0.723643056936022,1,0.00578914445548817,1,0,"high MOD",0.555455986201045,"low"
817,1,1,3.54828326818312,0.486063577707067,1,0.00388850862165653,1,0,"high MOD",0.621915462346252,"high"
818,1,1,2.25322633427202,0.672482628349359,1,0.00537986102679487,1,0,"low MOD",0.422331775804897,"low"
819,1,1,2.31236789528633,0.491016622502531,1,0.00392813298002025,1,0,"low MOD",0.431765491664046,"low"
820,1,1,3.33905998156413,0.918628458051871,1,0.00734902766441497,1,0,"high MOD",0.588928683087309,"low"
821,1,1,3.2495263903471,0.521951952284936,1,0.00417561561827948,1,0,"high MOD",0.575886610295335,"low"
822,1,1,3.267179592521,0.79122122492142,1,0.00632976979937136,1,0,"high MOD",0.578105375049529,"low"
823,1,1,3.08054559680042,0.489389462553589,1,0.00391511570042871,1,0,"high MOD",0.549949680499965,"low"
824,1,1,2.12287381017281,0.795522208504604,1,0.00636417766803683,1,0,"low MOD",0.402050391333963,"low"
825,1,1,2.69289439973784,0.543260467276867,1,0.00434608373821493,1,0,"low MOD",0.490211580635464,"low"
826,1,1,2.38242516080195,0.976497932106854,1,0.00781198345685482,1,0,"low MOD",0.441647259325641,"low"
827,1,1,2.28005201850647,0.671988977071507,1,0.00537591181657205,1,0,"low MOD",0.426459715504864,"low"
828,1,1,2.8224100360469,0.801154044363284,1,0.00640923235490627,1,0,"low MOD",0.509660951925315,"low"
829,1,1,2.95606983291967,0.986021444487101,1,0.0078881715558968,1,0,"low MOD",0.52988270393628,"low"
830,1,1,2.73077255796282,0.418164098405293,1,0.00334531278724234,1,0,"low MOD",0.496269936735686,"low"
831,1,1,2.44193706517518,0.876800813771048,1,0.00701440651016838,1,0,"low MOD",0.450986993139989,"low"
832,1,1,3.1175798175923,0.980747324855185,1,0.00784597859884147,1,0,"high MOD",0.55474013072216,"low"
833,1,1,3.8682438004903,0.732589576807237,1,0.00586071661445789,1,0,"high MOD",0.670685034702863,"high"
834,1,1,3.12591328699532,0.88453223465348,1,0.00707625787722784,1,0,"high MOD",0.556199830796843,"low"
835,1,1,2.74675461743069,0.851338388150346,1,0.00681070710520276,1,0,"low MOD",0.49792900873429,"low"
836,1,1,3.95665159914782,0.71486224797756,1,0.00571889798382048,1,0,"high MOD",0.684318961872629,"high"
837,1,1,3.98851858452786,0.499875652602359,1,0.00399900522081887,1,0,"high MOD",0.689618473337943,"high"
838,1,1,2.94230770930862,0.847528459075176,1,0.00678022767260141,1,0,"low MOD",0.528021133507649,"low"
839,1,1,2.44993175769885,0.768612975092343,1,0.00614890380073874,1,0,"low MOD",0.452416677230421,"low"
840,1,1,3.2339477071651,0.422835232853474,1,0.00338268186282779,1,0,"high MOD",0.573672874518594,"low"
841,1,1,2.84137988057362,0.901317583113134,1,0.00721054066490506,1,0,"low MOD",0.512394472242502,"low"
842,1,1,3.70656070971181,0.620191232562662,1,0.00496152986050129,1,0,"high MOD",0.646018217680163,"high"
843,1,1,3.73042434938682,0.861960082777449,1,0.00689568066221959,1,0,"high MOD",0.649243204368229,"high"
844,1,1,3.38330464410991,0.711927282487538,1,0.0056954182599003,1,0,"high MOD",0.59611715641847,"low"
845,1,1,4.33615959332764,0.700461690640535,1,0.00560369352512428,1,0,"high MOD",0.742731392775377,"high"
846,1,1,2.61248891593017,0.853733959032075,1,0.0068298716722566,1,0,"low MOD",0.477268324372582,"low"
847,1,1,3.66406127924224,0.890934199366501,1,0.007127473594932,1,0,"high MOD",0.638980010592284,"high"
848,1,1,3.76707068334637,0.622247182031336,1,0.00497797745625069,1,0,"high MOD",0.655323648794154,"high"
849,1,1,2.91001378851826,0.617746155556773,1,0.00494196924445418,1,0,"low MOD",0.523477051484858,"low"
850,1,1,2.56970745959397,0.925248756378967,1,0.00740199005103173,1,0,"low MOD",0.470554534541141,"low"
851,1,1,2.75412342008081,0.745018207297803,1,0.00596014565838242,1,0,"low MOD",0.499258954091267,"low"
852,1,1,2.61675291737584,0.932257932642767,1,0.00745806346114213,1,0,"low MOD",0.477779357259096,"low"
853,1,1,4.1070712823089,0.800769996412534,1,0.00640615997130026,1,0,"high MOD",0.70730185266953,"high"
854,1,1,2.8290335634778,0.945818059153172,1,0.00756654447322537,1,0,"low MOD",0.510412884118148,"low"
855,1,1,3.89762569589883,0.251785608124551,1,0.00201428486499641,1,0,"high MOD",0.676092964400205,"high"
856,1,1,3.45501800587332,0.991249713890459,1,0.00792999771112367,1,0,"high MOD",0.606634309124097,"high"
857,1,1,3.00295851421654,0.878726609769868,1,0.00702981287815894,1,0,"high MOD",0.537294429984509,"low"
858,1,1,2.20476732669912,0.854055998190628,1,0.00683244798552502,1,0,"low MOD",0.414541331495513,"low"
859,1,1,2.53853626713511,0.729100110288567,1,0.00583280088230853,1,0,"low MOD",0.466121087047946,"low"
860,1,1,3.07011219134689,0.764295238762067,1,0.00611436191009653,1,0,"high MOD",0.547837022843345,"low"
861,1,1,3.38863445934896,0.671346548459449,1,0.00537077238767559,1,0,"high MOD",0.597012046271915,"low"
862,1,1,2.93471412170615,0.5672648517804,1,0.0045381188142432,1,0,"low MOD",0.527370298997659,"low"
863,1,1,3.8054907996088,0.828785962801596,1,0.00663028770241276,1,0,"high MOD",0.660853133546951,"high"
864,1,1,2.39358133777854,0.963734386784938,1,0.0077098750942795,1,0,"low MOD",0.443387157713403,"low"
865,1,1,3.6238218740635,0.863973502306671,1,0.00691178801845336,1,0,"high MOD",0.632839106467048,"high"
866,1,1,3.44694731591506,0.588682429900604,1,0.00470945943920483,1,0,"high MOD",0.606135865654807,"high"
867,1,1,3.15282637792796,0.618363577356091,1,0.00494690861884872,1,0,"high MOD",0.560831694615336,"low"
868,1,1,3.69858696242283,0.867630199896427,1,0.00694104159917141,1,0,"high MOD",0.644334676926781,"high"
869,1,1,3.2686727586766,0.417044434174062,1,0.00333635547339249,1,0,"high MOD",0.579025880841002,"low"
870,1,1,3.59300233074507,0.402723109220621,1,0.00322178487376496,1,0,"high MOD",0.628949177451449,"high"
871,1,1,2.95316273983941,0.807592401908744,1,0.00646073921526995,1,0,"low MOD",0.529764866310232,"low"
872,1,1,3.41028072038139,0.694383247808032,1,0.00555506598246425,1,0,"high MOD",0.600299710985799,"high"
873,1,1,3.42965053350642,0.625133502754516,1,0.00500106802203613,1,0,"high MOD",0.60340752791898,"high"
874,1,1,3.24955684110053,0.677709252089429,1,0.00542167401671543,1,0,"high MOD",0.575603743088532,"low"
875,1,1,3.23567205871767,0.826676356155049,1,0.00661341084924039,1,0,"high MOD",0.573192606529817,"low"
876,1,1,3.00536540473013,0.944818941061576,1,0.0075585515284926,1,0,"high MOD",0.537542704221137,"low"
877,1,1,2.74652457594598,0.804315983294296,1,0.00643452786635436,1,0,"low MOD",0.497980428330223,"low"
878,1,1,3.94216106325825,0.543345043031221,1,0.00434676034424976,1,0,"high MOD",0.682406295806442,"high"
879,1,1,2.31402229288282,0.696778851816506,1,0.00557423081453205,1,0,"low MOD",0.431640145640157,"low"
880,1,1,3.66580470573326,0.742680781504549,1,0.00594144625203639,1,0,"high MOD",0.639521928670031,"high"
881,1,1,3.68973300020729,0.785121474700057,1,0.00628097179760045,1,0,"high MOD",0.643124852693983,"high"
882,1,1,3.68095813687751,0.717470079901726,1,0.0057397606392138,1,0,"high MOD",0.641899768602876,"high"
883,1,1,3.34673471336119,0.899316940402147,1,0.00719453552321717,1,0,"high MOD",0.590145063088671,"low"
884,1,1,3.29478669583239,0.808323998094487,1,0.00646659198475589,1,0,"high MOD",0.582321047362348,"low"
885,1,1,2.53107833274844,0.683297275153903,1,0.00546637820123122,1,0,"low MOD",0.465058271607168,"low"
886,1,1,4.37314845977369,0.597799990935843,1,0.00478239992748674,1,0,"high MOD",0.748611516904994,"high"
887,1,1,4.00451532287842,0.936017691604605,1,0.00748814153283683,1,0,"high MOD",0.691274324704487,"high"
888,1,1,2.79329248365474,0.963406094341506,1,0.00770724875473204,1,0,"low MOD",0.504881786234252,"low"
889,1,1,3.35384854997775,0.578070354580364,1,0.00462456283664291,1,0,"high MOD",0.591832570111198,"low"
890,1,1,4.0733087996162,0.54267377288249,1,0.00434139018305992,1,0,"high MOD",0.702584109898709,"high"
891,1,1,2.20505287602851,0.49721808778803,1,0.00397774470230424,1,0,"low MOD",0.415244039842316,"low"
892,1,1,3.72300793957946,0.863676753571867,1,0.00690941402857493,1,0,"high MOD",0.64809904900563,"high"
893,1,1,2.78158454807323,0.897242661962458,1,0.00717794129569966,1,0,"low MOD",0.50320271325072,"low"
894,1,1,2.67609532157917,0.926770132413204,1,0.00741416105930563,1,0,"low MOD",0.486919089229264,"low"
895,1,1,1.91108980669492,0.629196406936485,1,0.00503357125549188,1,0,"low MOD",0.369775299971029,"no"
896,1,1,2.73540425540839,0.561778272341062,1,0.00449422617872849,1,0,"low MOD",0.496717371713891,"low"
897,1,1,2.10591410517458,0.581355425624225,1,0.0046508434049938,1,0,"low MOD",0.399836590779552,"no"
898,1,1,2.88287958723115,0.95549509121298,1,0.00764396072970384,1,0,"low MOD",0.518679022482552,"low"
899,1,1,2.49790615417836,0.56340121306826,1,0.00450720970454608,1,0,"low MOD",0.460176206095622,"low"
900,1,1,2.4611704872991,0.516607514694366,1,0.00413286011755493,1,0,"low MOD",0.454610953403502,"low"
901,1,1,2.10403536661896,0.45534145391527,1,0.00364273163132216,1,0,"low MOD",0.399780195257227,"no"
902,1,1,2.30345730334754,0.857096947825789,1,0.0068567755826063,1,0,"low MOD",0.429718790765174,"low"
903,1,1,2.39345237639149,0.88220777238375,1,0.00705766217907,1,0,"low MOD",0.443517828172751,"low"
904,1,1,2.765331875321,0.943600465509117,1,0.00754880372407293,1,0,"low MOD",0.500616718420753,"low"
905,1,1,1.7955152609847,0.577892785947327,1,0.00462314228757861,1,0,"low MOD",0.352089315008205,"no"
906,1,1,2.25768117093782,0.727923856668641,1,0.00582339085334913,1,0,"low MOD",0.422914782255046,"low"
907,1,1,2.42975305345797,0.695143093356747,1,0.00556114474685397,1,0,"low MOD",0.449447897898106,"low"
908,1,1,1.83450509324668,0.303956659625293,1,0.00243165327700235,1,0,"low MOD",0.358593478974027,"no"
909,1,1,2.74819693655942,0.446431876354232,1,0.00357145501083385,1,0,"low MOD",0.498898423698949,"low"
910,1,1,1.79904037332112,0.788586357536879,1,0.00630869086029503,1,0,"low MOD",0.35224266723549,"no"
911,1,1,3.76679064697373,0.381196537638739,1,0.00304957230110991,1,0,"high MOD",0.655725582849549,"high"
912,1,1,1.6553888854325,0.966989920610058,1,0.00773591936488046,1,0,"low MOD",0.329813077905412,"no"
913,1,1,2.37063887250687,0.851224407347746,1,0.00680979525878196,1,0,"low MOD",0.440065258402877,"low"
914,1,1,1.98719666600383,0.860045856574096,1,0.00688036685259276,1,0,"low MOD",0.381057863957683,"no"
915,1,1,2.44431621478792,0.775001994601024,1,0.00620001595680819,1,0,"low MOD",0.451540952438879,"low"
916,1,1,1.50589258472706,0.752605802653679,1,0.00602084642122943,1,0,"low MOD",0.307209433091572,"no"
917,1,1,3.43084340079239,0.423111652534652,1,0.00338489322027722,1,0,"high MOD",0.603964009378766,"high"
918,1,1,2.60864170153386,0.763040146613931,1,0.00610432117291145,1,0,"low MOD",0.476843879965306,"low"
919,1,1,3.59098637975847,0.608363327897308,1,0.00486690662317846,1,0,"high MOD",0.628259387665186,"high"
920,1,1,2.0281125451616,0.276699985197543,1,0.00221359988158034,1,0,"low MOD",0.38842956082142,"no"
921,1,1,2.8508866461345,0.612187426651514,1,0.00489749941321211,1,0,"low MOD",0.514390830309951,"low"
922,1,1,3.59896877557639,0.786407217889763,1,0.0062912577431181,1,0,"high MOD",0.629158752147955,"high"
923,1,1,4.05687570135913,0.974569398260707,1,0.00779655518608565,1,0,"high MOD",0.699258595166155,"high"
924,1,1,2.88295304373614,0.829346353954431,1,0.00663477083163545,1,0,"low MOD",0.518923213459798,"low"
925,1,1,3.41414251315412,0.925252464683344,1,0.00740201971746675,1,0,"high MOD",0.600467612858142,"high"
926,1,1,3.08202148310124,0.735308775846362,1,0.00588247020677089,1,0,"high MOD",0.549722735044782,"low"
927,1,1,2.84339811773889,0.640239504034203,1,0.00512191603227362,1,0,"low MOD",0.513186960567766,"low"
928,1,1,3.19511311761465,0.579079473797997,1,0.00463263579038397,1,0,"high MOD",0.567409871373704,"low"
929,1,1,3.04296844659746,0.313010760522057,1,0.00250408608417646,1,0,"high MOD",0.544494202687876,"low"
930,1,1,3.24892377147788,0.832527747717144,1,0.00666022198173714,1,0,"high MOD",0.575220529000811,"low"
931,1,1,4.13992894919318,0.432961893823358,1,0.00346369515058686,1,0,"high MOD",0.713035908687277,"high"
932,1,1,1.98684597087587,0.550259001104692,1,0.00440207200883753,1,0,"low MOD",0.381575825055786,"no"
933,1,1,3.82705424328139,0.929169446975765,1,0.00743335557580612,1,0,"high MOD",0.663985263064258,"high"
934,1,1,3.08077356656586,0.790390429499615,1,0.00632312343599692,1,0,"high MOD",0.549429058678749,"low"
935,1,1,4.04352887371433,0.579089342147368,1,0.00463271473717894,1,0,"high MOD",0.697935354093625,"high"
936,1,1,3.64180001677174,0.749800923206877,1,0.00599840738565501,1,0,"high MOD",0.63581575472204,"high"
937,1,1,1.57665840216233,0.72824008174273,1,0.00582592065394184,1,0,"low MOD",0.318141464797141,"no"
938,1,1,3.82651570301925,0.583069183707844,1,0.00466455346966275,1,0,"high MOD",0.664541365048424,"high"
939,1,1,3.04822719736239,0.77777961033054,1,0.00622223688264432,1,0,"high MOD",0.54444520646745,"low"
940,1,1,2.09989786172929,0.794520106234974,1,0.00635616084987979,1,0,"low MOD",0.398517480069918,"no"
941,1,1,3.31148252709736,0.936795382234085,1,0.00749436305787267,1,0,"high MOD",0.584652458847778,"low"
942,1,1,3.584303604665,0.769141844051023,1,0.00615313475240818,1,0,"high MOD",0.62693444654406,"high"
943,1,1,2.61701797746205,0.866444299445066,1,0.00693155439556053,1,0,"low MOD",0.477941637825955,"low"
944,1,1,3.17243672169917,0.532913621090663,1,0.0042633089687253,1,0,"high MOD",0.564006424345551,"low"
945,1,1,3.1427566597032,0.847256994781849,1,0.00677805595825479,1,0,"high MOD",0.558859934733202,"low"
946,1,1,2.3290145999016,0.475907590038598,1,0.00380726072030878,1,0,"low MOD",0.434354416741713,"low"
947,1,1,2.85563558388801,0.529282757891203,1,0.00423426206312962,1,0,"low MOD",0.51527449089128,"low"
948,1,1,1.80434925865697,0.924355270536493,1,0.00739484216429194,1,0,"low MOD",0.352808768524698,"no"
949,1,1,3.10113550604472,0.845930950522251,1,0.006767447604178,1,0,"high MOD",0.552459128405915,"low"
950,1,1,3.38988940092506,0.921649957703963,1,0.0073731996616317,1,0,"high MOD",0.596743015605018,"low"
951,1,1,2.23510979477773,0.425044084552564,1,0.00340035267642051,1,0,"low MOD",0.420001425502016,"low"
952,1,1,2.42696391781956,0.938994128030986,1,0.00751195302424788,1,0,"low MOD",0.448568613582029,"low"
953,1,1,3.4951762693087,0.95363446149969,1,0.00762907569199752,1,0,"high MOD",0.612881947041646,"high"
954,1,1,3.46382652990145,0.619454375607445,1,0.00495563500485955,1,0,"high MOD",0.60867585806064,"high"
955,1,1,3.51887172724866,0.880366064422525,1,0.0070429285153802,1,0,"high MOD",0.616662666842398,"high"
956,1,1,3.42090661743655,0.537507445495649,1,0.00430005956396519,1,0,"high MOD",0.602224081244708,"high"
957,1,1,3.92806415001948,0.814333084467023,1,0.00651466467573618,1,0,"high MOD",0.679737254308597,"high"
958,1,1,2.84803390324385,0.395008096373158,1,0.00316006477098526,1,0,"low MOD",0.514352893244212,"low"
959,1,1,1.71186234649139,0.833613792102763,1,0.0066689103368221,1,0,"low MOD",0.338747535536332,"no"
960,1,1,3.08180056142727,0.756605623036001,1,0.00605284498428801,1,0,"high MOD",0.549649429838591,"low"
961,1,1,4.01678784431541,0.936879320476036,1,0.00749503456380828,1,0,"high MOD",0.693160814226107,"high"
962,1,1,2.6172111016949,0.592244762330934,1,0.00473795809864747,1,0,"low MOD",0.478477563776451,"low"
963,1,1,1.87899490783962,0.469045096649319,1,0.00375236077319455,1,0,"low MOD",0.365133287181513,"no"
964,1,1,2.76439812967573,0.610930857183195,1,0.00488744685746555,1,0,"low MOD",0.501087224521466,"low"
965,1,1,3.29765104480313,0.591252287411356,1,0.00473001829929085,1,0,"high MOD",0.583162464208338,"low"
966,1,1,2.91971867058144,0.526840910765271,1,0.00421472728612216,1,0,"low MOD",0.525137935331117,"low"
967,1,1,2.86803624028819,0.731615862367509,1,0.00585292689894007,1,0,"low MOD",0.516808746144582,"low"
968,1,1,4.31152618796216,0.640276682295628,1,0.00512221345836502,1,0,"high MOD",0.739052748888402,"high"
969,1,1,3.40725242361706,0.714384031214174,1,0.00571507224971339,1,0,"high MOD",0.599796894652691,"low"
970,1,1,2.41549406071547,0.663083662134079,1,0.00530466929707263,1,0,"low MOD",0.447313393349209,"low"
971,1,1,2.96765418585356,0.870828755069603,1,0.00696663004055682,1,0,"low MOD",0.531877575506573,"low"
972,1,1,4.01168213342724,0.938765155942088,1,0.0075101212475367,1,0,"high MOD",0.692371838700914,"high"
973,1,1,4.23611531462473,0.739032265530775,1,0.00591225812424619,1,0,"high MOD",0.72726875806744,"high"
974,1,1,2.24633110044674,0.847642120279262,1,0.0067811369622341,1,0,"low MOD",0.420947599231291,"low"
975,1,1,2.66303556861125,0.30300993619999,1,0.00242407948959992,1,0,"low MOD",0.486061453750284,"low"
976,1,1,3.49865210276463,0.827309738288326,1,0.0066184779063066,1,0,"high MOD",0.613649905523872,"high"
977,1,1,3.16712004185365,0.718191754078672,1,0.00574553403262937,1,0,"high MOD",0.562846421662262,"low"
978,1,1,1.99322782239908,0.747989790062306,1,0.00598391832049844,1,0,"low MOD",0.382192606910512,"no"
979,1,1,2.34220233203789,0.717767731064555,1,0.00574214184851643,1,0,"low MOD",0.435936787579249,"low"
980,1,1,2.4780607285019,0.614287491288524,1,0.00491429993030819,1,0,"low MOD",0.457029119785606,"low"
981,1,1,2.12409774672336,0.88532483292381,1,0.00708259866339048,1,0,"low MOD",0.402072899804351,"low"
982,1,1,3.57816610131874,0.88759776115341,1,0.00710078208922728,1,0,"high MOD",0.625771527413061,"high"
983,1,1,3.81642551248714,0.657406615805758,1,0.00525925292644606,1,0,"high MOD",0.662851789707303,"high"
984,1,1,3.68914401941077,0.763768886583865,1,0.00611015109267092,1,0,"high MOD",0.643073660426425,"high"
985,1,1,2.06767882901042,0.868524682216547,1,0.00694819745773238,1,0,"low MOD",0.393424081972895,"no"
986,1,1,2.34733590054867,0.749204779198637,1,0.0059936382335891,1,0,"low MOD",0.436668529722814,"low"
987,1,1,3.94114608255095,0.678041909148912,1,0.00542433527319129,1,0,"high MOD",0.682001473790948,"high"
988,1,1,3.97062638886032,0.760237501558121,1,0.00608190001246497,1,0,"high MOD",0.686385159821789,"high"
989,1,1,3.69572153574642,0.94961994760347,1,0.00759695958082776,1,0,"high MOD",0.643742476365412,"high"
990,1,1,3.41564977715963,0.415485184233992,1,0.00332388147387194,1,0,"high MOD",0.601640608453665,"high"
991,1,1,2.55170512126764,0.809629119057409,1,0.00647703295245926,1,0,"low MOD",0.467998395667531,"low"
992,1,1,2.62086001387518,0.867666336707686,1,0.00694133069366148,1,0,"low MOD",0.478530464282259,"low"
993,1,1,1.88994715919577,0.73657556879791,1,0.00589260455038328,1,0,"low MOD",0.366324346518492,"no"
994,1,1,2.04794912981253,0.732967444819152,1,0.00586373955855321,1,0,"low MOD",0.390639003149954,"no"
995,1,1,2.98253660134101,0.943665214280492,1,0.00754932171424393,1,0,"low MOD",0.534032710579946,"low"
996,1,1,2.87432170620904,0.748607343351966,1,0.00598885874681573,1,0,"low MOD",0.517744372013665,"low"
997,1,1,3.43888505980508,0.883373164291597,1,0.00706698531433277,1,0,"high MOD",0.604351474128243,"high"
998,1,1,4.42342283952871,0.544896860987295,1,0.00435917488789836,1,0,"high MOD",0.756443704184132,"high"
999,1,1,3.66763980117665,0.578514026029911,1,0.00462811220823928,1,0,"high MOD",0.640107328132968,"high"
1000,1,1,2.96931726149107,0.872206364816087,1,0.00697765091852869,1,0,"low MOD",0.532130890017427,"low"
